{
    "image-00005.jpg": {
        "24.953371,121.540529": [
            [
                -0.6945152128278098
            ], 
            [
                -1.2066769199951883
            ], 
            [
                -0.07450009909236109
            ]
        ]
    }, 
    "image-00122.jpg": {
        "24.952914,121.542917": [
            [
                -200.19850758624622
            ], 
            [
                145.3219750855914
            ], 
            [
                0.07976896790990029
            ]
        ]
    }, 
    "image-00120.jpg": {
        "24.952973,121.542818": [
            [
                -226.03505413997598
            ], 
            [
                157.10661908488314
            ], 
            [
                -3.152313499526734
            ]
        ]
    }
}