{"image-00122.jpg":{"24.957570,121.223829":[24.95760358520454,121.22387155748402]},"image-00096.jpg":{"24.957048,121.223564":[24.95711393911433,121.22362462655056]},"image-00048.jpg":{"24.956348,121.223231":[24.956331391800898,121.22321947968564]},"image-00110.jpg":{"24.957416,121.223748":[24.957408366338658,121.22380078299553]},"image-00090.jpg":{"24.956757,121.223425":[24.95689305108458,121.22352286167109]},"image-00109.jpg":{"24.957335,121.223705":[24.957387242137827,121.22377684617409]},"image-00002.jpg":{"24.956019,121.223081":[24.956048838416834,121.22312276402593]},"image-00117.jpg":{"24.957489,121.223786":[24.957684227667063,121.22399361407903]},"image-00041.jpg":{"24.956173,121.223151":[24.956202034661498,121.22317134510399]},"image-00091.jpg":{"24.956966,121.223525":[24.95697239157962,121.22354507414109]},"image-00043.jpg":{"24.956256,121.223189":[24.95625337982324,121.22317435361073]},"image-00073.jpg":{"24.956587,121.223344":[24.956547686959006,121.22332619252649]},"image-00005.jpg":{"24.955977,121.223062":[24.956027571993197,121.22312967455933]},"image-00099.jpg":{"24.957213,121.223642":[24.95720843304115,121.22366474058092]},"image-00058.jpg":{"24.956482,121.223294":[24.956439972421393,121.22327482204616]},"image-00001.jpg":{"24.955894,121.223025":[24.95595069532374,121.22311380819696]}}