{
    "image-00122.jpg": {
        "24.957570,121.223829": [
            [
                -2.424965642891546
            ], 
            [
                -5.145153412492392
            ], 
            [
                -2.7727062765919066
            ]
        ]
    }, 
    "image-00096.jpg": {
        "24.957048,121.223564": [
            [
                -1.543427590332198
            ], 
            [
                54.7154728293268
            ], 
            [
                -1.2489275967174658
            ]
        ]
    }, 
    "image-00048.jpg": {
        "24.956348,121.223231": [
            [
                0.8353196185645295
            ], 
            [
                150.8103152770196
            ], 
            [
                -0.22089913189154586
            ]
        ]
    }, 
    "image-00110.jpg": {
        "24.957416,121.223748": [
            [
                -4.6276970596496145
            ], 
            [
                17.59826750658536
            ], 
            [
                -2.6881505893274684
            ]
        ]
    }, 
    "image-00090.jpg": {
        "24.956757,121.223425": [
            [
                -2.0344505160100987
            ], 
            [
                81.32903821547663
            ], 
            [
                -1.3598259316242904
            ]
        ]
    }, 
    "image-00109.jpg": {
        "24.957335,121.223705": [
            [
                -3.363699900881747
            ], 
            [
                20.719606896089854
            ], 
            [
                -2.941679931855493
            ]
        ]
    }, 
    "image-00002.jpg": {
        "24.956019,121.223081": [
            [
                -2.8805821411615327
            ], 
            [
                183.4963975150312
            ], 
            [
                -0.3372535236151042
            ]
        ]
    }, 
    "image-00117.jpg": {
        "24.957489,121.223786": [
            [
                -10.081474508581909
            ], 
            [
                -18.305385416980428
            ], 
            [
                1.115893728508821
            ]
        ]
    }, 
    "image-00041.jpg": {
        "24.956173,121.223151": [
            [
                -0.5099385532211826
            ], 
            [
                165.930977623857
            ], 
            [
                1.4322313023608988
            ]
        ]
    }, 
    "image-00091.jpg": {
        "24.956966,121.223525": [
            [
                -0.5346027932778528
            ], 
            [
                72.35145489194136
            ], 
            [
                -0.8318323413816169
            ]
        ]
    }, 
    "image-00043.jpg": {
        "24.956256,121.223189": [
            [
                1.5096769506616923
            ], 
            [
                160.582170251986
            ], 
            [
                0.5754927024292427
            ]
        ]
    }, 
    "image-00073.jpg": {
        "24.956587,121.223344": [
            [
                0.6640927748800488
            ], 
            [
                124.4635748975104
            ], 
            [
                1.012497882096981
            ]
        ]
    }, 
    "image-00005.jpg": {
        "24.955977,121.223062": [
            [
                -4.469864972558165
            ], 
            [
                185.38092928162283
            ], 
            [
                -0.00573765848559038
            ]
        ]
    }, 
    "image-00099.jpg": {
        "24.957213,121.223642": [
            [
                -1.0177197205385302
            ], 
            [
                43.4691551494681
            ], 
            [
                -2.2396360131235404
            ]
        ]
    }, 
    "image-00058.jpg": {
        "24.956482,121.223294": [
            [
                0.585791175208521
            ], 
            [
                137.51227548817388
            ], 
            [
                -0.9812555345508223
            ]
        ]
    }, 
    "image-00001.jpg": {
        "24.955894,121.223025": [
            [
                -6.445125916618899
            ], 
            [
                193.85023952083603
            ], 
            [
                -1.9310939322422698
            ]
        ]
    }
}