{
    "image-00122.jpg": {
        "24.957570,121.223829": [
            [
                -6.581332987670386
            ], 
            [
                -25.254052153801574
            ], 
            [
                0.03848814873541606
            ]
        ]
    }, 
    "image-00096.jpg": {
        "24.957048,121.223564": [
            [
                0.4662347771567523
            ], 
            [
                63.883036920923466
            ], 
            [
                -1.6959249647206531
            ]
        ]
    }, 
    "image-00048.jpg": {
        "24.956348,121.223231": [
            [
                0.5996463768474385
            ], 
            [
                159.55149553134666
            ], 
            [
                -0.7711334509998382
            ]
        ]
    }, 
    "image-00110.jpg": {
        "24.957416,121.223748": [
            [
                -4.759981040671816
            ], 
            [
                25.347560648534962
            ], 
            [
                -3.740318834450286
            ]
        ]
    }, 
    "image-00090.jpg": {
        "24.956757,121.223425": [
            [
                -0.9010677270159708
            ], 
            [
                98.17769715198456
            ], 
            [
                -1.0768606521298316
            ]
        ]
    }, 
    "image-00109.jpg": {
        "24.957335,121.223705": [
            [
                -2.82285041314642
            ], 
            [
                28.480038318789084
            ], 
            [
                -4.077718336271834
            ]
        ]
    }, 
    "image-00002.jpg": {
        "24.956019,121.223081": [
            [
                0.7738454151502303
            ], 
            [
                191.53110145618996
            ], 
            [
                -1.32747916177353
            ]
        ]
    }, 
    "image-00117.jpg": {
        "24.957489,121.223786": [
            [
                -9.035579325987765
            ], 
            [
                -20.615791162717965
            ], 
            [
                2.378537504948951
            ]
        ]
    }, 
    "image-00041.jpg": {
        "24.956173,121.223151": [
            [
                1.499696695880683
            ], 
            [
                175.10202936184072
            ], 
            [
                0.41022200627934247
            ]
        ]
    }, 
    "image-00091.jpg": {
        "24.956966,121.223525": [
            [
                0.3630613347770155
            ], 
            [
                86.33193137374978
            ], 
            [
                -1.5378231276203627
            ]
        ]
    }, 
    "image-00043.jpg": {
        "24.956256,121.223189": [
            [
                2.2456407298099776
            ], 
            [
                171.5753176888354
            ], 
            [
                -0.33513804164413386
            ]
        ]
    }, 
    "image-00073.jpg": {
        "24.956587,121.223344": [
            [
                3.128658433095407
            ], 
            [
                135.34167601282695
            ], 
            [
                2.02711770081566
            ]
        ]
    }, 
    "image-00005.jpg": {
        "24.955977,121.223062": [
            [
                -1.919538311160063
            ], 
            [
                192.47028503977722
            ], 
            [
                -0.29284063574974795
            ]
        ]
    }, 
    "image-00099.jpg": {
        "24.957213,121.223642": [
            [
                -0.1957871862529208
            ], 
            [
                50.63913222907065
            ], 
            [
                -3.328303495360589
            ]
        ]
    }, 
    "image-00058.jpg": {
        "24.956482,121.223294": [
            [
                0.7090189863035272
            ], 
            [
                145.680833390203
            ], 
            [
                -2.096974948662848
            ]
        ]
    }, 
    "image-00001.jpg": {
        "24.955894,121.223025": [
            [
                -5.662360299493455
            ], 
            [
                198.08738753751226
            ], 
            [
                -1.1442191821284577
            ]
        ]
    }
}