{
    "image-00057.jpg": {
        "22.758151,121.149532": [
            [
                -8.082586466745227
            ], 
            [
                47.13358408707427
            ], 
            [
                -0.34859200230245335
            ]
        ]
    }, 
    "image-00096.jpg": {
        "22.757813,121.149225": [
            [
                -17.838809183719626
            ], 
            [
                82.27324204615084
            ], 
            [
                1.2246486954855804
            ]
        ]
    }, 
    "image-00084.jpg": {
        "22.757991,121.149388": [
            [
                -1.5953275359212946
            ], 
            [
                27.923684133099894
            ], 
            [
                0.2823594871349908
            ]
        ]
    }, 
    "image-00052.jpg": {
        "22.758220,121.149594": [
            [
                -2.3309684563638253
            ], 
            [
                -6.877054783360665
            ], 
            [
                -1.9152823479424153
            ]
        ]
    }, 
    "image-00100.jpg": {
        "22.757741,121.149156": [
            [
                -514.6405889307166
            ], 
            [
                991.8844277876806
            ], 
            [
                -551.4979971789998
            ]
        ]
    }, 
    "image-00073.jpg": {
        "22.758074,121.149462": [
            [
                -4.9677014326498945
            ], 
            [
                31.00483772666222
            ], 
            [
                -2.5404599891507456
            ]
        ]
    }
}