{"image-00070.jpg":{"22.623234,120.284333":[22.623236756752174,120.28430536608874]},"image-00047.jpg":{"22.622993,120.284824":[22.623011432489395,120.28476327932799]},"image-00084.jpg":{"22.623359,120.284070":[22.623366228138607,120.2840454480154]},"image-00102.jpg":{"22.623522,120.283701":[22.623526569738488,120.28368290698958]},"image-00117.jpg":{"22.623673,120.283389":[22.623671037964996,120.28337779602379]},"image-00101.jpg":{"22.623500,120.283761":[22.62351180640143,120.28372615707363]},"image-00006.jpg":{"22.622630,120.285559":[22.622813545512276,120.28537925675374]},"image-00122.jpg":{"22.623718,120.283300":[22.623721987293713,120.28328327542062]},"image-00088.jpg":{"22.623399,120.283985":[22.623406874318313,120.28396376256538]},"image-00049.jpg":{"22.623034,120.284742":[22.623035365749075,120.28472591148602]},"image-00105.jpg":{"22.623541,120.283657":[22.62354829106006,120.28362852593995]},"image-00107.jpg":{"22.623561,120.283608":[22.623566491718474,120.28358457162787]},"image-00092.jpg":{"22.623440,120.283899":[22.623442384378286,120.28388858327722]},"image-00024.jpg":{"22.622779,120.285258":[22.622911763047988,120.28509297162388]},"image-00076.jpg":{"22.623277,120.284243":[22.623286797704452,120.28419866433867]},"image-00098.jpg":{"22.623478,120.283818":[22.623490603565063,120.2837834943951]},"image-00027.jpg":{"22.622823,120.285168":[22.622948826594317,120.28504963704799]},"image-00078.jpg":{"22.623318,120.284156":[22.623316969972105,120.28414989616215]},"image-00059.jpg":{"22.623120,120.284567":[22.6231363176875,120.28451699684778]},"image-00109.jpg":{"22.623582,120.283566":[22.623583230305936,120.28354674251824]},"image-00040.jpg":{"22.622951,120.284909":[22.622954399439728,120.2848948681457]},"image-00029.jpg":{"22.622866,120.285082":[22.622957370000297,120.28499356136538]},"image-00009.jpg":{"22.622652,120.285516":[22.62266014134882,120.28548358582175]},"image-00113.jpg":{"22.623626,120.283480":[22.623627096615543,120.28346555776012]},"image-00037.jpg":{"22.622908,120.284996":[22.622966112916703,120.28486728160048]}}