{
    "image-00070.jpg": {
        "22.623234,120.284333": [
            [
                -1.0540404823736365
            ], 
            [
                2.650971524336295
            ], 
            [
                -0.2554564119341749
            ]
        ]
    }, 
    "image-00047.jpg": {
        "22.622993,120.284824": [
            [
                -1.2492423763847702
            ], 
            [
                -50.6096055586317
            ], 
            [
                -0.5026317948530785
            ]
        ]
    }, 
    "image-00084.jpg": {
        "22.623359,120.284070": [
            [
                -0.7883927191194036
            ], 
            [
                32.964175781449
            ], 
            [
                -0.35678417103653004
            ]
        ]
    }, 
    "image-00102.jpg": {
        "22.623522,120.283701": [
            [
                -2.408497083075618
            ], 
            [
                74.1939747279576
            ], 
            [
                -0.29486726195686686
            ]
        ]
    }, 
    "image-00117.jpg": {
        "22.623673,120.283389": [
            [
                -2.83529120028489
            ], 
            [
                109.38741442599455
            ], 
            [
                0.051935487358043986
            ]
        ]
    }, 
    "image-00101.jpg": {
        "22.623500,120.283761": [
            [
                -1.7860917760179245
            ], 
            [
                69.50213061416738
            ], 
            [
                -0.3035607545891459
            ]
        ]
    }, 
    "image-00006.jpg": {
        "22.622630,120.285559": [
            [
                8.83265163007664
            ], 
            [
                -116.789158168297
            ], 
            [
                -0.7616909340455127
            ]
        ]
    }, 
    "image-00122.jpg": {
        "22.623718,120.283300": [
            [
                -2.358490943979564
            ], 
            [
                120.61179805245091
            ], 
            [
                0.11608731423276453
            ]
        ]
    }, 
    "image-00088.jpg": {
        "22.623399,120.283985": [
            [
                -0.709149252603053
            ], 
            [
                42.48857051264457
            ], 
            [
                -0.17636451000537257
            ]
        ]
    }, 
    "image-00049.jpg": {
        "22.623034,120.284742": [
            [
                -0.6880938048875326
            ], 
            [
                -45.97520351121934
            ], 
            [
                -0.11363166211476994
            ]
        ]
    }, 
    "image-00105.jpg": {
        "22.623541,120.283657": [
            [
                -2.8805623751651535
            ], 
            [
                80.25739865529641
            ], 
            [
                -0.28640221288787515
            ]
        ]
    }, 
    "image-00107.jpg": {
        "22.623561,120.283608": [
            [
                -3.198793018942704
            ], 
            [
                85.19171153997047
            ], 
            [
                -0.22498161635537173
            ]
        ]
    }, 
    "image-00092.jpg": {
        "22.623440,120.283899": [
            [
                -0.8228809544839301
            ], 
            [
                51.15572251175542
            ], 
            [
                -0.03734464967541129
            ]
        ]
    }, 
    "image-00024.jpg": {
        "22.622779,120.285258": [
            [
                4.761010505933527
            ], 
            [
                -85.70666941261602
            ], 
            [
                -1.3041307639861248
            ]
        ]
    }, 
    "image-00076.jpg": {
        "22.623277,120.284243": [
            [
                -1.250725878768777
            ], 
            [
                14.93362780306299
            ], 
            [
                -0.4484153929102068
            ]
        ]
    }, 
    "image-00098.jpg": {
        "22.623478,120.283818": [
            [
                -1.1212927434899829
            ], 
            [
                63.19736022056425
            ], 
            [
                -0.24860697956552613
            ]
        ]
    }, 
    "image-00027.jpg": {
        "22.622823,120.285168": [
            [
                6.326928390627732
            ], 
            [
                -79.84870520514704
            ], 
            [
                0.2918397740146794
            ]
        ]
    }, 
    "image-00078.jpg": {
        "22.623318,120.284156": [
            [
                -0.6228255854589193
            ], 
            [
                20.92670233359604
            ], 
            [
                -0.2823328955636377
            ]
        ]
    }, 
    "image-00059.jpg": {
        "22.623120,120.284567": [
            [
                -0.7807562054667049
            ], 
            [
                -21.772029521513318
            ], 
            [
                -0.5488502116812226
            ]
        ]
    }, 
    "image-00109.jpg": {
        "22.623582,120.283566": [
            [
                -3.3670600819703775
            ], 
            [
                89.49421482310595
            ], 
            [
                -0.10164214494752244
            ]
        ]
    }, 
    "image-00040.jpg": {
        "22.622951,120.284909": [
            [
                -0.5465561237954097
            ], 
            [
                -65.51400034933431
            ], 
            [
                -0.23147153534697296
            ]
        ]
    }, 
    "image-00029.jpg": {
        "22.622866,120.285082": [
            [
                4.477960140104303
            ], 
            [
                -74.3160354223893
            ], 
            [
                -0.9341196814175436
            ]
        ]
    }, 
    "image-00009.jpg": {
        "22.622652,120.285516": [
            [
                -1.2463691475919814
            ], 
            [
                -134.22612913415355
            ], 
            [
                -0.21349683404810094
            ]
        ]
    }, 
    "image-00113.jpg": {
        "22.623626,120.283480": [
            [
                -2.947184207374872
            ], 
            [
                99.14043617779954
            ], 
            [
                -0.13646575474194123
            ]
        ]
    }, 
    "image-00037.jpg": {
        "22.622908,120.284996": [
            [
                -0.7177646414964183
            ], 
            [
                -62.402016494984856
            ], 
            [
                -2.524716567710671
            ]
        ]
    }
}