{
    "image-00070.jpg": {
        "22.623234,120.284333": [
            [
                -1.0088259439200928
            ], 
            [
                -1.071892538319222
            ], 
            [
                -0.44080157716523083
            ]
        ]
    }, 
    "image-00047.jpg": {
        "22.622993,120.284824": [
            [
                0.24339258475129233
            ], 
            [
                -55.64185906324538
            ], 
            [
                -0.34045137041309737
            ]
        ]
    }, 
    "image-00084.jpg": {
        "22.623359,120.284070": [
            [
                -0.80388577713356
            ], 
            [
                29.252848047072376
            ], 
            [
                -0.4985156181431014
            ]
        ]
    }, 
    "image-00102.jpg": {
        "22.623522,120.283701": [
            [
                -1.5250058003226603
            ], 
            [
                69.86272279845463
            ], 
            [
                0.20554320100957924
            ]
        ]
    }, 
    "image-00117.jpg": {
        "22.623673,120.283389": [
            [
                -2.239939980679215
            ], 
            [
                102.7625646420654
            ], 
            [
                -0.09553689566582335
            ]
        ]
    }, 
    "image-00101.jpg": {
        "22.623500,120.283761": [
            [
                -1.1837606085326366
            ], 
            [
                65.58934694318178
            ], 
            [
                0.03514634277196116
            ]
        ]
    }, 
    "image-00006.jpg": {
        "22.622630,120.285559": [
            [
                0.24957778371579753
            ], 
            [
                -145.45432305578882
            ], 
            [
                -0.04018505497229086
            ]
        ]
    }, 
    "image-00122.jpg": {
        "22.623718,120.283300": [
            [
                -2.187290261091234
            ], 
            [
                114.91490843729979
            ], 
            [
                -0.02578345997798337
            ]
        ]
    }, 
    "image-00088.jpg": {
        "22.623399,120.283985": [
            [
                -0.3869346909893312
            ], 
            [
                36.32527666880695
            ], 
            [
                0.2920608842690777
            ]
        ]
    }, 
    "image-00049.jpg": {
        "22.623034,120.284742": [
            [
                0.35292994634878094
            ], 
            [
                -52.0096328029264
            ], 
            [
                -0.1669906253028124
            ]
        ]
    }, 
    "image-00105.jpg": {
        "22.623541,120.283657": [
            [
                -1.711156854090004
            ], 
            [
                75.60649948511688
            ], 
            [
                0.1035767308378972
            ]
        ]
    }, 
    "image-00107.jpg": {
        "22.623561,120.283608": [
            [
                -2.2020382503338283
            ], 
            [
                80.60791995009339
            ], 
            [
                -0.20683708910848786
            ]
        ]
    }, 
    "image-00092.jpg": {
        "22.623440,120.283899": [
            [
                -0.7045346723174117
            ], 
            [
                44.347023704518655
            ], 
            [
                0.3547864263051679
            ]
        ]
    }, 
    "image-00024.jpg": {
        "22.622779,120.285258": [
            [
                -0.6372252587007589
            ], 
            [
                -103.84772270311854
            ], 
            [
                -0.6494938001420323
            ]
        ]
    }, 
    "image-00076.jpg": {
        "22.623277,120.284243": [
            [
                -0.8219353857947864
            ], 
            [
                11.55379293713518
            ], 
            [
                -0.507818156315188
            ]
        ]
    }, 
    "image-00098.jpg": {
        "22.623478,120.283818": [
            [
                -0.5483119770707194
            ], 
            [
                57.57167082563997
            ], 
            [
                -0.08997976711233768
            ]
        ]
    }, 
    "image-00027.jpg": {
        "22.622823,120.285168": [
            [
                -0.4578579206445095
            ], 
            [
                -97.64452605890305
            ], 
            [
                -0.6562835357199717
            ]
        ]
    }, 
    "image-00078.jpg": {
        "22.623318,120.284156": [
            [
                -0.901270984310476
            ], 
            [
                16.841733935920377
            ], 
            [
                -0.23158464850161176
            ]
        ]
    }, 
    "image-00059.jpg": {
        "22.623120,120.284567": [
            [
                -0.5406595044672772
            ], 
            [
                -26.092932007307613
            ], 
            [
                -0.5562609966846574
            ]
        ]
    }, 
    "image-00109.jpg": {
        "22.623582,120.283566": [
            [
                -2.573820514562246
            ], 
            [
                84.62784542767812
            ], 
            [
                -0.3852694278181339
            ]
        ]
    }, 
    "image-00040.jpg": {
        "22.622951,120.284909": [
            [
                -0.04831950573516097
            ], 
            [
                -69.78945897223504
            ], 
            [
                -0.26567412578557636
            ]
        ]
    }, 
    "image-00029.jpg": {
        "22.622866,120.285082": [
            [
                -0.9438571508565008
            ], 
            [
                -93.24570660860267
            ], 
            [
                -0.040624030608078954
            ]
        ]
    }, 
    "image-00009.jpg": {
        "22.622652,120.285516": [
            [
                -0.48518468571219664
            ], 
            [
                -137.72902624940733
            ], 
            [
                -0.20469075733699427
            ]
        ]
    }, 
    "image-00113.jpg": {
        "22.623626,120.283480": [
            [
                -1.8874965488155806
            ], 
            [
                94.02248932716168
            ], 
            [
                -0.2840408221573725
            ]
        ]
    }, 
    "image-00037.jpg": {
        "22.622908,120.284996": [
            [
                -0.5281052674018388
            ], 
            [
                -76.52624391587656
            ], 
            [
                -0.4320179324453868
            ]
        ]
    }
}