{
    "image-00081.jpg": {
        "25.009334,121.463628": [
            [
                19.64301764636118
            ], 
            [
                113.09928510282145
            ], 
            [
                10.280523016347257
            ]
        ]
    }, 
    "image-00125.jpg": {
        "25.009373,121.463549": [
            [
                31.61577239381103
            ], 
            [
                101.90466898633764
            ], 
            [
                0.6672168596668815
            ]
        ]
    }, 
    "image-00090.jpg": {
        "25.009227,121.463728": [
            [
                -41.024194414576705
            ], 
            [
                143.53746236658424
            ], 
            [
                21.019908982151925
            ]
        ]
    }, 
    "image-00082.jpg": {
        "25.009177,121.463760": [
            [
                -11.383731257683516
            ], 
            [
                -17.981434066161817
            ], 
            [
                0.49747181206281654
            ]
        ]
    }, 
    "image-00102.jpg": {
        "25.009298,121.463705": [
            [
                -0.5463035464187761
            ], 
            [
                -3.905127098913677
            ], 
            [
                0.6538613838656295
            ]
        ]
    }, 
    "image-00099.jpg": {
        "25.009415,121.463461": [
            [
                -115.09225195735134
            ], 
            [
                1651.2747642556353
            ], 
            [
                541.7268520843731
            ]
        ]
    }
}