{"image-00094.jpg":{"24.082384,120.542453":[24.08234282795333,120.54247646809276]},"image-00020.jpg":{"24.081837,120.542520":[24.081925744882597,120.54250526545978]},"image-00079.jpg":{"24.082236,120.542468":[24.082238608585147,120.5424912211073]},"image-00063.jpg":{"24.082182,120.542473":[24.082165869598892,120.54249399201439]},"image-00113.jpg":{"24.082295,120.542462":[24.082324895448384,120.54246704638405]},"image-00049.jpg":{"24.082011,120.542495":[24.08204942434834,120.54250739105905]},"image-00060.jpg":{"24.082138,120.542478":[24.08215346117686,120.54248848239004]},"image-00028.jpg":{"24.081923,120.542507":[24.081931533544342,120.54251572807588]},"image-00003.jpg":{"24.081751,120.542532":[24.081880386822913,120.54248178053496]}}