{
    "image-00094.jpg": {
        "24.082384,120.542453": [
            [
                -1.8850935035286696
            ], 
            [
                4.8043155912178355
            ], 
            [
                -0.5375228474470948
            ]
        ]
    }, 
    "image-00020.jpg": {
        "24.081837,120.542520": [
            [
                0.11046205109195739
            ], 
            [
                51.23099801510795
            ], 
            [
                -2.3286958034375895
            ]
        ]
    }, 
    "image-00079.jpg": {
        "24.082236,120.542468": [
            [
                -2.1493335525996953
            ], 
            [
                16.486367388536245
            ], 
            [
                -0.6038129690727008
            ]
        ]
    }, 
    "image-00063.jpg": {
        "24.082182,120.542473": [
            [
                -1.574042822892292
            ], 
            [
                24.55899031963799
            ], 
            [
                -0.46684370218129034
            ]
        ]
    }, 
    "image-00113.jpg": {
        "24.082295,120.542462": [
            [
                -0.7232062956610805
            ], 
            [
                6.6860388150757775
            ], 
            [
                -0.33473537861093994
            ]
        ]
    }, 
    "image-00049.jpg": {
        "24.082011,120.542495": [
            [
                -1.557897821250691
            ], 
            [
                37.578361705665436
            ], 
            [
                1.25417677759277
            ]
        ]
    }, 
    "image-00060.jpg": {
        "24.082138,120.542478": [
            [
                -0.8720036494998329
            ], 
            [
                25.87188543646321
            ], 
            [
                -0.884597969276681
            ]
        ]
    }, 
    "image-00028.jpg": {
        "24.081923,120.542507": [
            [
                -1.0137610893280957
            ], 
            [
                50.703232089855284
            ], 
            [
                0.04713770545174967
            ]
        ]
    }, 
    "image-00003.jpg": {
        "24.081751,120.542532": [
            [
                3.0143782859206425
            ], 
            [
                55.994295723380134
            ], 
            [
                -2.469895572202911
            ]
        ]
    }
}