{
    "image-00094.jpg": {
        "24.082384,120.542453": [
            [
                -2.681284474606927
            ], 
            [
                12.66611920895081
            ], 
            [
                -0.8127713766571265
            ]
        ]
    }, 
    "image-00020.jpg": {
        "24.081837,120.542520": [
            [
                0.14205234399665656
            ], 
            [
                63.56537230602401
            ], 
            [
                0.6762975683999768
            ]
        ]
    }, 
    "image-00079.jpg": {
        "24.082236,120.542468": [
            [
                -2.568781389993711
            ], 
            [
                19.026752630919784
            ], 
            [
                -0.7360785657687976
            ]
        ]
    }, 
    "image-00063.jpg": {
        "24.082182,120.542473": [
            [
                -2.1313066360949273
            ], 
            [
                27.369990180950282
            ], 
            [
                -0.6093111295131575
            ]
        ]
    }, 
    "image-00113.jpg": {
        "24.082295,120.542462": [
            [
                -1.0584652139127668
            ], 
            [
                9.29070154409124
            ], 
            [
                -0.42166522619401525
            ]
        ]
    }, 
    "image-00049.jpg": {
        "24.082011,120.542495": [
            [
                -1.3500835389051584
            ], 
            [
                40.29710945685083
            ], 
            [
                1.092426843600589
            ]
        ]
    }, 
    "image-00060.jpg": {
        "24.082138,120.542478": [
            [
                -1.9153258599520957
            ], 
            [
                29.56124139923648
            ], 
            [
                -1.0153009532565496
            ]
        ]
    }, 
    "image-00028.jpg": {
        "24.081923,120.542507": [
            [
                -0.7895790141795507
            ], 
            [
                56.249724253182244
            ], 
            [
                -0.0330514295449591
            ]
        ]
    }, 
    "image-00003.jpg": {
        "24.081751,120.542532": [
            [
                -2.4896132950820564
            ], 
            [
                72.35527066609201
            ], 
            [
                -0.4531595155434669
            ]
        ]
    }
}