{"image-00026.jpg":{"24.809124,120.966668":[24.809504815569184,120.96628781924929]},"image-00074.jpg":{"24.809684,120.966237":[24.809672636956293,120.96626321618163]},"image-00030.jpg":{"24.809198,120.966611":[24.80933542828787,120.96641257085975]},"image-00062.jpg":{"24.809608,120.966296":[24.80957262009498,120.96633156702634]},"image-00040.jpg":{"24.809269,120.966557":[24.80929328740048,120.96654574612705]},"image-00038.jpg":{"24.809343,120.966500":[24.809285868735728,120.96656345605903]},"image-00051.jpg":{"24.809427,120.966436":[24.809414722174587,120.96645120616313]}}