{
    "image-00026.jpg": {
        "24.809124,120.966668": [
            [
                6.765664356796748
            ], 
            [
                -63.08587377403198
            ], 
            [
                4.563739420200054
            ]
        ]
    }, 
    "image-00074.jpg": {
        "24.809684,120.966237": [
            [
                -2.10833781093336
            ], 
            [
                -67.68154576786951
            ], 
            [
                -1.0397403500653577
            ]
        ]
    }, 
    "image-00030.jpg": {
        "24.809198,120.966611": [
            [
                5.957403409193628
            ], 
            [
                -41.05754311394067
            ], 
            [
                1.8504751412129727
            ]
        ]
    }, 
    "image-00062.jpg": {
        "24.809608,120.966296": [
            [
                -1.9618051054556318
            ], 
            [
                -52.99841430561218
            ], 
            [
                -0.4466046537095485
            ]
        ]
    }, 
    "image-00040.jpg": {
        "24.809269,120.966557": [
            [
                -1.5267653643096617
            ], 
            [
                -16.818416940327893
            ], 
            [
                -1.2546610947642058
            ]
        ]
    }, 
    "image-00038.jpg": {
        "24.809343,120.966500": [
            [
                -2.5543943276599013
            ], 
            [
                -14.058528513156046
            ], 
            [
                -0.5790988809922202
            ]
        ]
    }, 
    "image-00051.jpg": {
        "24.809427,120.966436": [
            [
                -1.3539802594506782
            ], 
            [
                -32.6365283370789
            ], 
            [
                -1.4885156788220812
            ]
        ]
    }
}