{
    "image-00026.jpg": {
        "24.809124,120.966668": [
            [
                7.306999423921399
            ], 
            [
                -56.67587133568596
            ], 
            [
                6.942894371080676
            ]
        ]
    }, 
    "image-00074.jpg": {
        "24.809684,120.966237": [
            [
                -1.314557571598181
            ], 
            [
                -73.41091805847522
            ], 
            [
                -0.6426100817677174
            ]
        ]
    }, 
    "image-00030.jpg": {
        "24.809198,120.966611": [
            [
                7.731279709998354
            ], 
            [
                -34.02359711162376
            ], 
            [
                2.653586285610214
            ]
        ]
    }, 
    "image-00062.jpg": {
        "24.809608,120.966296": [
            [
                -0.6240902455287554
            ], 
            [
                -60.341813170885736
            ], 
            [
                0.14627853838748806
            ]
        ]
    }, 
    "image-00040.jpg": {
        "24.809269,120.966557": [
            [
                -0.6248039238416059
            ], 
            [
                -22.499111133494313
            ], 
            [
                -0.7565982507774325
            ]
        ]
    }, 
    "image-00038.jpg": {
        "24.809343,120.966500": [
            [
                -1.6207491669919456
            ], 
            [
                -20.80094412611553
            ], 
            [
                -0.15221990229453253
            ]
        ]
    }, 
    "image-00051.jpg": {
        "24.809427,120.966436": [
            [
                -0.5060539070125074
            ], 
            [
                -39.03295089284892
            ], 
            [
                -1.1618620520472454
            ]
        ]
    }
}