{"image-00087.jpg":{"24.095183,120.697287":[24.095657090444707,120.69660364339936]},"image-00006.jpg":{"24.094552,120.698308":[24.094505581854257,120.69814901602079]},"image-00001.jpg":{"24.094435,120.698536":[24.09463166198402,120.69823944045852]},"image-00054.jpg":{"24.094768,120.697804":[24.09480051461067,120.69784304581248]},"image-00063.jpg":{"24.094880,120.697660":[24.094903290931914,120.69766724383761]},"image-00095.jpg":{"24.095314,120.697131":[24.09531510100603,120.69715492397336]},"image-00108.jpg":{"24.095436,120.696986":[24.09547383168065,120.69697278944062]},"image-00104.jpg":{"24.095596,120.696806":[24.095389181742505,120.69716043239161]},"image-00036.jpg":{"24.094643,120.698008":[24.094643895413444,120.69787606111326]},"image-00009.jpg":{"24.094466,120.698433":[24.094630136682046,120.69817115300918]},"image-00047.jpg":{"24.094689,120.697923":[24.094816038528375,120.6978487354235]},"image-00056.jpg":{"24.094795,120.697764":[24.094819362356045,120.69780642616706]},"image-00115.jpg":{"24.095533,120.696876":[24.095553842837205,120.69686892061205]},"image-00105.jpg":{"24.095375,120.697058":[24.095432112162747,120.69702767490733]},"image-00122.jpg":{"24.095596,120.696806":[24.095653358458822,120.69679044730916]},"image-00037.jpg":{"24.094602,120.698095":[24.094647546092848,120.69786849102024]},"image-00025.jpg":{"24.094509,120.698293":[24.094675300334853,120.69807577277723]}}