{
    "image-00087.jpg": {
        "24.095183,120.697287": [
            [
                12.036645447594047
            ], 
            [
                -86.28810823484235
            ], 
            [
                1.9480332441270622
            ]
        ]
    }, 
    "image-00006.jpg": {
        "24.094552,120.698308": [
            [
                -8.962253266366066
            ], 
            [
                115.10825244541141
            ], 
            [
                -0.02119664979622904
            ]
        ]
    }, 
    "image-00001.jpg": {
        "24.094435,120.698536": [
            [
                -25.35524169281558
            ], 
            [
                111.63492807627418
            ], 
            [
                0.11157291389398072
            ]
        ]
    }, 
    "image-00054.jpg": {
        "24.094768,120.697804": [
            [
                -10.051813764911786
            ], 
            [
                69.95374620010162
            ], 
            [
                -0.7320468082544827
            ]
        ]
    }, 
    "image-00063.jpg": {
        "24.094880,120.697660": [
            [
                -5.450898661459415
            ], 
            [
                49.26844635124809
            ], 
            [
                -0.8679306277276541
            ]
        ]
    }, 
    "image-00095.jpg": {
        "24.095314,120.697131": [
            [
                -0.8458967706732698
            ], 
            [
                -19.869208713458068
            ], 
            [
                -0.8631408485246493
            ]
        ]
    }, 
    "image-00108.jpg": {
        "24.095436,120.696986": [
            [
                -0.17522490809639546
            ], 
            [
                -45.420573247179114
            ], 
            [
                -0.5894491967634807
            ]
        ]
    }, 
    "image-00104.jpg": {
        "24.095596,120.696806": [
            [
                -7.049319823525155
            ], 
            [
                -25.317604104126946
            ], 
            [
                0.24061631599384992
            ]
        ]
    }, 
    "image-00036.jpg": {
        "24.094643,120.698008": [
            [
                -0.15220462853259775
            ], 
            [
                84.6683982051779
            ], 
            [
                1.8502689345107513
            ]
        ]
    }, 
    "image-00009.jpg": {
        "24.094466,120.698433": [
            [
                -20.319238296765242
            ], 
            [
                106.8689152621061
            ], 
            [
                1.060583060080857
            ]
        ]
    }, 
    "image-00047.jpg": {
        "24.094689,120.697923": [
            [
                -11.67828104774538
            ], 
            [
                69.13651364770877
            ], 
            [
                -2.4891764873633573
            ]
        ]
    }, 
    "image-00056.jpg": {
        "24.094795,120.697764": [
            [
                -8.89272374780762
            ], 
            [
                65.84693585594118
            ], 
            [
                -0.8384789806354367
            ]
        ]
    }, 
    "image-00115.jpg": {
        "24.095533,120.696876": [
            [
                1.0311197805789605
            ], 
            [
                -59.1632027004067
            ], 
            [
                -0.7730060757415154
            ]
        ]
    }, 
    "image-00105.jpg": {
        "24.095375,120.697058": [
            [
                -0.8565168669569829
            ], 
            [
                -38.202919533869796
            ], 
            [
                -0.47138506174642003
            ]
        ]
    }, 
    "image-00122.jpg": {
        "24.095596,120.696806": [
            [
                -1.1197696126259356
            ], 
            [
                -72.62690448360956
            ], 
            [
                -0.6246830011406721
            ]
        ]
    }, 
    "image-00037.jpg": {
        "24.094602,120.698095": [
            [
                0.10665485314680545
            ], 
            [
                83.83881404144833
            ], 
            [
                3.219373019246758
            ]
        ]
    }, 
    "image-00025.jpg": {
        "24.094509,120.698293": [
            [
                -16.992355270311123
            ], 
            [
                96.48197450962641
            ], 
            [
                -0.18065424656929885
            ]
        ]
    }
}