{
    "image-00087.jpg": {
        "24.095183,120.697287": [
            [
                3.1993272039392453
            ], 
            [
                13.926594125269755
            ], 
            [
                30.258483226212732
            ]
        ]
    }, 
    "image-00006.jpg": {
        "24.094552,120.698308": [
            [
                -9.052360057686435
            ], 
            [
                112.02428957520263
            ], 
            [
                0.05769936229906758
            ]
        ]
    }, 
    "image-00054.jpg": {
        "24.094768,120.697804": [
            [
                -10.01766801201315
            ], 
            [
                72.97090091228267
            ], 
            [
                -0.7153149477380794
            ]
        ]
    }, 
    "image-00063.jpg": {
        "24.094880,120.697660": [
            [
                -5.792304748984512
            ], 
            [
                53.94786264348706
            ], 
            [
                -0.9048793567892451
            ]
        ]
    }, 
    "image-00095.jpg": {
        "24.095314,120.697131": [
            [
                -1.869049029677685
            ], 
            [
                -14.836435050238364
            ], 
            [
                -1.203182409340064
            ]
        ]
    }, 
    "image-00108.jpg": {
        "24.095436,120.696986": [
            [
                0.033720212651836556
            ], 
            [
                -41.56180458373785
            ], 
            [
                -0.6908842895092392
            ]
        ]
    }, 
    "image-00104.jpg": {
        "24.095596,120.696806": [
            [
                -6.45373372793527
            ], 
            [
                -25.68410257753631
            ], 
            [
                -5.27333733290574
            ]
        ]
    }, 
    "image-00036.jpg": {
        "24.094643,120.698008": [
            [
                -15.495713386817922
            ], 
            [
                103.53055456259528
            ], 
            [
                -0.527497376145095
            ]
        ]
    }, 
    "image-00009.jpg": {
        "24.094466,120.698433": [
            [
                -28.35568302959787
            ], 
            [
                137.4268119676414
            ], 
            [
                -0.8741971626733736
            ]
        ]
    }, 
    "image-00122.jpg": {
        "24.095596,120.696806": [
            [
                -1.1371086670090214
            ], 
            [
                -69.35405722149002
            ], 
            [
                -0.9659881142272226
            ]
        ]
    }, 
    "image-00047.jpg": {
        "24.094689,120.697923": [
            [
                -12.707823387388734
            ], 
            [
                86.58615635734806
            ], 
            [
                -1.2127240745319217
            ]
        ]
    }, 
    "image-00056.jpg": {
        "24.094795,120.697764": [
            [
                -8.027950453138207
            ], 
            [
                67.84371717281547
            ], 
            [
                -0.7066401164556103
            ]
        ]
    }, 
    "image-00115.jpg": {
        "24.095533,120.696876": [
            [
                0.30502317330236894
            ], 
            [
                -55.6607367001081
            ], 
            [
                -1.1236398450680907
            ]
        ]
    }, 
    "image-00105.jpg": {
        "24.095375,120.697058": [
            [
                -0.6113288719795161
            ], 
            [
                -35.432765579515284
            ], 
            [
                -0.6739381765487984
            ]
        ]
    }, 
    "image-00001.jpg": {
        "24.094435,120.698536": [
            [
                -30.6440287523983
            ], 
            [
                143.69757731002557
            ], 
            [
                -1.0321608172982053
            ]
        ]
    }, 
    "image-00037.jpg": {
        "24.094602,120.698095": [
            [
                -14.944289468043007
            ], 
            [
                101.1749140974741
            ], 
            [
                -1.281408657366088
            ]
        ]
    }, 
    "image-00025.jpg": {
        "24.094509,120.698293": [
            [
                -21.392790485279704
            ], 
            [
                121.00922419675075
            ], 
            [
                -1.881763912372512
            ]
        ]
    }
}