{
    "image-00101.jpg": {
        "25.050258,121.515169": [
            59602.0, 
            54482.0, 
            55510.0, 
            55511.0, 
            59095.0, 
            55514.0, 
            67292.0, 
            58081.0, 
            61156.0, 
            64228.0, 
            67300.0, 
            67301.0, 
            67302.0, 
            67302.0, 
            55018.0, 
            68332.0, 
            58094.0, 
            56560.0, 
            59123.0, 
            53493.0, 
            58101.0, 
            52983.0, 
            55544.0, 
            56056.0, 
            62200.0, 
            63224.0, 
            52986.0, 
            52986.0, 
            70906.0, 
            54013.0, 
            55037.0, 
            75005.0, 
            54526.0, 
            54526.0, 
            59136.0, 
            52993.0, 
            52994.0, 
            52995.0, 
            72963.0, 
            52996.0, 
            61700.0, 
            67332.0, 
            72965.0, 
            64774.0, 
            54535.0, 
            72967.0, 
            54537.0, 
            54026.0, 
            61194.0, 
            53005.0, 
            53006.0, 
            62224.0, 
            63760.0, 
            73488.0, 
            55569.0, 
            68881.0, 
            54546.0, 
            54547.0, 
            53526.0, 
            53015.0, 
            54551.0, 
            54552.0, 
            74520.0, 
            76056.0, 
            78629.0, 
            65318.0, 
            57127.0, 
            65832.0, 
            77608.0, 
            57129.0
        ]
    }, 
    "image-00124.jpg": {
        "25.050071,121.515120": [
            55761.0, 
            55762.0, 
            63954.0, 
            65493.0, 
            70104.0, 
            71641.0, 
            62427.0, 
            63964.0, 
            63452.0, 
            59872.0, 
            56801.0, 
            64999.0, 
            68583.0, 
            59881.0, 
            65001.0, 
            59369.0, 
            65001.0, 
            55787.0, 
            62443.0, 
            67563.0, 
            68075.0, 
            59372.0, 
            66028.0, 
            67564.0, 
            68076.0, 
            67564.0, 
            68076.0, 
            56813.0, 
            59885.0, 
            60909.0, 
            67565.0, 
            68077.0, 
            57326.0, 
            59886.0, 
            65518.0, 
            57839.0, 
            59375.0, 
            57840.0, 
            58864.0, 
            69104.0, 
            60914.0, 
            67570.0, 
            60915.0, 
            62963.0, 
            63485.0, 
            56324.0, 
            71173.0, 
            66056.0, 
            78346.0, 
            73738.0, 
            58379.0, 
            70667.0, 
            56332.0, 
            68620.0, 
            78348.0, 
            54798.0, 
            54798.0, 
            56846.0, 
            55311.0, 
            56850.0, 
            59415.0, 
            65047.0, 
            52760.0, 
            55320.0, 
            55322.0, 
            68122.0, 
            68635.0, 
            66076.0, 
            68124.0, 
            58397.0, 
            62493.0, 
            63005.0, 
            52766.0, 
            53278.0, 
            65566.0, 
            56864.0, 
            57378.0, 
            72738.0, 
            64548.0, 
            71204.0, 
            72229.0, 
            72230.0, 
            60464.0, 
            57905.0, 
            67121.0
        ]
    }, 
    "image-00048.jpg": {
        "25.050071,121.515120": [
            61650.0, 
            54483.0, 
            54483.0, 
            67797.0, 
            72405.0, 
            73943.0, 
            55512.0, 
            61656.0, 
            62168.0, 
            59610.0, 
            71388.0, 
            60126.0, 
            57057.0, 
            73953.0, 
            61667.0, 
            62179.0, 
            58598.0, 
            55530.0, 
            52971.0, 
            56556.0, 
            57068.0, 
            57068.0, 
            60654.0, 
            55535.0, 
            69872.0, 
            62197.0, 
            60151.0, 
            74999.0, 
            62204.0, 
            62206.0, 
            57087.0, 
            58111.0, 
            62207.0, 
            62207.0, 
            74495.0, 
            62208.0, 
            62208.0, 
            62208.0, 
            62208.0, 
            62209.0, 
            62209.0, 
            72449.0, 
            62210.0, 
            59651.0, 
            72452.0, 
            57092.0, 
            59652.0, 
            72452.0, 
            72453.0, 
            72453.0, 
            72454.0, 
            72455.0, 
            72455.0, 
            57096.0, 
            71944.0, 
            67340.0, 
            65296.0, 
            71952.0, 
            55064.0, 
            62232.0, 
            59160.0, 
            68891.0, 
            66334.0, 
            66846.0, 
            57120.0, 
            61730.0, 
            59682.0, 
            68386.0, 
            68898.0, 
            62243.0, 
            68904.0, 
            69416.0, 
            57128.0, 
            68904.0, 
            57644.0, 
            66864.0
        ]
    }, 
    "image-00125.jpg": {
        "25.050162,121.515144": [
            54736.0, 
            65488.0, 
            56273.0, 
            53202.0, 
            53202.0, 
            54226.0, 
            56786.0, 
            62933.0, 
            56278.0, 
            53207.0, 
            56279.0, 
            62935.0, 
            56280.0, 
            55772.0, 
            61916.0, 
            58845.0, 
            56798.0, 
            67039.0, 
            64481.0, 
            65505.0, 
            67041.0, 
            59364.0, 
            54759.0, 
            56807.0, 
            61927.0, 
            54760.0, 
            57320.0, 
            77800.0, 
            55273.0, 
            77801.0, 
            57321.0, 
            57834.0, 
            56811.0, 
            60907.0, 
            59372.0, 
            59885.0, 
            59886.0, 
            60398.0, 
            62446.0, 
            62446.0, 
            60911.0, 
            61937.0, 
            58870.0, 
            73206.0, 
            58870.0, 
            65014.0, 
            56824.0, 
            77314.0, 
            65539.0, 
            67078.0, 
            65037.0, 
            54286.0, 
            53774.0, 
            59406.0, 
            61966.0, 
            52751.0, 
            55311.0, 
            59409.0, 
            52753.0, 
            75281.0, 
            75793.0, 
            58899.0, 
            59411.0, 
            65555.0, 
            76308.0, 
            58900.0, 
            54296.0, 
            64536.0, 
            55321.0, 
            66073.0, 
            58909.0, 
            56863.0, 
            63520.0, 
            60449.0, 
            61985.0, 
            59938.0, 
            59427.0, 
            66597.0, 
            61477.0, 
            76328.0, 
            70701.0
        ]
    },