{
    "image-00114.jpg": {
        "22.668562,120.316942": [
            [
                -4.627392525085968
            ], 
            [
                14.12384619396723
            ], 
            [
                -3.443301617248739
            ]
        ]
    }, 
    "image-00047.jpg": {
        "22.668476,120.316926": [
            [
                20.015802557584998
            ], 
            [
                104.18244961566823
            ], 
            [
                -12.612533527982787
            ]
        ]
    }
}