{
    "image-00031.jpg": {
        "24.967420,121.303904": [
            [
                1.5525705379965906
            ], 
            [
                -49.07672041316859
            ], 
            [
                1.4845484502597355
            ]
        ]
    }, 
    "image-00078.jpg": {
        "24.967414,121.303567": [
            [
                0.28410374736579547
            ], 
            [
                -36.130942740978355
            ], 
            [
                0.8982095831589314
            ]
        ]
    }, 
    "image-00019.jpg": {
        "24.967426,121.304301": [
            [
                -0.9311497167163094
            ], 
            [
                24.83206093954384
            ], 
            [
                -0.20326905033163323
            ]
        ]
    }, 
    "image-00024.jpg": {
        "24.967421,121.304003": [
            [
                -2.6007542532329793
            ], 
            [
                5.5357937259050365
            ], 
            [
                0.13593369202357997
            ]
        ]
    }, 
    "image-00033.jpg": {
        "24.967416,121.303676": [
            [
                -0.12046896653394912
            ], 
            [
                -21.263678833627456
            ], 
            [
                0.06638437329584268
            ]
        ]
    }, 
    "image-00034.jpg": {
        "24.967418,121.303795": [
            [
                -1.0189676807959798
            ], 
            [
                -16.593231402888602
            ], 
            [
                1.191004281457123
            ]
        ]
    }, 
    "image-00023.jpg": {
        "24.967428,121.304400": [
            [
                1.0713961215917132
            ], 
            [
                31.785854939239318
            ], 
            [
                -1.2137886853283515
            ]
        ]
    }, 
    "image-00021.jpg": {
        "24.967425,121.304202": [
            [
                -1.2118695449077062
            ], 
            [
                20.96115114688336
            ], 
            [
                0.3147590077241258
            ]
        ]
    }
}