{
    "image-00044.jpg": {
        "25.128070,121.751413": [
            59858.0, 
            66008.0, 
            67544.0, 
            59866.0, 
            54236.0, 
            60892.0, 
            67039.0, 
            73695.0, 
            61919.0, 
            64995.0, 
            55780.0, 
            76773.0, 
            53734.0, 
            55270.0, 
            70630.0, 
            75750.0, 
            54246.0, 
            55271.0, 
            71144.0, 
            63465.0, 
            54249.0, 
            58346.0, 
            69610.0, 
            71146.0, 
            72682.0, 
            53227.0, 
            72683.0, 
            63981.0, 
            73714.0, 
            73715.0, 
            77300.0, 
            67063.0, 
            61432.0, 
            73208.0, 
            62461.0, 
            62973.0, 
            64509.0, 
            65021.0, 
            65021.0, 
            78337.0, 
            56835.0, 
            64517.0, 
            76296.0, 
            64010.0, 
            65034.0, 
            59403.0, 
            65035.0, 
            68619.0, 
            71182.0, 
            78351.0, 
            64016.0, 
            65552.0, 
            69650.0, 
            63510.0, 
            68118.0, 
            60440.0, 
            63000.0, 
            59416.0, 
            60441.0, 
            60443.0, 
            59931.0, 
            64539.0, 
            71198.0, 
            75806.0, 
            56863.0, 
            60447.0, 
            76319.0, 
            60448.0, 
            61985.0, 
            60450.0, 
            60451.0, 
            61987.0, 
            70692.0, 
            60453.0, 
            71205.0, 
            60966.0, 
            74790.0, 
            74792.0, 
            72235.0, 
            74795.0, 
            53804.0, 
            58412.0, 
            61484.0, 
            75824.0
        ]
    }, 
    "image-00103.jpg": {
        "25.128084,121.751221": [
            78544.0, 
            64721.0, 
            78546.0, 
            66770.0, 
            74963.0, 
            56533.0, 
            56021.0, 
            75477.0, 
            62166.0, 
            62678.0, 
            71382.0, 
            63191.0, 
            70872.0, 
            73944.0, 
            73433.0, 
            76506.0, 
            73436.0, 
            64734.0, 
            72926.0, 
            59106.0, 
            57059.0, 
            57571.0, 
            58084.0, 
            63204.0, 
            58085.0, 
            60646.0, 
            71910.0, 
            55526.0, 
            57062.0, 
            56040.0, 
            58600.0, 
            66792.0, 
            59626.0, 
            72938.0, 
            73450.0, 
            72939.0, 
            72428.0, 
            72940.0, 
            73964.0, 
            59628.0, 
            72428.0, 
            76012.0, 
            59629.0, 
            72429.0, 
            55022.0, 
            59632.0, 
            70898.0, 
            70899.0, 
            56563.0, 
            71923.0, 
            56566.0, 
            73472.0, 
            75010.0, 
            58629.0, 
            70919.0, 
            60169.0, 
            61706.0, 
            60177.0, 
            60689.0, 
            77073.0, 
            77586.0, 
            53011.0, 
            55575.0, 
            56087.0, 
            59160.0, 
            59673.0, 
            73497.0, 
            73498.0, 
            62240.0, 
            59169.0, 
            57124.0, 
            54575.0, 
            67375.0, 
            67376.0, 
            71472.0, 
            76080.0, 
            54577.0, 
            73521.0
        ]
    }, 
    "image-00022.jpg": {
        "25.128077,121.751315": [
            74959.0, 
            69840.0, 
            74448.0, 
            72401.0, 
            52946.0, 
            58579.0, 
            64723.0, 
            54487.0, 
            72409.0, 
            73433.0, 
            73434.0, 
            53979.0, 
            58075.0, 
            60124.0, 
            74972.0, 
            59613.0, 
            72926.0, 
            58079.0, 
            60130.0, 
            60642.0, 
            72421.0, 
            59114.0, 
            73450.0, 
            73963.0, 
            62700.0, 
            70892.0, 
            77036.0, 
            72429.0, 
            59632.0, 
            78581.0, 
            70390.0, 
            78070.0, 
            69366.0, 
            69879.0, 
            69880.0, 
            68857.0, 
            74489.0, 
            69882.0, 
            55036.0, 
            77056.0, 
            67843.0, 
            75012.0, 
            77060.0, 
            67332.0, 
            59653.0, 
            58123.0, 
            60683.0, 
            61195.0, 
            70925.0, 
            60686.0, 
            61198.0, 
            73487.0, 
            59665.0, 
            60179.0, 
            68372.0, 
            68884.0, 
            76052.0, 
            55575.0, 
            59159.0, 
            59671.0, 
            76056.0, 
            60697.0, 
            60186.0, 
            60187.0, 
            59675.0, 
            62236.0, 
            62748.0, 
            69917.0, 
            68382.0, 
            68894.0, 
            53023.0, 
            69407.0, 
            72991.0, 
            73506.0, 
            68899.0, 
            66341.0, 
            62761.0, 
            68396.0, 
            56623.0, 
            70960.0, 
            61233.0
        ]
    }, 
    "image-00006.jpg": {
        "25.128084,121.751221": [
            70095.0, 
            73167.0, 
            75215.0, 
            78801.0, 
            61394.0, 
            72658.0, 
            72659.0, 
            72659.0, 
            77781.0, 
            72661.0, 
            74709.0, 
            73686.0, 
            73687.0, 
            73177.0, 
            72156.0, 
            71133.0, 
            75229.0, 
            69087.0, 
            70624.0, 
            72672.0, 
            70114.0, 
            76260.0, 
            73704.0, 
            74728.0, 
            73193.0, 
            71145.0, 
            71657.0, 
            76268.0, 
            71661.0, 
            71662.0, 
            71663.0, 
            71664.0, 
            76272.0, 
            72689.0, 
            68594.0, 
            76279.0, 
            74750.0, 
            64511.0, 
            60928.0, 
            58880.0, 
            73729.0, 
            74241.0, 
            63492.0, 
            74244.0, 
            63492.0, 
            63493.0, 
            62470.0, 
            75270.0, 
            62983.0, 
            63495.0, 
            66567.0, 
            67080.0, 
            70665.0, 
            59402.0, 
            62986.0, 
            62986.0, 
            73740.0, 
            57870.0, 
            74766.0, 
            63504.0, 
            72210.0, 
            74258.0, 
            71705.0, 
            71706.0, 
            57883.0, 
            72732.0, 
            63006.0, 
            70174.0, 
            71710.0, 
            70687.0, 
            65055.0, 
            57888.0, 
            68645.0, 
            70695.0, 
            71721.0, 
            57898.0, 
            58922.0
        ]
    },