{
    "image-00041.jpg": {
        "25.128077,121.751315": [
            [
                5.140336370740508
            ], 
            [
                -34.424964982567076
            ], 
            [
                -0.9264549888567704
            ]
        ]
    }, 
    "image-00036.jpg": {
        "25.128084,121.751221": [
            [
                -3.1080812722037803
            ], 
            [
                10.06393542797183
            ], 
            [
                -0.23659110434033753
            ]
        ]
    }
}