{
    "image-00109.jpg": {
        "22.678505,120.319167": [
            [
                8.039955504560279
            ], 
            [
                47.89481578499167
            ], 
            [
                3.233193686594518
            ]
        ]
    }, 
    "image-00107.jpg": {
        "22.678442,120.319064": [
            [
                -3.253792217518812
            ], 
            [
                6.507318148803941
            ], 
            [
                -3.459083253365106
            ]
        ]
    }
}