{
    "image-00064.jpg": {
        "25.054809,121.627543": [
            [
                1.1489441000001699
            ], 
            [
                5.06476222326748
            ], 
            [
                -0.501505846127809
            ]
        ]
    }, 
    "image-00069.jpg": {
        "25.054904,121.627315": [
            [
                8.69289605107852
            ], 
            [
                191.03223486127018
            ], 
            [
                53.661412713490954
            ]
        ]
    }
}