{
    "image-00046.jpg": {
        "24.998547,121.320874": [
            [
                10.221262305538787
            ], 
            [
                27.202428536644575
            ], 
            [
                0.39015684052135846
            ]
        ]
    }, 
    "image-00067.jpg": {
        "24.998850,121.320714": [
            [
                0.4532919301687083
            ], 
            [
                41.09691561139025
            ], 
            [
                0.7874417690690798
            ]
        ]
    }, 
    "image-00055.jpg": {
        "24.998651,121.320817": [
            [
                3.8943687646407845
            ], 
            [
                24.8214742065209
            ], 
            [
                -1.724399690228033
            ]
        ]
    }, 
    "image-00041.jpg": {
        "24.998687,121.320798": [
            [
                15.77430103723251
            ], 
            [
                16.70699975106779
            ], 
            [
                -0.1935167387105099
            ]
        ]
    }, 
    "image-00062.jpg": {
        "24.998768,121.320756": [
            [
                0.24245748345612025
            ], 
            [
                31.09697513587014
            ], 
            [
                -0.035067954928734046
            ]
        ]
    }, 
    "image-00060.jpg": {
        "24.998687,121.320798": [
            [
                1.3180564128215644
            ], 
            [
                27.755446169297056
            ], 
            [
                -0.8224264121226699
            ]
        ]
    }
}