{
    "image-00110.jpg": {
        "24.961595,121.255173": [
            [
                0.2359610247221985
            ], 
            [
                -1.7936155158891827
            ], 
            [
                -0.6494163558546244
            ]
        ]
    }, 
    "image-00072.jpg": {
        "24.961776,121.254721": [
            [
                6.408672451620401
            ], 
            [
                -51.54081549579578
            ], 
            [
                -0.29674126480354746
            ]
        ]
    }, 
    "image-00104.jpg": {
        "24.961738,121.254908": [
            [
                -2.8191385281535015
            ], 
            [
                -27.575066903900492
            ], 
            [
                -0.6765663318891075
            ]
        ]
    }, 
    "image-00045.jpg": {
        "24.961661,121.254555": [
            [
                24.8522666645729
            ], 
            [
                -58.390980160762005
            ], 
            [
                -0.29512835453762865
            ]
        ]
    }, 
    "image-00102.jpg": {
        "24.961687,121.255002": [
            [
                -1.767376938317228
            ], 
            [
                -17.083849724357407
            ], 
            [
                -0.3963286854127046
            ]
        ]
    }, 
    "image-00062.jpg": {
        "24.961721,121.254642": [
            [
                17.007590676961073
            ], 
            [
                -55.49756392097451
            ], 
            [
                -0.7311195363299055
            ]
        ]
    }, 
    "image-00075.jpg": {
        "24.961802,121.254789": [
            [
                0.199265387406939
            ], 
            [
                -49.103224342335466
            ], 
            [
                0.039580044523478186
            ]
        ]
    }, 
    "image-00124.jpg": {
        "24.961503,121.255343": [
            [
                -0.18945682146275988
            ], 
            [
                23.80522809263195
            ], 
            [
                -0.9001986669721158
            ]
        ]
    }, 
    "image-00108.jpg": {
        "24.961641,121.255087": [
            [
                -0.7084187731209688
            ], 
            [
                -6.243525818713803
            ], 
            [
                -0.7249291592526312
            ]
        ]
    }, 
    "image-00051.jpg": {
        "24.961714,121.254492": [
            [
                24.622924593161287
            ], 
            [
                -69.40467277817403
            ], 
            [
                1.279592328440871
            ]
        ]
    }, 
    "image-00120.jpg": {
        "24.961549,121.255258": [
            [
                -1.9586844540970887
            ], 
            [
                18.646745206757775
            ], 
            [
                -2.3680104793666095
            ]
        ]
    }
}