{
    "image-00031.jpg": {
        "24.956183,121.237381": [
            [
                -11.78486477322333
            ], 
            [
                -21.81081970028512
            ], 
            [
                -1.35849319697744
            ]
        ]
    }, 
    "image-00065.jpg": {
        "24.956123,121.237194": [
            [
                1.2896392223178026
            ], 
            [
                -48.33007478962506
            ], 
            [
                -0.8341679172419096
            ]
        ]
    }, 
    "image-00071.jpg": {
        "24.956033,121.236913": [
            [
                -3.772657666038259
            ], 
            [
                -43.737854302419265
            ], 
            [
                -2.7441092894129104
            ]
        ]
    }, 
    "image-00118.jpg": {
        "24.955930,121.236596": [
            [
                -10.080213068093919
            ], 
            [
                -106.53883753053387
            ], 
            [
                -1.2849986499898631
            ]
        ]
    }, 
    "image-00106.jpg": {
        "24.955900,121.236502": [
            [
                -4.844276625903456
            ], 
            [
                -111.73891862775407
            ], 
            [
                -0.14952271621088897
            ]
        ]
    }
}