{"image-00057.jpg":{"23.954477,120.574417":[23.954717011184215,120.57423772291804]},"image-00059.jpg":{"23.954846,120.574347":[24.035433413660627,120.82601409475589]},"image-00052.jpg":{"23.954558,120.574376":[23.954838401887315,120.57409720495659]},"image-00060.jpg":{"23.954761,120.574271":[23.954855650491158,120.57412649921324]},"image-00077.jpg":{"23.954796,120.574279":[23.954761443321644,120.57424112481903]},"image-00028.jpg":{"23.954525,120.574393":[23.954530413160217,120.57438942131911]}}