{
    "image-00057.jpg": {
        "23.954477,120.574417": [
            [
                -3.301172546822227
            ], 
            [
                32.14398557169058
            ], 
            [
                -2.5017382709662543
            ]
        ]
    }, 
    "image-00059.jpg": {
        "23.954846,120.574347": [
            [
                26392.2865158332
            ], 
            [
                -4180.399612855218
            ], 
            [
                -88502.45812601762
            ]
        ]
    }, 
    "image-00052.jpg": {
        "23.954558,120.574376": [
            [
                -9.423997844394174
            ], 
            [
                50.81483564763335
            ], 
            [
                3.105706480492683
            ]
        ]
    }, 
    "image-00060.jpg": {
        "23.954761,120.574271": [
            [
                -5.892973827033349
            ], 
            [
                51.08276619178654
            ], 
            [
                2.7928600381652116
            ]
        ]
    }, 
    "image-00077.jpg": {
        "23.954796,120.574279": [
            [
                -0.6432335458366776
            ], 
            [
                36.32306352500298
            ], 
            [
                -1.5901177541497158
            ]
        ]
    }, 
    "image-00028.jpg": {
        "23.954525,120.574393": [
            [
                0.36588723922868793
            ], 
            [
                6.557052919808356
            ], 
            [
                -0.9303584864168986
            ]
        ]
    }
}