{
    "image-00057.jpg": {
        "23.954477,120.574417": [
            [
                -12.194237993039557
            ], 
            [
                47.936278309637345
            ], 
            [
                5.806857008932228
            ]
        ]
    }, 
    "image-00059.jpg": {
        "23.954846,120.574347": [
            [
                19.532881963914367
            ], 
            [
                45.145318676808145
            ], 
            [
                0.46273175098334884
            ]
        ]
    }, 
    "image-00052.jpg": {
        "23.954558,120.574376": [
            [
                -9.470193440819978
            ], 
            [
                56.63495651964418
            ], 
            [
                5.290500022171299
            ]
        ]
    }, 
    "image-00060.jpg": {
        "23.954761,120.574271": [
            [
                3.468978129875076
            ], 
            [
                58.36229689163249
            ], 
            [
                1.9107279160149315
            ]
        ]
    }, 
    "image-00077.jpg": {
        "23.954796,120.574279": [
            [
                3.0848336850006213
            ], 
            [
                35.49068645241348
            ], 
            [
                -2.1230381450574733
            ]
        ]
    }, 
    "image-00028.jpg": {
        "23.954525,120.574393": [
            [
                2.16040447634658
            ], 
            [
                0.24104163359551328
            ], 
            [
                -1.3848095153490556
            ]
        ]
    }
}