{"image-00052.jpg":{"25.048775,121.563486":[25.04877038973495,121.56346947707364]},"image-00058.jpg":{"25.048786,121.563585":[25.048776962067045,121.56360713353737]},"image-00085.jpg":{"25.048844,121.564145":[25.048845803461695,121.56418320418796]},"image-00017.jpg":{"25.048683,121.562660":[25.048638049849107,121.56282066645959]},"image-00013.jpg":{"25.048674,121.562552":[25.04869512547354,121.5627855860717]},"image-00074.jpg":{"25.048827,121.563960":[25.048811930098392,121.56394402935335]},"image-00050.jpg":{"25.048764,121.563388":[25.048767966891994,121.5634136005377]},"image-00023.jpg":{"25.048693,121.562769":[25.048666761314646,121.56291864768991]},"image-00028.jpg":{"25.048704,121.562868":[25.04870184870487,121.56290949712817]},"image-00003.jpg":{"25.048654,121.562315":[25.048791230846604,121.56278795456376]},"image-00033.jpg":{"25.048716,121.562966":[25.048672058989045,121.56310132885872]},"image-00104.jpg":{"25.048881,121.564560":[25.048884076174694,121.5645912851609]},"image-00005.jpg":{"25.048664,121.562424":[25.04872713810775,121.5626807379528]},"image-00022.jpg":{"25.048686,121.562710":[25.04874163397135,121.56293885273631]},"image-00110.jpg":{"25.048892,121.564679":[25.048901488913323,121.56471918893195]},"image-00089.jpg":{"25.048852,121.564234":[25.048852566719457,121.56426349529666]},"image-00093.jpg":{"25.048861,121.564333":[25.048861412721635,121.56435426298358]},"image-00043.jpg":{"25.048739,121.563173":[25.048721672912585,121.56326182651733]},"image-00071.jpg":{"25.048813,121.563821":[25.048999241609366,121.56439239825409]},"image-00100.jpg":{"25.048871,121.564442":[25.04888076119741,121.56450092765759]},"image-00120.jpg":{"25.048925,121.565022":[25.04894475022347,121.56501928291947]},"image-00035.jpg":{"25.048727,121.563065":[25.048720987636393,121.56307646889822]},"image-00115.jpg":{"25.048903,121.564797":[25.048913497543875,121.56483280446801]}}