{
    "image-00052.jpg": {
        "25.048775,121.563486": [
            [
                1.3683042055201389
            ], 
            [
                -6.491168546951453
            ], 
            [
                -0.8030670415289751
            ]
        ]
    }, 
    "image-00058.jpg": {
        "25.048786,121.563585": [
            [
                1.06222893473259
            ], 
            [
                8.183352760700531
            ], 
            [
                0.28005976730015414
            ]
        ]
    }, 
    "image-00085.jpg": {
        "25.048844,121.564145": [
            [
                2.141685131529811
            ], 
            [
                65.94617351789064
            ], 
            [
                -0.8519305630552303
            ]
        ]
    }, 
    "image-00017.jpg": {
        "25.048683,121.562660": [
            [
                -0.023660754853521482
            ], 
            [
                -85.82543915848098
            ], 
            [
                0.205821692119029
            ]
        ]
    }, 
    "image-00013.jpg": {
        "25.048674,121.562552": [
            [
                -0.6221245688434482
            ], 
            [
                -95.30959420510582
            ], 
            [
                -0.18306944328128338
            ]
        ]
    }, 
    "image-00074.jpg": {
        "25.048827,121.563960": [
            [
                3.083385427056216
            ], 
            [
                40.65997399241114
            ], 
            [
                -0.831303448051842
            ]
        ]
    }, 
    "image-00050.jpg": {
        "25.048764,121.563388": [
            [
                -0.12530624476198082
            ], 
            [
                -12.041731924814002
            ], 
            [
                0.08692296094512608
            ]
        ]
    }, 
    "image-00023.jpg": {
        "25.048693,121.562769": [
            [
                0.9784317800590712
            ], 
            [
                -72.28102384864293
            ], 
            [
                -0.5177342875816429
            ]
        ]
    }, 
    "image-00028.jpg": {
        "25.048704,121.562868": [
            [
                0.9704215947163961
            ], 
            [
                -62.95204223710062
            ], 
            [
                -0.30168466221662094
            ]
        ]
    }, 
    "image-00003.jpg": {
        "25.048654,121.562315": [
            [
                -4.560686294521648
            ], 
            [
                -87.76644921279255
            ], 
            [
                -1.8233810889182014
            ]
        ]
    }, 
    "image-00033.jpg": {
        "25.048716,121.562966": [
            [
                0.12812982497459036
            ], 
            [
                -50.79000615558624
            ], 
            [
                -0.4705136492096873
            ]
        ]
    }, 
    "image-00104.jpg": {
        "25.048881,121.564560": [
            [
                2.4380232074295574
            ], 
            [
                106.72882817532272
            ], 
            [
                -0.5165828680404587
            ]
        ]
    }, 
    "image-00005.jpg": {
        "25.048664,121.562424": [
            [
                0.2716917910247256
            ], 
            [
                -94.88765620898772
            ], 
            [
                0.4423575206414121
            ]
        ]
    }, 
    "image-00022.jpg": {
        "25.048686,121.562710": [
            [
                1.104740867889615
            ], 
            [
                -77.14017808030242
            ], 
            [
                -0.6186111667382885
            ]
        ]
    }, 
    "image-00110.jpg": {
        "25.048892,121.564679": [
            [
                3.2957904119011694
            ], 
            [
                121.19979732877147
            ], 
            [
                -0.37597407331390187
            ]
        ]
    }, 
    "image-00089.jpg": {
        "25.048852,121.564234": [
            [
                2.4705325129603084
            ], 
            [
                73.85917991838991
            ], 
            [
                -0.8156062522991103
            ]
        ]
    }, 
    "image-00093.jpg": {
        "25.048861,121.564333": [
            [
                1.8223715089911963
            ], 
            [
                82.53432972885612
            ], 
            [
                -0.9733376561684075
            ]
        ]
    }, 
    "image-00043.jpg": {
        "25.048739,121.563173": [
            [
                0.5874447694878384
            ], 
            [
                -28.810970492382516
            ], 
            [
                0.2574912486567733
            ]
        ]
    }, 
    "image-00071.jpg": {
        "25.048813,121.563821": [
            [
                -13.672619975602215
            ], 
            [
                93.89033193001339
            ], 
            [
                4.797483091242206
            ]
        ]
    }, 
    "image-00100.jpg": {
        "25.048871,121.564442": [
            [
                1.665382549267985
            ], 
            [
                98.05934658039762
            ], 
            [
                -0.9672166444969594
            ]
        ]
    }, 
    "image-00120.jpg": {
        "25.048925,121.565022": [
            [
                1.8086560918929138
            ], 
            [
                148.90709272226678
            ], 
            [
                1.4102639854716301
            ]
        ]
    }, 
    "image-00035.jpg": {
        "25.048727,121.563065": [
            [
                0.3786082208833106
            ], 
            [
                -46.56149552826783
            ], 
            [
                -0.6619444734275204
            ]
        ]
    }, 
    "image-00115.jpg": {
        "25.048903,121.564797": [
            [
                3.2392256161958173
            ], 
            [
                132.46784586317457
            ], 
            [
                -0.7478037751172195
            ]
        ]
    }
}