{
    "image-00052.jpg": {
        "25.048775,121.563486": [
            [
                0.2886463504071872
            ], 
            [
                -1.7175358980547606
            ], 
            [
                -0.5394958416298958
            ]
        ]
    }, 
    "image-00058.jpg": {
        "25.048786,121.563585": [
            [
                1.393037330938092
            ], 
            [
                12.124792086884112
            ], 
            [
                0.10366781905558575
            ]
        ]
    }, 
    "image-00085.jpg": {
        "25.048844,121.564145": [
            [
                1.4582422202000362
            ], 
            [
                70.65892717239336
            ], 
            [
                -0.6317658605165306
            ]
        ]
    }, 
    "image-00017.jpg": {
        "25.048683,121.562660": [
            [
                6.255743674600293
            ], 
            [
                -68.44649336379392
            ], 
            [
                -2.2775763469653576
            ]
        ]
    }, 
    "image-00013.jpg": {
        "25.048674,121.562552": [
            [
                -0.5014105315500501
            ], 
            [
                -71.11248325049401
            ], 
            [
                -2.461239811862681
            ]
        ]
    }, 
    "image-00074.jpg": {
        "25.048827,121.563960": [
            [
                2.014458039736051
            ], 
            [
                46.27894544918271
            ], 
            [
                -0.7066331806899875
            ]
        ]
    }, 
    "image-00050.jpg": {
        "25.048764,121.563388": [
            [
                -0.1866436620971793
            ], 
            [
                -7.332723649201695
            ], 
            [
                0.1902429506574741
            ]
        ]
    }, 
    "image-00023.jpg": {
        "25.048693,121.562769": [
            [
                4.392829962980382
            ], 
            [
                -58.241336259812876
            ], 
            [
                -2.0267515649536803
            ]
        ]
    }, 
    "image-00028.jpg": {
        "25.048704,121.562868": [
            [
                0.4037993361423968
            ], 
            [
                -58.6405393398533
            ], 
            [
                -0.1443403171460691
            ]
        ]
    }, 
    "image-00003.jpg": {
        "25.048654,121.562315": [
            [
                -11.063029186872926
            ], 
            [
                -69.46662821420331
            ], 
            [
                3.189856522464192
            ]
        ]
    }, 
    "image-00033.jpg": {
        "25.048716,121.562966": [
            [
                6.2359616629313175
            ], 
            [
                -39.92167255848163
            ], 
            [
                -1.7609772537003647
            ]
        ]
    }, 
    "image-00104.jpg": {
        "25.048881,121.564560": [
            [
                2.6609279624509163
            ], 
            [
                111.9698630780546
            ], 
            [
                -0.13221127191403426
            ]
        ]
    }, 
    "image-00005.jpg": {
        "25.048664,121.562424": [
            [
                -5.42296627566572
            ], 
            [
                -81.11281694176986
            ], 
            [
                -1.9314732990230414
            ]
        ]
    }, 
    "image-00022.jpg": {
        "25.048686,121.562710": [
            [
                -3.5914619506838945
            ], 
            [
                -55.12570934340312
            ], 
            [
                -1.8906039732593904
            ]
        ]
    }, 
    "image-00110.jpg": {
        "25.048892,121.564679": [
            [
                2.4407718997270464
            ], 
            [
                124.99726866778767
            ], 
            [
                -0.3686796559385215
            ]
        ]
    }, 
    "image-00089.jpg": {
        "25.048852,121.564234": [
            [
                1.7794266547707096
            ], 
            [
                78.7757248164853
            ], 
            [
                -0.6096835858914922
            ]
        ]
    }, 
    "image-00093.jpg": {
        "25.048861,121.564333": [
            [
                2.0102171879060613
            ], 
            [
                87.96922283357468
            ], 
            [
                -0.5356711902379452
            ]
        ]
    }, 
    "image-00043.jpg": {
        "25.048739,121.563173": [
            [
                2.8996501722640597
            ], 
            [
                -23.167292573363785
            ], 
            [
                -1.377695489522996
            ]
        ]
    }, 
    "image-00071.jpg": {
        "25.048813,121.563821": [
            [
                -12.675194966465735
            ], 
            [
                93.79847948925348
            ], 
            [
                4.574769437731987
            ]
        ]
    }, 
    "image-00100.jpg": {
        "25.048871,121.564442": [
            [
                1.8259522666712247
            ], 
            [
                102.89842524989692
            ], 
            [
                -0.5720105834266604
            ]
        ]
    }, 
    "image-00120.jpg": {
        "25.048925,121.565022": [
            [
                1.6589063978098935
            ], 
            [
                155.5981307836326
            ], 
            [
                1.40996390067194
            ]
        ]
    }, 
    "image-00035.jpg": {
        "25.048727,121.563065": [
            [
                0.5125875849253889
            ], 
            [
                -41.68658189880448
            ], 
            [
                -0.44925565791964495
            ]
        ]
    }, 
    "image-00115.jpg": {
        "25.048903,121.564797": [
            [
                2.626454088699955
            ], 
            [
                136.51864675893088
            ], 
            [
                -0.7102759742900204
            ]
        ]
    }
}