{"image-00019.jpg":{"24.130105,120.662032":[24.130167149899634,120.66177295259072]},"image-00092.jpg":{"24.130101,120.660672":[24.130557299458218,120.65906056713453]},"image-00026.jpg":{"24.130103,120.661933":[24.13010717483984,120.66191760555962]},"image-00011.jpg":{"24.130107,120.662225":[24.130107396609933,120.66215672708412]},"image-00039.jpg":{"24.130103,120.661883":[24.130096381728556,120.66183434929069]},"image-00045.jpg":{"24.130105,120.661689":[24.130102538572025,120.6616717064592]},"image-00073.jpg":{"24.130106,120.661214":[24.130107046737287,120.66117234269403]},"image-00054.jpg":{"24.130107,120.661590":[24.13010964129517,120.66152232419418]},"image-00062.jpg":{"24.130107,120.661313":[24.13010946353809,120.66132979605837]},"image-00016.jpg":{"24.130106,120.662130":[24.13010245014591,120.66208813874557]},"image-00040.jpg":{"24.130104,120.661788":[24.130110590702383,120.66175254614475]}}