{
    "image-00019.jpg": {
        "24.130105,120.662032": [
            [
                7.314720375160462
            ], 
            [
                26.178256332285667
            ], 
            [
                1.8286905514173082
            ]
        ]
    }, 
    "image-00092.jpg": {
        "24.130101,120.660672": [
            [
                54.933573436904695
            ], 
            [
                300.72637862750673
            ], 
            [
                12.366996081843833
            ]
        ]
    }, 
    "image-00026.jpg": {
        "24.130103,120.661933": [
            [
                0.4205477262558579
            ], 
            [
                11.603494391861267
            ], 
            [
                -0.33453785702335065
            ]
        ]
    }, 
    "image-00011.jpg": {
        "24.130107,120.662225": [
            [
                0.07157971211522718
            ], 
            [
                -12.659740438824473
            ], 
            [
                -0.01167606417710254
            ]
        ]
    }, 
    "image-00039.jpg": {
        "24.130103,120.661883": [
            [
                -0.6493525496339445
            ], 
            [
                20.06971132309804
            ], 
            [
                0.8641292988528315
            ]
        ]
    }, 
    "image-00045.jpg": {
        "24.130105,120.661689": [
            [
                0.2893372432299669
            ], 
            [
                36.56197908129801
            ], 
            [
                -1.38104265460873
            ]
        ]
    }, 
    "image-00073.jpg": {
        "24.130106,120.661214": [
            [
                1.5710356884426862
            ], 
            [
                87.22301205308521
            ], 
            [
                -0.8319361401713277
            ]
        ]
    }, 
    "image-00054.jpg": {
        "24.130107,120.661590": [
            [
                1.3124860693782994
            ], 
            [
                51.7071327221502
            ], 
            [
                -0.7418092363247122
            ]
        ]
    }, 
    "image-00062.jpg": {
        "24.130107,120.661313": [
            [
                1.5936311606831228
            ], 
            [
                71.24262137340835
            ], 
            [
                -0.1486214493041067
            ]
        ]
    }, 
    "image-00016.jpg": {
        "24.130106,120.662130": [
            [
                -0.37121247932519014
            ], 
            [
                -5.691843892045071
            ], 
            [
                -0.20719153517694283
            ]
        ]
    }, 
    "image-00040.jpg": {
        "24.130104,120.661788": [
            [
                1.0582568555593266
            ], 
            [
                28.34566398014453
            ], 
            [
                -1.0251090692911984
            ]
        ]
    }
}