{
    "image-00019.jpg": {
        "24.130105,120.662032": [
            [
                -4.5890757494856285
            ], 
            [
                32.34261210480427
            ], 
            [
                2.9566895657515992
            ]
        ]
    }, 
    "image-00092.jpg": {
        "24.130101,120.660672": [
            [
                36.89222566543363
            ], 
            [
                342.3416630185223
            ], 
            [
                28.81913664209803
            ]
        ]
    }, 
    "image-00026.jpg": {
        "24.130103,120.661933": [
            [
                0.8493299979345892
            ], 
            [
                7.372038250535933
            ], 
            [
                -0.20523817045338294
            ]
        ]
    }, 
    "image-00011.jpg": {
        "24.130107,120.662225": [
            [
                -0.08905596383573688
            ], 
            [
                -19.90615402193566
            ], 
            [
                -0.480642658116782
            ]
        ]
    }, 
    "image-00039.jpg": {
        "24.130103,120.661883": [
            [
                1.3848412680872961
            ], 
            [
                15.096302210643644
            ], 
            [
                0.353524678809092
            ]
        ]
    }, 
    "image-00045.jpg": {
        "24.130105,120.661689": [
            [
                -0.22565552590734633
            ], 
            [
                28.5533869279717
            ], 
            [
                -2.6203988212826257
            ]
        ]
    }, 
    "image-00073.jpg": {
        "24.130106,120.661214": [
            [
                0.9780669498378362
            ], 
            [
                83.7001651508118
            ], 
            [
                -0.9765521550752316
            ]
        ]
    }, 
    "image-00054.jpg": {
        "24.130107,120.661590": [
            [
                0.4329594588911849
            ], 
            [
                63.22978375334946
            ], 
            [
                -1.9757828231298475
            ]
        ]
    }, 
    "image-00062.jpg": {
        "24.130107,120.661313": [
            [
                9.890012970513725
            ], 
            [
                86.6959225823626
            ], 
            [
                1.6545244106713515
            ]
        ]
    }, 
    "image-00016.jpg": {
        "24.130106,120.662130": [
            [
                1.8315981628086906
            ], 
            [
                -12.362755403316116
            ], 
            [
                -0.8007395285057616
            ]
        ]
    }, 
    "image-00040.jpg": {
        "24.130104,120.661788": [
            [
                1.9907404190404012
            ], 
            [
                19.154199824606255
            ], 
            [
                -2.1699075658614664
            ]
        ]
    }
}