{"image-00044.jpg":{"23.005892,120.269035":[23.00590736211821,120.26901266949201]},"image-00057.jpg":{"23.006090,120.268850":[23.006070421776283,120.26885769316536]},"image-00046.jpg":{"23.005954,120.268978":[23.005941347984027,120.268991014774]},"image-00022.jpg":{"23.005627,120.269284":[23.005626186122736,120.26927450706918]},"image-00096.jpg":{"23.006577,120.268389":[23.00655384146081,120.26839531743516]},"image-00067.jpg":{"23.006223,120.268726":[23.006206235599702,120.26874323380738]},"image-00072.jpg":{"23.006285,120.268668":[23.006258922131433,120.26868556597839]},"image-00076.jpg":{"23.006348,120.268609":[23.006313205096227,120.26863777224679]},"image-00080.jpg":{"23.006381,120.268577":[23.00636028354649,120.26858713677825]},"image-00052.jpg":{"23.006022,120.268914":[23.006014556619416,120.26891542998028]},"image-00091.jpg":{"23.006516,120.268448":[23.006928638662316,120.26795862350131]},"image-00004.jpg":{"23.005402,120.269495":[23.005437261456343,120.26945650285388]},"image-00030.jpg":{"23.005763,120.269156":[23.005756097901305,120.2691802317387]},"image-00005.jpg":{"23.005484,120.269418":[23.005455134563412,120.26943341124692]},"image-00014.jpg":{"23.005559,120.269348":[23.005550881650567,120.26935495023037]},"image-00027.jpg":{"23.005695,120.269220":[23.00570349425115,120.2692166275936]}}