{
    "image-00044.jpg": {
        "23.005892,120.269035": [
            [
                -0.27389339093534243
            ], 
            [
                -1.3048631475951682
            ], 
            [
                -2.486863196352668
            ]
        ]
    }, 
    "image-00057.jpg": {
        "23.006090,120.268850": [
            [
                -0.6866755076064657
            ], 
            [
                22.36672961584731
            ], 
            [
                -2.327169382875995
            ]
        ]
    }, 
    "image-00046.jpg": {
        "23.005954,120.268978": [
            [
                -0.11826581017109486
            ], 
            [
                2.474202083043447
            ], 
            [
                -2.5842097545416043
            ]
        ]
    }, 
    "image-00022.jpg": {
        "23.005627,120.269284": [
            [
                -2.0473535035144823
            ], 
            [
                -45.098598124319
            ], 
            [
                -3.015078604544646
            ]
        ]
    }, 
    "image-00096.jpg": {
        "23.006577,120.268389": [
            [
                -1.1784525599784066
            ], 
            [
                93.48204525647144
            ], 
            [
                -1.881107313070523
            ]
        ]
    }, 
    "image-00067.jpg": {
        "23.006223,120.268726": [
            [
                0.4075905387529648
            ], 
            [
                36.8946631739589
            ], 
            [
                -2.5075394858985707
            ]
        ]
    }, 
    "image-00072.jpg": {
        "23.006285,120.268668": [
            [
                -0.5205647231822413
            ], 
            [
                47.023256398512316
            ], 
            [
                -2.4673920463199788
            ]
        ]
    }, 
    "image-00076.jpg": {
        "23.006348,120.268609": [
            [
                -1.4250239756754701
            ], 
            [
                54.55584976535485
            ], 
            [
                -2.413887505675679
            ]
        ]
    }, 
    "image-00080.jpg": {
        "23.006381,120.268577": [
            [
                -1.2419450814560569
            ], 
            [
                63.83366516608329
            ], 
            [
                -2.3863303125179947
            ]
        ]
    }, 
    "image-00052.jpg": {
        "23.006022,120.268914": [
            [
                -0.47380537142557194
            ], 
            [
                12.493219182601543
            ], 
            [
                -2.650082478893567
            ]
        ]
    }, 
    "image-00091.jpg": {
        "23.006516,120.268448": [
            [
                -9.839216150514055
            ], 
            [
                173.9752516242116
            ], 
            [
                5.485685316307347
            ]
        ]
    }, 
    "image-00004.jpg": {
        "23.005402,120.269495": [
            [
                -0.1983599256942433
            ], 
            [
                -73.27261660497778
            ], 
            [
                -1.6904340393217627
            ]
        ]
    }, 
    "image-00005.jpg": {
        "23.005484,120.269418": [
            [
                -1.4887197673629013
            ], 
            [
                -70.15087197278345
            ], 
            [
                -2.732439490828414
            ]
        ]
    }, 
    "image-00014.jpg": {
        "23.005559,120.269348": [
            [
                -0.4253921382754915
            ], 
            [
                -58.988999645796255
            ], 
            [
                -3.283209432790195
            ]
        ]
    }, 
    "image-00027.jpg": {
        "23.005695,120.269220": [
            [
                0.7626897617579848
            ], 
            [
                -31.0567999275939
            ], 
            [
                -1.161079733224346
            ]
        ]
    }, 
    "image-00030.jpg": {
        "23.005763,120.269156": [
            [
                2.181111657917131
            ], 
            [
                -26.34861798094286
            ], 
            [
                -2.0507921914383123
            ]
        ]
    }
}