{
    "image-00044.jpg": {
        "23.005892,120.269035": [
            [
                -0.6220906777252925
            ], 
            [
                2.784716917828909
            ], 
            [
                -1.8658572971949874
            ]
        ]
    }, 
    "image-00057.jpg": {
        "23.006090,120.268850": [
            [
                -0.8521858929819702
            ], 
            [
                26.874067921399558
            ], 
            [
                -1.7981465989804843
            ]
        ]
    }, 
    "image-00046.jpg": {
        "23.005954,120.268978": [
            [
                0.15688864485668097
            ], 
            [
                7.095957180604079
            ], 
            [
                -1.8924838266201978
            ]
        ]
    }, 
    "image-00022.jpg": {
        "23.005627,120.269284": [
            [
                -0.6446431380012996
            ], 
            [
                -38.394479692067776
            ], 
            [
                -2.0471356061842445
            ]
        ]
    }, 
    "image-00096.jpg": {
        "23.006577,120.268389": [
            [
                -1.7609557507684075
            ], 
            [
                98.4858763517219
            ], 
            [
                -1.4261221100055947
            ]
        ]
    }, 
    "image-00067.jpg": {
        "23.006223,120.268726": [
            [
                0.09191716142889039
            ], 
            [
                45.96371316619369
            ], 
            [
                -1.7566682782630887
            ]
        ]
    }, 
    "image-00072.jpg": {
        "23.006285,120.268668": [
            [
                -0.5721921440323934
            ], 
            [
                54.253365365471154
            ], 
            [
                -1.7812219319976488
            ]
        ]
    }, 
    "image-00076.jpg": {
        "23.006348,120.268609": [
            [
                -0.35374403842989083
            ], 
            [
                62.01959986537309
            ], 
            [
                -1.6429729894223863
            ]
        ]
    }, 
    "image-00080.jpg": {
        "23.006381,120.268577": [
            [
                -0.8777115066519241
            ], 
            [
                69.36728706543855
            ], 
            [
                -1.7688278929614267
            ]
        ]
    }, 
    "image-00052.jpg": {
        "23.006022,120.268914": [
            [
                -0.41287221263600904
            ], 
            [
                18.31158382824875
            ], 
            [
                -2.0190777253555328
            ]
        ]
    }, 
    "image-00091.jpg": {
        "23.006516,120.268448": [
            [
                -8.540221623146229
            ], 
            [
                159.21985235249775
            ], 
            [
                2.335723500559528
            ]
        ]
    }, 
    "image-00004.jpg": {
        "23.005402,120.269495": [
            [
                -0.18865626747980713
            ], 
            [
                -66.46740966339563
            ], 
            [
                -1.3789434827278755
            ]
        ]
    }, 
    "image-00030.jpg": {
        "23.005763,120.269156": [
            [
                1.4397664653683335
            ], 
            [
                -21.148169952018918
            ], 
            [
                -1.2916193526390702
            ]
        ]
    }, 
    "image-00005.jpg": {
        "23.005484,120.269418": [
            [
                -0.688053848999391
            ], 
            [
                -63.42006332770929
            ], 
            [
                -2.008170042560174
            ]
        ]
    }, 
    "image-00014.jpg": {
        "23.005559,120.269348": [
            [
                0.1507673379717307
            ], 
            [
                -50.11080168020655
            ], 
            [
                -1.749703721199222
            ]
        ]
    }, 
    "image-00027.jpg": {
        "23.005695,120.269220": [
            [
                0.4576490408107564
            ], 
            [
                -28.01301340584045
            ], 
            [
                -0.9572199095371661
            ]
        ]
    }
}