{
    "image-00050.jpg": {
        "25.094057,121.447416": [
            [
                -3.5637975332670737
            ], 
            [
                49.71534849952098
            ], 
            [
                -7.541696237727603
            ]
        ]
    }, 
    "image-00035.jpg": {
        "25.093836,121.447702": [
            [
                1.2804736124262432
            ], 
            [
                -41.61231497542357
            ], 
            [
                0.3118040648779168
            ]
        ]
    }, 
    "image-00038.jpg": {
        "25.093859,121.447672": [
            [
                -14.596944611482039
            ], 
            [
                56.42447228528806
            ], 
            [
                14.12242049712926
            ]
        ]
    }, 
    "image-00047.jpg": {
        "25.093997,121.447494": [
            [
                -0.44567355342047
            ], 
            [
                -10.966727015011005
            ], 
            [
                -0.415870131699259
            ]
        ]
    }, 
    "image-00065.jpg": {
        "25.094126,121.447328": [
            [
                -2.79128904744281
            ], 
            [
                41.875564880414174
            ], 
            [
                -5.499007719227421
            ]
        ]
    }
}