{
    "image-00026.jpg": {
        "25.030424,121.463834": [
            [
                1.219865314565852
            ], 
            [
                4.148117082201699
            ], 
            [
                0.7746852058996794
            ]
        ]
    }, 
    "image-00039.jpg": {
        "25.030192,121.463958": [
            [
                0.29386582204774836
            ], 
            [
                28.693235502130797
            ], 
            [
                0.6083436377103153
            ]
        ]
    }, 
    "image-00016.jpg": {
        "25.030550,121.463766": [
            [
                1.134007853153794
            ], 
            [
                -12.9064168180132
            ], 
            [
                0.5320696293492131
            ]
        ]
    }, 
    "image-00021.jpg": {
        "25.030509,121.463788": [
            [
                0.7740890904273952
            ], 
            [
                -4.104924617989068
            ], 
            [
                0.5104617178025795
            ]
        ]
    }, 
    "image-00035.jpg": {
        "25.030345,121.463876": [
            [
                -0.2707244615766191
            ], 
            [
                16.16959385446421
            ], 
            [
                0.03372273223721134
            ]
        ]
    }, 
    "image-00001.jpg": {
        "25.030709,121.463681": [
            [
                4.507332284055821
            ], 
            [
                -24.869509050519266
            ], 
            [
                -1.9958814593156078
            ]
        ]
    }
}