{
    "image-00099.jpg": {
        "24.176457,120.628864": [
            [
                36.84928227269183
            ], 
            [
                83.24411527181769
            ], 
            [
                -7.876610428771535
            ]
        ]
    }, 
    "image-00094.jpg": {
        "24.176414,120.628950": [
            [
                -4.937432811017694
            ], 
            [
                -23.707653420593267
            ], 
            [
                0.858167007069564
            ]
        ]
    }, 
    "image-00121.jpg": {
        "24.176434,120.628372": [
            [
                -18.30526839689957
            ], 
            [
                63.840954780660695
            ], 
            [
                -0.7605657710609597
            ]
        ]
    }
}