{
    "image-00014.jpg": {
        "23.591348,120.444439": [
            [
                2.4713750106310197
            ], 
            [
                11.285742565468487
            ], 
            [
                -0.044718593097497816
            ]
        ]
    }, 
    "image-00007.jpg": {
        "23.591258,120.444402": [
            [
                0.8067857995770706
            ], 
            [
                -8.50250341774819
            ], 
            [
                0.05683950912747926
            ]
        ]
    }, 
    "image-00001.jpg": {
        "23.591169,120.444365": [
            [
                0.3606380603521967
            ], 
            [
                -19.136149131280984
            ], 
            [
                -0.09808605302776519
            ]
        ]
    }
}