{
    "image-00013.jpg": {
        "24.140307,120.685853": [
            [
                33.982157671310404
            ], 
            [
                164.81148747831793
            ], 
            [
                6.5017009863342565
            ]
        ]
    }, 
    "image-00033.jpg": {
        "24.139965,120.685874": [
            [
                0.4051883558179865
            ], 
            [
                30.679983481896606
            ], 
            [
                -0.5637564129789125
            ]
        ]
    }, 
    "image-00029.jpg": {
        "24.140082,120.685868": [
            [
                4.103919546620636
            ], 
            [
                20.240369123953244
            ], 
            [
                0.7384556470730592
            ]
        ]
    }, 
    "image-00118.jpg": {
        "24.139866,120.685879": [
            [
                4.466540970416236
            ], 
            [
                61.80365833360362
            ], 
            [
                -2.004937737594928
            ]
        ]
    }, 
    "image-00010.jpg": {
        "24.140419,120.685846": [
            [
                39.564569613248345
            ], 
            [
                169.97412034115948
            ], 
            [
                13.20781603254299
            ]
        ]
    }
}