{"image-00101.jpg":{"22.968641,120.190268":[22.968608850137834,120.19024419567481]},"image-00085.jpg":{"22.968780,120.190284":[22.96880757845799,120.19028622375077]},"image-00033.jpg":{"22.969699,120.190381":[22.96954169432258,120.1902678776954]},"image-00017.jpg":{"22.969966,120.190419":[22.9699156180432,120.19042525149868]},"image-00006.jpg":{"22.970062,120.190432":[22.970017120128507,120.19033347137615]},"image-00067.jpg":{"22.969115,120.190322":[22.968864343682846,120.19019833940084]},"image-00002.jpg":{"22.970161,120.190440":[22.969849506200617,120.19026385649428]},"image-00084.jpg":{"22.968875,120.190295":[22.96881745471113,120.19026586942348]},"image-00121.jpg":{"22.968357,120.190237":[22.968304611654542,120.19020102543897]},"image-00093.jpg":{"22.968733,120.190278":[22.968717616879367,120.19026139832025]},"image-00043.jpg":{"22.969563,120.190366":[22.969521519990032,120.19037715742084]},"image-00105.jpg":{"22.968549,120.190258":[22.967685145231567,120.1902538005226]},"image-00054.jpg":{"22.969294,120.190340":[22.969199364476538,120.1903923937403]},"image-00049.jpg":{"22.969474,120.190358":[22.96940722078119,120.19031635730474]},"image-00053.jpg":{"22.969384,120.190349":[22.969184834826258,120.19024494263596]},"image-00108.jpg":{"22.968451,120.190247":[22.96847431817804,120.19022898336073]},"image-00070.jpg":{"22.969063,120.190316":[22.969049126600478,120.19019137535089]}}