{
    "image-00101.jpg": {
        "22.968641,120.190268": [
            [
                -2.1152154077090817
            ], 
            [
                -3.7742666471430426
            ], 
            [
                -0.38977264429505876
            ]
        ]
    }, 
    "image-00085.jpg": {
        "22.968780,120.190284": [
            [
                0.23930843520936407
            ], 
            [
                18.614867984623775
            ], 
            [
                -0.5977488042427261
            ]
        ]
    }, 
    "image-00033.jpg": {
        "22.969699,120.190381": [
            [
                -8.767963427257499
            ], 
            [
                99.76809976731991
            ], 
            [
                -0.42473535654923966
            ]
        ]
    }, 
    "image-00017.jpg": {
        "22.969966,120.190419": [
            [
                3.647161086613078
            ], 
            [
                142.595834717424
            ], 
            [
                -0.9445465078449562
            ]
        ]
    }, 
    "image-00006.jpg": {
        "22.970062,120.190432": [
            [
                -6.699840610578457
            ], 
            [
                153.01767877923047
            ], 
            [
                -1.590627403166764
            ]
        ]
    }, 
    "image-00067.jpg": {
        "22.969115,120.190322": [
            [
                -9.275570904271765
            ], 
            [
                24.116144141169354
            ], 
            [
                2.581901185486203
            ]
        ]
    }, 
    "image-00002.jpg": {
        "22.970161,120.190440": [
            [
                -12.17026188297612
            ], 
            [
                133.8282536821979
            ], 
            [
                2.7526550128433858
            ]
        ]
    }, 
    "image-00084.jpg": {
        "22.968875,120.190295": [
            [
                -1.932576086893815
            ], 
            [
                19.526676417843504
            ], 
            [
                -1.3309738350340126
            ]
        ]
    }, 
    "image-00121.jpg": {
        "22.968357,120.190237": [
            [
                -3.560597331113417
            ], 
            [
                -37.8608984756987
            ], 
            [
                -0.9302120626791323
            ]
        ]
    }, 
    "image-00093.jpg": {
        "22.968733,120.190278": [
            [
                -1.4180659401621551
            ], 
            [
                8.427704776956329
            ], 
            [
                -0.5349430429625914
            ]
        ]
    }, 
    "image-00043.jpg": {
        "22.969563,120.190366": [
            [
                2.573214210402833
            ], 
            [
                98.51145673351878
            ], 
            [
                -1.3981283672400673
            ]
        ]
    }, 
    "image-00105.jpg": {
        "22.968549,120.190258": [
            [
                7.843527119153272
            ], 
            [
                -106.00647361493095
            ], 
            [
                6.325480547634868
            ]
        ]
    }, 
    "image-00054.jpg": {
        "22.969294,120.190340": [
            [
                7.2587593243345
            ], 
            [
                62.96291024624156
            ], 
            [
                -2.601374251954339
            ]
        ]
    }, 
    "image-00049.jpg": {
        "22.969474,120.190358": [
            [
                -2.5164947825350428
            ], 
            [
                85.30644680976916
            ], 
            [
                -2.1688347705309976
            ]
        ]
    }, 
    "image-00053.jpg": {
        "22.969384,120.190349": [
            [
                -7.638068716058926
            ], 
            [
                60.03377598819742
            ], 
            [
                -1.475844143625248
            ]
        ]
    }, 
    "image-00108.jpg": {
        "22.968451,120.190247": [
            [
                -2.358920852429124
            ], 
            [
                -18.81241896215265
            ], 
            [
                0.13022243448413523
            ]
        ]
    }, 
    "image-00070.jpg": {
        "22.969063,120.190316": [
            [
                -11.782040961117648
            ], 
            [
                44.52206147360046
            ], 
            [
                -0.48015203701520537
            ]
        ]
    }
}