{
    "image-00101.jpg": {
        "22.968641,120.190268": [
            [
                0.9591886444229641
            ], 
            [
                3.917257801005842
            ], 
            [
                -0.7444578703175968
            ]
        ]
    }, 
    "image-00085.jpg": {
        "22.968780,120.190284": [
            [
                0.785268844779117
            ], 
            [
                29.3820150701804
            ], 
            [
                -1.0334306691056296
            ]
        ]
    }, 
    "image-00033.jpg": {
        "22.969699,120.190381": [
            [
                1.0289591722866962
            ], 
            [
                122.19538893480339
            ], 
            [
                0.1399644725553264
            ]
        ]
    }, 
    "image-00017.jpg": {
        "22.969966,120.190419": [
            [
                1.8937141256010923
            ], 
            [
                148.6667746846682
            ], 
            [
                -1.068810622599706
            ]
        ]
    }, 
    "image-00006.jpg": {
        "22.970062,120.190432": [
            [
                -7.559662897356605
            ], 
            [
                159.56427580368089
            ], 
            [
                -1.7162488027573324
            ]
        ]
    }, 
    "image-00067.jpg": {
        "22.969115,120.190322": [
            [
                -11.995847104999825
            ], 
            [
                53.77436035361964
            ], 
            [
                -1.2887110588089938
            ]
        ]
    }, 
    "image-00002.jpg": {
        "22.970161,120.190440": [
            [
                -1.1850168640764789
            ], 
            [
                166.38097629885436
            ], 
            [
                -0.17714756972372392
            ]
        ]
    }, 
    "image-00084.jpg": {
        "22.968875,120.190295": [
            [
                -4.280243448387826
            ], 
            [
                28.458354101979914
            ], 
            [
                -2.1565918940302535
            ]
        ]
    }, 
    "image-00121.jpg": {
        "22.968357,120.190237": [
            [
                -3.9633359251184235
            ], 
            [
                -32.79221743055663
            ], 
            [
                -1.1304215190894258
            ]
        ]
    }, 
    "image-00093.jpg": {
        "22.968733,120.190278": [
            [
                0.1874181903484558
            ], 
            [
                17.880216079512934
            ], 
            [
                -1.192672497154265
            ]
        ]
    }, 
    "image-00043.jpg": {
        "22.969563,120.190366": [
            [
                0.4898921057832956
            ], 
            [
                105.81160026199157
            ], 
            [
                -1.9132640016800824
            ]
        ]
    }, 
    "image-00105.jpg": {
        "22.968549,120.190258": [
            [
                37.67691316635058
            ], 
            [
                -131.6938484488168
            ], 
            [
                -3.012461634981274
            ]
        ]
    }, 
    "image-00054.jpg": {
        "22.969294,120.190340": [
            [
                -1.6228587035874387
            ], 
            [
                79.37558408583044
            ], 
            [
                -0.7756190075044225
            ]
        ]
    }, 
    "image-00049.jpg": {
        "22.969474,120.190358": [
            [
                -0.7362682144616066
            ], 
            [
                90.808699191726
            ], 
            [
                -3.2531827874182326
            ]
        ]
    }, 
    "image-00053.jpg": {
        "22.969384,120.190349": [
            [
                -1.8895315636615824
            ], 
            [
                80.14963281796648
            ], 
            [
                -1.7071589388735773
            ]
        ]
    }, 
    "image-00108.jpg": {
        "22.968451,120.190247": [
            [
                -3.958309942300881
            ], 
            [
                -12.72583747459993
            ], 
            [
                0.05906891451208951
            ]
        ]
    }, 
    "image-00070.jpg": {
        "22.969063,120.190316": [
            [
                -11.76021677909065
            ], 
            [
                47.788731145288736
            ], 
            [
                -1.0688135495211493
            ]
        ]
    }
}