{
    "image-00057.jpg": {
        "24.135590,120.516736": [
            [
                4.296537235962313
            ], 
            [
                2.0072189333862
            ], 
            [
                -0.9674571759104711
            ]
        ]
    }, 
    "image-00078.jpg": {
        "24.135755,120.516944": [
            [
                -0.21878784466326984
            ], 
            [
                27.921415519778073
            ], 
            [
                -0.15119447610581105
            ]
        ]
    }, 
    "image-00053.jpg": {
        "24.135649,120.516811": [
            [
                1.6435188932749052
            ], 
            [
                -0.14065215947333065
            ], 
            [
                -1.493133291332896
            ]
        ]
    }, 
    "image-00077.jpg": {
        "24.135708,120.516885": [
            [
                -0.34879725351852153
            ], 
            [
                20.051261032269053
            ], 
            [
                0.09778767721514914
            ]
        ]
    }, 
    "image-00105.jpg": {
        "24.135834,120.517044": [
            [
                17.632263969983985
            ], 
            [
                95.40053961061841
            ], 
            [
                -20.31871679799156
            ]
        ]
    }, 
    "image-00051.jpg": {
        "24.135560,120.516699": [
            [
                3.9208439735081817
            ], 
            [
                -1.3772160632485029
            ], 
            [
                -1.2701822142146875
            ]
        ]
    }
}