{
    "image-00055.jpg": {
        "22.641772,120.595631": [
            [
                2.8009455390373317
            ], 
            [
                27.056859655977817
            ], 
            [
                -0.05920187154239426
            ]
        ]
    }, 
    "image-00094.jpg": {
        "22.641620,120.595602": [
            [
                -3.492892533471071
            ], 
            [
                55.57724791045708
            ], 
            [
                -1.0822412803422425
            ]
        ]
    }, 
    "image-00017.jpg": {
        "22.642182,120.595710": [
            [
                0.9810873016809407
            ], 
            [
                -46.5738095000015
            ], 
            [
                -2.2997910849170875
            ]
        ]
    }, 
    "image-00020.jpg": {
        "22.642097,120.595694": [
            [
                1.9422951806240656
            ], 
            [
                -40.303057417605
            ], 
            [
                0.3082525302485948
            ]
        ]
    }, 
    "image-00026.jpg": {
        "22.642013,120.595678": [
            [
                2.1393017334555924
            ], 
            [
                -34.66579495101041
            ], 
            [
                -0.7850400224003224
            ]
        ]
    }, 
    "image-00065.jpg": {
        "22.641694,120.595616": [
            [
                1.5433104468276504e-05
            ], 
            [
                5.964171306644796
            ], 
            [
                -0.5759581103789975
            ]
        ]
    }, 
    "image-00084.jpg": {
        "22.641549,120.595588": [
            [
                -0.34931014282713146
            ], 
            [
                21.483008018071256
            ], 
            [
                -1.008523124620865
            ]
        ]
    }, 
    "image-00089.jpg": {
        "22.641423,120.595572": [
            [
                2.1283162088347685
            ], 
            [
                4.164328557729216
            ], 
            [
                1.7314084530757314
            ]
        ]
    }, 
    "image-00034.jpg": {
        "22.641929,120.595662": [
            [
                2.0748746996809575
            ], 
            [
                -23.633344921912528
            ], 
            [
                -0.8624028021179748
            ]
        ]
    }, 
    "image-00043.jpg": {
        "22.641853,120.595647": [
            [
                1.6281836969392107
            ], 
            [
                -13.699850332802935
            ], 
            [
                -2.1925721113880012
            ]
        ]
    }, 
    "image-00123.jpg": {
        "22.641535,120.595615": [
            [
                -2.712389924919165
            ], 
            [
                18.2948255463308
            ], 
            [
                0.2014182003876508
            ]
        ]
    }, 
    "image-00007.jpg": {
        "22.642269,120.595727": [
            [
                1.0321780377316285
            ], 
            [
                -57.70407076994738
            ], 
            [
                -0.15266125390740726
            ]
        ]
    }
}