{"image-00087.jpg":{"23.017282,120.215164":[23.017087037122668,120.21485965975677]},"image-00090.jpg":{"23.017216,120.215114":[23.016848355826237,120.21439246683555]},"image-00026.jpg":{"23.018272,120.215687":[23.0183548124124,120.2156721964974]},"image-00024.jpg":{"23.018360,120.215709":[23.018342907864746,120.21567860090752]},"image-00041.jpg":{"23.018096,120.215639":[23.018066578409012,120.21559897426182]},"image-00094.jpg":{"23.017076,120.215007":[23.016797987808125,120.21460444146425]}}