{
    "image-00087.jpg": {
        "23.017282,120.215164": [
            [
                -11.594555118195442
            ], 
            [
                -35.708774865906236
            ], 
            [
                -0.2949370938539637
            ]
        ]
    }, 
    "image-00090.jpg": {
        "23.017216,120.215114": [
            [
                -40.206331896520346
            ], 
            [
                -97.37369076293795
            ], 
            [
                -13.493414842271008
            ]
        ]
    }, 
    "image-00026.jpg": {
        "23.018272,120.215687": [
            [
                -33.33218618491097
            ], 
            [
                135.90829550580762
            ], 
            [
                -1.2581175135900997
            ]
        ]
    }, 
    "image-00024.jpg": {
        "23.018360,120.215709": [
            [
                -29.602908015872114
            ], 
            [
                132.34268019868773
            ], 
            [
                -3.5728460373468867
            ]
        ]
    }, 
    "image-00041.jpg": {
        "23.018096,120.215639": [
            [
                -17.035492577913587
            ], 
            [
                105.0131165173828
            ], 
            [
                -1.7761207120133236
            ]
        ]
    }, 
    "image-00094.jpg": {
        "23.017076,120.215007": [
            [
                -13.838624288678039
            ], 
            [
                -77.59374453497801
            ], 
            [
                3.127497030253279
            ]
        ]
    }
}