{
    "image-00087.jpg": {
        "23.017282,120.215164": [
            [
                -12.01775178136879
            ], 
            [
                -35.99553003685098
            ], 
            [
                -0.3589064854842623
            ]
        ]
    }, 
    "image-00090.jpg": {
        "23.017216,120.215114": [
            [
                -34.49370272990895
            ], 
            [
                -85.848799223888
            ], 
            [
                -10.408827056012171
            ]
        ]
    }, 
    "image-00026.jpg": {
        "23.018272,120.215687": [
            [
                -29.58895768133634
            ], 
            [
                126.72774870964163
            ], 
            [
                -1.3609732235846863
            ]
        ]
    }, 
    "image-00024.jpg": {
        "23.018360,120.215709": [
            [
                -28.27235557613279
            ], 
            [
                126.05806569905384
            ], 
            [
                -3.206032906643051
            ]
        ]
    }, 
    "image-00041.jpg": {
        "23.018096,120.215639": [
            [
                -16.443737023184852
            ], 
            [
                96.55207810899353
            ], 
            [
                -1.7086790482082508
            ]
        ]
    }, 
    "image-00094.jpg": {
        "23.017076,120.215007": [
            [
                -13.752691049414434
            ], 
            [
                -77.37504792827897
            ], 
            [
                2.9627495824486765
            ]
        ]
    }
}