{"image-00008.jpg":{"24.990440,121.315046":[24.990521351932937,121.3153680075088]},"image-00055.jpg":{"24.990623,121.315441":[24.990543281351712,121.31547540163186]},"image-00002.jpg":{"24.990409,121.314950":[24.990412761210692,121.31496839699932]},"image-00033.jpg":{"24.990509,121.315257":[24.990753854078427,121.3157744474463]},"image-00038.jpg":{"24.990559,121.315401":[33.395222270412674,109.27963854749254]},"image-00012.jpg":{"24.990469,121.315138":[24.990471883793386,121.31512892197193]}}