{
    "image-00008.jpg": {
        "24.990440,121.315046": [
            [
                1.7868747993838205
            ], 
            [
                35.76428659471583
            ], 
            [
                -1.5139513669010758
            ]
        ]
    }, 
    "image-00055.jpg": {
        "24.990623,121.315441": [
            [
                -0.7120049948879874
            ], 
            [
                42.483340748797744
            ], 
            [
                -2.5555111051742805
            ]
        ]
    }, 
    "image-00002.jpg": {
        "24.990409,121.314950": [
            [
                -0.6911361040399129
            ], 
            [
                -14.372175427676064
            ], 
            [
                -2.0133303209675053
            ]
        ]
    }, 
    "image-00033.jpg": {
        "24.990509,121.315257": [
            [
                -12.502395959724439
            ], 
            [
                86.43151433233616
            ], 
            [
                -4.279208844795524
            ]
        ]
    }, 
    "image-00038.jpg": {
        "24.990559,121.315401": [
            [
                7054.014582889311
            ], 
            [
                6600.108132579183
            ], 
            [
                -1352.0573587881308
            ]
        ]
    }, 
    "image-00012.jpg": {
        "24.990469,121.315138": [
            [
                0.19435617900236463
            ], 
            [
                2.104551780848076
            ], 
            [
                -1.5185247099613361
            ]
        ]
    }
}