{
    "image-00008.jpg": {
        "24.990440,121.315046": [
            [
                2.7799003768853305
            ], 
            [
                33.575648503903814
            ], 
            [
                -0.9478351980820658
            ]
        ]
    }, 
    "image-00055.jpg": {
        "24.990623,121.315441": [
            [
                4.2495620337335005
            ], 
            [
                44.57281793849975
            ], 
            [
                -2.199109801809085
            ]
        ]
    }, 
    "image-00002.jpg": {
        "24.990409,121.314950": [
            [
                0.12604847237928096
            ], 
            [
                -8.386230829196307
            ], 
            [
                -1.218598166369595
            ]
        ]
    }, 
    "image-00033.jpg": {
        "24.990509,121.315257": [
            [
                -7.249376354050355
            ], 
            [
                80.96493515162713
            ], 
            [
                -4.057268317484926
            ]
        ]
    }, 
    "image-00038.jpg": {
        "24.990559,121.315401": [
            [
                -6331171.20571955
            ], 
            [
                -3396269.4703239687
            ], 
            [
                23700834.062894907
            ]
        ]
    }, 
    "image-00012.jpg": {
        "24.990469,121.315138": [
            [
                -0.4243958491994728
            ], 
            [
                9.068238818471995
            ], 
            [
                -0.9428527216103606
            ]
        ]
    }
}