{
    "image-00046.jpg": {
        "24.962048,121.299914": [
            [
                -2.0551338280391196
            ], 
            [
                15.381163843265986
            ], 
            [
                -2.126531426533663
            ]
        ]
    }, 
    "image-00119.jpg": {
        "24.961871,121.299880": [
            [
                6.499103304542727
            ], 
            [
                -34.90990078032946
            ], 
            [
                0.3390153519378334
            ]
        ]
    }, 
    "image-00095.jpg": {
        "24.961960,121.299897": [
            [
                -5.3752328659301
            ], 
            [
                19.075192986519035
            ], 
            [
                -0.9097422189970295
            ]
        ]
    }, 
    "image-00064.jpg": {
        "24.962129,121.299930": [
            [
                -4.8397595634655595
            ], 
            [
                11.83911267472687
            ], 
            [
                -2.2573172345682506
            ]
        ]
    }, 
    "image-00065.jpg": {
        "24.961827,121.299872": [
            [
                1.030601865755305
            ], 
            [
                4.16259210548012
            ], 
            [
                0.6552248662510747
            ]
        ]
    }
}