{"image-00117.jpg":{"22.622894,120.557115":[22.62370994024108,120.5577775478248]},"image-00023.jpg":{"22.622049,120.558380":[22.622213691269675,120.55825913961473]},"image-00062.jpg":{"22.622315,120.557954":[22.622326736367295,120.55794384504215]},"image-00016.jpg":{"22.621999,120.558463":[22.62225101091524,120.5582727569891]},"image-00077.jpg":{"22.622442,120.557766":[22.622447896673314,120.55774196315649]},"image-00038.jpg":{"22.622144,120.558224":[22.622203487459807,120.55794087521576]},"image-00042.jpg":{"22.622231,120.558080":[22.622264038138173,120.55783883963312]},"image-00025.jpg":{"22.622096,120.558303":[22.622074189750776,120.55831507387657]}}