{
    "image-00117.jpg": {
        "22.622894,120.557115": [
            [
                113.32874354907204
            ], 
            [
                -3.551705443240074
            ], 
            [
                -14.517109276877617
            ]
        ]
    }, 
    "image-00023.jpg": {
        "22.622049,120.558380": [
            [
                5.5310974801260855
            ], 
            [
                -139.5799388790159
            ], 
            [
                -2.235616082272074
            ]
        ]
    }, 
    "image-00062.jpg": {
        "22.622315,120.557954": [
            [
                -2.7679839581859316
            ], 
            [
                -105.86926397128617
            ], 
            [
                0.020770795449159607
            ]
        ]
    }, 
    "image-00016.jpg": {
        "22.621999,120.558463": [
            [
                9.730812364987715
            ], 
            [
                -138.34048538329557
            ], 
            [
                0.7405257613948084
            ]
        ]
    }, 
    "image-00077.jpg": {
        "22.622442,120.557766": [
            [
                -3.6419661727028725
            ], 
            [
                -81.1689495163873
            ], 
            [
                -0.9450447792825232
            ]
        ]
    }, 
    "image-00038.jpg": {
        "22.622144,120.558224": [
            [
                -14.1613641034819
            ], 
            [
                -113.49172935427241
            ], 
            [
                2.09517009552939
            ]
        ]
    }, 
    "image-00042.jpg": {
        "22.622231,120.558080": [
            [
                -14.66557985523713
            ], 
            [
                -101.05144360093102
            ], 
            [
                -0.05291695050585066
            ]
        ]
    }, 
    "image-00025.jpg": {
        "22.622096,120.558303": [
            [
                -3.8688157110510506
            ], 
            [
                -153.18951936280652
            ], 
            [
                -0.09961935479689643
            ]
        ]
    }
}