{
    "image-00117.jpg": {
        "22.622894,120.557115": [
            [
                -72.81085454244646
            ], 
            [
                132.64789231467938
            ], 
            [
                125.17058852634162
            ]
        ]
    }, 
    "image-00023.jpg": {
        "22.622049,120.558380": [
            [
                -1.4384741998418689
            ], 
            [
                -160.0925463487074
            ], 
            [
                -0.49799272154217533
            ]
        ]
    }, 
    "image-00062.jpg": {
        "22.622315,120.557954": [
            [
                -1.7239713998064883
            ], 
            [
                -114.50832035266652
            ], 
            [
                0.26512969245308327
            ]
        ]
    }, 
    "image-00016.jpg": {
        "22.621999,120.558463": [
            [
                -2.80893118613184
            ], 
            [
                -172.29385356043124
            ], 
            [
                0.08584362924367106
            ]
        ]
    }, 
    "image-00077.jpg": {
        "22.622442,120.557766": [
            [
                -4.110309737047217
            ], 
            [
                -88.33778180418726
            ], 
            [
                -1.2413269259273925
            ]
        ]
    }, 
    "image-00038.jpg": {
        "22.622144,120.558224": [
            [
                -2.905287475440349
            ], 
            [
                -143.40625588422876
            ], 
            [
                -1.233008073985424
            ]
        ]
    }, 
    "image-00042.jpg": {
        "22.622231,120.558080": [
            [
                -0.7247658794326473
            ], 
            [
                -138.0241823906173
            ], 
            [
                0.3362538794513421
            ]
        ]
    }, 
    "image-00025.jpg": {
        "22.622096,120.558303": [
            [
                -2.8300170581658817
            ], 
            [
                -159.15633381488217
            ], 
            [
                -0.4938329514700488
            ]
        ]
    }
}