{
    "image-00114.jpg": {
        "24.032479,120.417211": [
            [
                -0.6684165708191011
            ], 
            [
                -1.1390424321121617
            ], 
            [
                -0.4488473390637633
            ]
        ]
    }, 
    "image-00099.jpg": {
        "24.032655,120.417236": [
            [
                -12.01828434341075
            ], 
            [
                17.431394913024107
            ], 
            [
                -0.01664075960517475
            ]
        ]
    }, 
    "image-00017.jpg": {
        "24.034133,120.418551": [
            [
                -33.264121196895104
            ], 
            [
                224.09791976998423
            ], 
            [
                -0.764894125028043
            ]
        ]
    }, 
    "image-00006.jpg": {
        "24.034341,120.418726": [
            [
                -45.47093369141039
            ], 
            [
                226.3871935234364
            ], 
            [
                0.7001423058099867
            ]
        ]
    }, 
    "image-00083.jpg": {
        "24.032891,120.417464": [
            [
                -14.274000520418195
            ], 
            [
                54.26981087207516
            ], 
            [
                0.23980032362616388
            ]
        ]
    }, 
    "image-00013.jpg": {
        "24.034064,120.418492": [
            [
                -32.116099057984925
            ], 
            [
                237.72305999915773
            ], 
            [
                1.4893210273779012
            ]
        ]
    }, 
    "image-00074.jpg": {
        "24.033023,120.417587": [
            [
                -36.006191751612306
            ], 
            [
                72.68534727533049
            ], 
            [
                -4.466848223444962
            ]
        ]
    }, 
    "image-00056.jpg": {
        "24.033358,120.417888": [
            [
                -21.046769436543915
            ], 
            [
                119.68178535127721
            ], 
            [
                -0.3544091477449616
            ]
        ]
    }, 
    "image-00049.jpg": {
        "24.033523,120.418036": [
            [
                -23.344574841920675
            ], 
            [
                141.53243977520233
            ], 
            [
                -0.2213818742444662
            ]
        ]
    }, 
    "image-00040.jpg": {
        "24.033658,120.418150": [
            [
                -25.00747915778766
            ], 
            [
                164.77086519586072
            ], 
            [
                2.170816899166688
            ]
        ]
    }, 
    "image-00042.jpg": {
        "24.033590,120.418093": [
            [
                -24.608012800370126
            ], 
            [
                158.59306610044953
            ], 
            [
                -0.2229606311986565
            ]
        ]
    }, 
    "image-00100.jpg": {
        "24.032592,120.417176": [
            [
                -19.247119564404045
            ], 
            [
                -32.39553085475644
            ], 
            [
                -0.4927273386927844
            ]
        ]
    }, 
    "image-00067.jpg": {
        "24.033162,120.417712": [
            [
                -16.45850083619325
            ], 
            [
                90.24253219147171
            ], 
            [
                -0.7279213759375809
            ]
        ]
    }, 
    "image-00121.jpg": {
        "24.032419,120.417144": [
            [
                0.14220670864496515
            ], 
            [
                -6.847112816746613
            ], 
            [
                -0.2137144660597105
            ]
        ]
    }, 
    "image-00097.jpg": {
        "24.032709,120.417288": [
            [
                -12.219074112522753
            ], 
            [
                24.83724397851576
            ], 
            [
                -0.6065139424352295
            ]
        ]
    }, 
    "image-00076.jpg": {
        "24.032953,120.417524": [
            [
                -15.165579808206022
            ], 
            [
                62.4599682290937
            ], 
            [
                -0.23836927545415332
            ]
        ]
    }, 
    "image-00082.jpg": {
        "24.032830,120.417405": [
            [
                -13.371582188251672
            ], 
            [
                47.417053220517516
            ], 
            [
                0.14251707858663742
            ]
        ]
    }, 
    "image-00059.jpg": {
        "24.033293,120.417829": [
            [
                -25.617201558216127
            ], 
            [
                89.91581419109177
            ], 
            [
                0.31010357929245913
            ]
        ]
    }, 
    "image-00063.jpg": {
        "24.033227,120.417770": [
            [
                -17.275654025953827
            ], 
            [
                101.55656143829307
            ], 
            [
                -0.3086206568457275
            ]
        ]
    }, 
    "image-00093.jpg": {
        "24.032769,120.417347": [
            [
                -13.089159563566573
            ], 
            [
                32.554430753535534
            ], 
            [
                -0.06653992598635083
            ]
        ]
    }, 
    "image-00071.jpg": {
        "24.033092,120.417649": [
            [
                -16.31949162352338
            ], 
            [
                81.92736981838664
            ], 
            [
                -0.2951569834744747
            ]
        ]
    }, 
    "image-00037.jpg": {
        "24.033792,120.418263": [
            [
                -28.04815297517461
            ], 
            [
                172.81719575859145
            ], 
            [
                -0.6932792512512691
            ]
        ]
    }, 
    "image-00053.jpg": {
        "24.033424,120.417947": [
            [
                -19.941861957863864
            ], 
            [
                130.44890002966892
            ], 
            [
                0.3326984813852416
            ]
        ]
    }, 
    "image-00051.jpg": {
        "24.033490,120.418006": [
            [
                -20.68192854366161
            ], 
            [
                138.34198823555764
            ], 
            [
                -0.26083956917030093
            ]
        ]
    }, 
    "image-00028.jpg": {
        "24.033859,120.418319": [
            [
                -49.95224510935337
            ], 
            [
                215.63275815905263
            ], 
            [
                -38.37348336263153
            ]
        ]
    }
}