{
    "image-00084.jpg": {
        "25.044914,121.557828": [
            [
                4.7771035042057886
            ], 
            [
                135.5998731422293
            ], 
            [
                9.266355124529113
            ]
        ]
    }, 
    "image-00074.jpg": {
        "25.044817,121.557826": [
            [
                -5.057352384717449
            ], 
            [
                -24.86223180122882
            ], 
            [
                -1.2618829886529528
            ]
        ]
    }, 
    "image-00119.jpg": {
        "25.044968,121.557831": [
            [
                -25.308069314473975
            ], 
            [
                92.17329713787176
            ], 
            [
                2.1450340075529812
            ]
        ]
    }, 
    "image-00056.jpg": {
        "25.044503,121.557818": [
            [
                -4.1380285128503385
            ], 
            [
                -56.72926704773856
            ], 
            [
                -2.1377132127066165
            ]
        ]
    }, 
    "image-00005.jpg": {
        "25.043959,121.557804": [
            [
                -9.287313931115692
            ], 
            [
                -114.67202216646731
            ], 
            [
                -1.8029866944436912
            ]
        ]
    }, 
    "image-00122.jpg": {
        "25.045185,121.557837": [
            [
                29.26899421217272
            ], 
            [
                82.82484268251308
            ], 
            [
                11.839634434437542
            ]
        ]
    }, 
    "image-00118.jpg": {
        "25.045131,121.557838": [
            [
                -3.0394404301748246
            ], 
            [
                39.52810667058581
            ], 
            [
                -1.335268004097772
            ]
        ]
    }
}