{"image-00101.jpg":{"24.990483,121.473360":[24.990530952114195,121.47340402453874]},"image-00112.jpg":{"24.990559,121.473561":[24.99056069187923,121.47356170460725]},"image-00074.jpg":{"24.990417,121.473185":[24.99053074466817,121.47317308492225]},"image-00069.jpg":{"24.990385,121.473098":[24.99037296461474,121.47310117708557]}}