{
    "image-00101.jpg": {
        "24.990483,121.473360": [
            [
                -2.850879807388887
            ], 
            [
                6.323761738986393
            ], 
            [
                -1.229790344130036
            ]
        ]
    }, 
    "image-00112.jpg": {
        "24.990559,121.473561": [
            [
                1.1345576547871152
            ], 
            [
                22.0590305861969
            ], 
            [
                -0.4829345450932352
            ]
        ]
    }, 
    "image-00074.jpg": {
        "24.990417,121.473185": [
            [
                -13.021639956896882
            ], 
            [
                -14.611614575378482
            ], 
            [
                7.263272581425902
            ]
        ]
    }, 
    "image-00069.jpg": {
        "24.990385,121.473098": [
            [
                -0.4219347032763938
            ], 
            [
                -28.809266865679493
            ], 
            [
                0.6902077064082062
            ]
        ]
    }
}