{
    "image-00101.jpg": {
        "24.990483,121.473360": [
            [
                -6.053295512067861
            ], 
            [
                12.207030045632743
            ], 
            [
                -2.261467896524232
            ]
        ]
    }, 
    "image-00112.jpg": {
        "24.990559,121.473561": [
            [
                -1.5890288003839994
            ], 
            [
                12.606128030251165
            ], 
            [
                -0.8083998941141067
            ]
        ]
    }, 
    "image-00074.jpg": {
        "24.990417,121.473185": [
            [
                -11.652528540182361
            ], 
            [
                -21.167463299057097
            ], 
            [
                7.671743826859
            ]
        ]
    }, 
    "image-00069.jpg": {
        "24.990385,121.473098": [
            [
                3.8609425596815616
            ], 
            [
                -36.17967085641095
            ], 
            [
                2.6121306080290667
            ]
        ]
    }
}