{
    "image-00011.jpg": {
        "25.002228,121.496756": [
            [
                5.5838745803400265
            ], 
            [
                -43.74200401739464
            ], 
            [
                7.175555628347412
            ]
        ]
    }, 
    "image-00046.jpg": {
        "25.002118,121.496677": [
            [
                -8.585316663289925
            ], 
            [
                81.13424338687311
            ], 
            [
                14.726681694238474
            ]
        ]
    }
}