{
    "image-00031.jpg": {
        "23.751011,120.245995": [
            75219.0, 
            55768.0, 
            66527.0, 
            57313.0, 
            57314.0, 
            57826.0, 
            58339.0, 
            58340.0, 
            58340.0, 
            68581.0, 
            63469.0, 
            78829.0, 
            53230.0, 
            53230.0, 
            54255.0, 
            55791.0, 
            54768.0, 
            55792.0, 
            57328.0, 
            65008.0, 
            54257.0, 
            54769.0, 
            55793.0, 
            56305.0, 
            57841.0, 
            54770.0, 
            55282.0, 
            56306.0, 
            56818.0, 
            58354.0, 
            55795.0, 
            55795.0, 
            57843.0, 
            56307.0, 
            57843.0, 
            58355.0, 
            58356.0, 
            64504.0, 
            53243.0, 
            60925.0, 
            65539.0, 
            65031.0, 
            65036.0, 
            57870.0, 
            62478.0, 
            72207.0, 
            57872.0, 
            65041.0, 
            68625.0, 
            73235.0, 
            59412.0, 
            73236.0, 
            62996.0, 
            62997.0, 
            73237.0, 
            61464.0, 
            73752.0, 
            74264.0, 
            74265.0, 
            74777.0, 
            56858.0, 
            58906.0, 
            58907.0, 
            63003.0, 
            74779.0, 
            74779.0, 
            63004.0, 
            74780.0, 
            75292.0, 
            60445.0, 
            75294.0, 
            75806.0, 
            63007.0, 
            75807.0, 
            75807.0, 
            58402.0, 
            76322.0, 
            67108.0, 
            77348.0, 
            77349.0, 
            67621.0, 
            68133.0, 
            77349.0, 
            60455.0, 
            77351.0, 
            60456.0, 
            60457.0, 
            78380.0, 
            55341.0, 
            61997.0, 
            62509.0, 
            59439.0, 
            55344.0
        ]
    }, 
    "image-00019.jpg": {
        "23.751091,120.245997": [
            64975.0, 
            63961.0, 
            66009.0, 
            67035.0, 
            70109.0, 
            61408.0, 
            63469.0, 
            66544.0, 
            73718.0, 
            64503.0, 
            63481.0, 
            67578.0, 
            58363.0, 
            55294.0, 
            62463.0, 
            62464.0, 
            74752.0, 
            61952.0, 
            55809.0, 
            61953.0, 
            65538.0, 
            52739.0, 
            61955.0, 
            69636.0, 
            71172.0, 
            56837.0, 
            68613.0, 
            69637.0, 
            57862.0, 
            64006.0, 
            69638.0, 
            70151.0, 
            70151.0, 
            61960.0, 
            70152.0, 
            70665.0, 
            70666.0, 
            61965.0, 
            55310.0, 
            61967.0, 
            61968.0, 
            61969.0, 
            73235.0, 
            61974.0, 
            73750.0, 
            65047.0, 
            71191.0, 
            74263.0, 
            71192.0, 
            74264.0, 
            60952.0, 
            74264.0, 
            70681.0, 
            61978.0, 
            74778.0, 
            61979.0, 
            74779.0, 
            74779.0, 
            61468.0, 
            61980.0, 
            61469.0, 
            75293.0, 
            77341.0, 
            70174.0, 
            75807.0, 
            70687.0, 
            72226.0, 
            76322.0, 
            67619.0, 
            68643.0, 
            59429.0, 
            77349.0, 
            77349.0, 
            78374.0, 
            69671.0, 
            77863.0, 
            53800.0, 
            68136.0, 
            68648.0, 
            68136.0, 
            68648.0, 
            69160.0, 
            78376.0, 
            57897.0, 
            68649.0, 
            69161.0, 
            57898.0, 
            68138.0, 
            68650.0, 
            69162.0, 
            69674.0, 
            57899.0, 
            60971.0, 
            69163.0, 
            69675.0, 
            78379.0, 
            68140.0, 
            68652.0, 
            69164.0, 
            69676.0, 
            61996.0, 
            68140.0, 
            68140.0, 
            72240.0
        ]
    }, 
    "image-00004.jpg": {
        "23.751271,120.246002": [
            63442.0, 
            53203.0, 
            60373.0, 
            56792.0, 
            56794.0, 
            57306.0, 
            57818.0, 
            54236.0, 
            58332.0, 
            53725.0, 
            53214.0, 
            54238.0, 
            53727.0, 
            54751.0, 
            70623.0, 
            54240.0, 
            55264.0, 
            58336.0, 
            58848.0, 
            55777.0, 
            55778.0, 
            56802.0, 
            56290.0, 
            59362.0, 
            59874.0, 
            59875.0, 
            54244.0, 
            59876.0, 
            54757.0, 
            57317.0, 
            56294.0, 
            57318.0, 
            57830.0, 
            59878.0, 
            58343.0, 
            59879.0, 
            60391.0, 
            72167.0, 
            73191.0, 
            57320.0, 
            59368.0, 
            60904.0, 
            57833.0, 
            59881.0, 
            58345.0, 
            66025.0, 
            58346.0, 
            61419.0, 
            59372.0, 
            60908.0, 
            61932.0, 
            54764.0, 
            62444.0, 
            62444.0, 
            62956.0, 
            74732.0, 
            59885.0, 
            55790.0, 
            55791.0, 
            60911.0, 
            60912.0, 
            62448.0, 
            63472.0, 
            71664.0, 
            73200.0, 
            62448.0, 
            63984.0, 
            57841.0, 
            57842.0, 
            62962.0, 
            58867.0, 
            63987.0, 
            53748.0, 
            76276.0, 
            60918.0, 
            62966.0, 
            63481.0, 
            61947.0, 
            57340.0, 
            66044.0, 
            65534.0, 
            54271.0, 
            60927.0, 
            60416.0, 
            63490.0, 
            72196.0, 
            59397.0, 
            52742.0, 
            57866.0, 
            68628.0, 
            69653.0, 
            70168.0, 
            59416.0, 
            60440.0, 
            52761.0, 
            65562.0, 
            60443.0, 
            58907.0, 
            67613.0, 
            63012.0, 
            52773.0, 
            59429.0, 
            69160.0, 
            69160.0, 
            52777.0, 
            61481.0, 
            66090.0, 
            68143.0, 
            65583.0, 
            65585.0
        ]
    },