{
    "image-00094.jpg": {
        "25.033633,121.532343": [
            73170.0, 
            59862.0, 
            77784.0, 
            76761.0, 
            64477.0, 
            78814.0, 
            62436.0, 
            60901.0, 
            60901.0, 
            61413.0, 
            68069.0, 
            68581.0, 
            68581.0, 
            60902.0, 
            61414.0, 
            60902.0, 
            61414.0, 
            61415.0, 
            59883.0, 
            75244.0, 
            60398.0, 
            75760.0, 
            54768.0, 
            60915.0, 
            62454.0, 
            73721.0, 
            76282.0, 
            76283.0, 
            67068.0, 
            67580.0, 
            76284.0, 
            76285.0, 
            56829.0, 
            76285.0, 
            64510.0, 
            76286.0, 
            76287.0, 
            61952.0, 
            76288.0, 
            75776.0, 
            75777.0, 
            67076.0, 
            64010.0, 
            69134.0, 
            63503.0, 
            63504.0, 
            61972.0, 
            61972.0, 
            67094.0, 
            64546.0, 
            71202.0, 
            74786.0, 
            75818.0, 
            52783.0, 
            52783.0, 
            53295.0, 
            54319.0, 
            54831.0, 
            55343.0, 
            55343.0, 
            55855.0, 
            56367.0, 
            56879.0, 
            56879.0, 
            57391.0, 
            57903.0, 
            57903.0, 
            58415.0, 
            58927.0, 
            59439.0, 
            59439.0, 
            59951.0, 
            60463.0, 
            60463.0, 
            60975.0, 
            63025.0
        ]
    }, 
    "image-00003.jpg": {
        "25.033633,121.532343": [
            60112.0, 
            73936.0, 
            74448.0, 
            62673.0, 
            68306.0, 
            69842.0, 
            69843.0, 
            74963.0, 
            56020.0, 
            66260.0, 
            69844.0, 
            66261.0, 
            65750.0, 
            65750.0, 
            67286.0, 
            67287.0, 
            75991.0, 
            76503.0, 
            65753.0, 
            60634.0, 
            62172.0, 
            61149.0, 
            61661.0, 
            61150.0, 
            61662.0, 
            67294.0, 
            63199.0, 
            67295.0, 
            60640.0, 
            77024.0, 
            63202.0, 
            63714.0, 
            59619.0, 
            65763.0, 
            66275.0, 
            77027.0, 
            71396.0, 
            62181.0, 
            74981.0, 
            74982.0, 
            65769.0, 
            59113.0, 
            63722.0, 
            61164.0, 
            61676.0, 
            58605.0, 
            64749.0, 
            62702.0, 
            64750.0, 
            72430.0, 
            63728.0, 
            64240.0, 
            64752.0, 
            68337.0, 
            53490.0, 
            60658.0, 
            58102.0, 
            63735.0, 
            74999.0, 
            71421.0, 
            57086.0, 
            64766.0, 
            66816.0, 
            72449.0, 
            69380.0, 
            65799.0, 
            65287.0, 
            65799.0, 
            65800.0, 
            56073.0, 
            53006.0, 
            55566.0, 
            60686.0, 
            61711.0, 
            76047.0, 
            75024.0, 
            76048.0, 
            75025.0, 
            78097.0, 
            75026.0, 
            75539.0, 
            67348.0, 
            75540.0, 
            77592.0, 
            58137.0, 
            68378.0, 
            72476.0, 
            64285.0, 
            67361.0, 
            70945.0, 
            67362.0, 
            67362.0, 
            57122.0, 
            60707.0, 
            61221.0, 
            61733.0, 
            65829.0, 
            77605.0, 
            61221.0, 
            61733.0, 
            70438.0, 
            68393.0, 
            55598.0, 
            77616.0
        ]
    }
}