{"image-00033.jpg":{"24.998728,121.483791":[24.998680675561424,121.48379683298054]},"image-00116.jpg":{"24.999629,121.483766":[24.99963135731214,121.4837755110834]},"image-00084.jpg":{"24.999197,121.483779":[24.99914121056743,121.48379133619136]},"image-00052.jpg":{"24.998903,121.483787":[24.998872822637807,121.48378560711566]},"image-00082.jpg":{"24.999074,121.483783":[24.999081269123774,121.48379484587545]},"image-00100.jpg":{"24.999284,121.483776":[24.999298665980746,121.48378755345972]},"image-00073.jpg":{"24.998992,121.483785":[24.99903637830285,121.48379147160871]},"image-00088.jpg":{"24.999110,121.483782":[24.99910811867363,121.48379016352828]},"image-00111.jpg":{"24.999539,121.483768":[24.999526132379472,121.4837831167007]},"image-00001.jpg":{"24.998324,121.483779":[24.998337787623985,121.48378261000792]},"image-00010.jpg":{"24.998408,121.483786":[24.998415876325126,121.4837836226912]}}