{
    "image-00033.jpg": {
        "24.998728,121.483791": [
            [
                -0.9826218028692236
            ], 
            [
                10.467958281473543
            ], 
            [
                -0.4561995737967104
            ]
        ]
    }, 
    "image-00116.jpg": {
        "24.999629,121.483766": [
            [
                -2.1422648579963255
            ], 
            [
                -97.06890018690576
            ], 
            [
                -0.8650844335099102
            ]
        ]
    }, 
    "image-00084.jpg": {
        "24.999197,121.483779": [
            [
                3.8895201220548277
            ], 
            [
                -64.91183811060384
            ], 
            [
                1.4149550678674343
            ]
        ]
    }, 
    "image-00052.jpg": {
        "24.998903,121.483787": [
            [
                5.0896213951289955
            ], 
            [
                -31.37804070378882
            ], 
            [
                0.4166424038643428
            ]
        ]
    }, 
    "image-00082.jpg": {
        "24.999074,121.483783": [
            [
                -1.8194947931189471
            ], 
            [
                -35.65056753362314
            ], 
            [
                -1.1862760848267895
            ]
        ]
    }, 
    "image-00100.jpg": {
        "24.999284,121.483776": [
            [
                3.9480809867861595
            ], 
            [
                -74.75098132486488
            ], 
            [
                1.3941586090049753
            ]
        ]
    }, 
    "image-00073.jpg": {
        "24.998992,121.483785": [
            [
                -0.8591976664918333
            ], 
            [
                -30.220480580472778
            ], 
            [
                -0.8560950794793518
            ]
        ]
    }, 
    "image-00088.jpg": {
        "24.999110,121.483782": [
            [
                -1.6148090603111553
            ], 
            [
                -38.72654675573489
            ], 
            [
                -1.5096262098953739
            ]
        ]
    }, 
    "image-00111.jpg": {
        "24.999539,121.483768": [
            [
                -2.2607837867453746
            ], 
            [
                -85.39312949089724
            ], 
            [
                -1.039399556360566
            ]
        ]
    }, 
    "image-00001.jpg": {
        "24.998324,121.483779": [
            [
                3.0961264111399327
            ], 
            [
                47.073747374776595
            ], 
            [
                -0.7451491813157114
            ]
        ]
    }, 
    "image-00010.jpg": {
        "24.998408,121.483786": [
            [
                2.117344102934503
            ], 
            [
                38.3813155333851
            ], 
            [
                -0.9052974089232801
            ]
        ]
    }
}