{
    "image-00033.jpg": {
        "24.998728,121.483791": [
            [
                -0.43820227521720967
            ], 
            [
                5.276804983068797
            ], 
            [
                -0.11795290654124468
            ]
        ]
    }, 
    "image-00116.jpg": {
        "24.999629,121.483766": [
            [
                -1.291467688230009
            ], 
            [
                -100.45256567869623
            ], 
            [
                -0.5751433618863402
            ]
        ]
    }, 
    "image-00084.jpg": {
        "24.999197,121.483779": [
            [
                -1.3383124842525391
            ], 
            [
                -45.92744234607561
            ], 
            [
                0.9110694415082232
            ]
        ]
    }, 
    "image-00052.jpg": {
        "24.998903,121.483787": [
            [
                0.08607975541149404
            ], 
            [
                -16.112480996452465
            ], 
            [
                0.02665316043098942
            ]
        ]
    }, 
    "image-00082.jpg": {
        "24.999074,121.483783": [
            [
                -1.5026406190227881
            ], 
            [
                -39.25489071707517
            ], 
            [
                -0.9423413884562368
            ]
        ]
    }, 
    "image-00100.jpg": {
        "24.999284,121.483776": [
            [
                -1.4543155930759966
            ], 
            [
                -63.43943412624762
            ], 
            [
                -1.0100664214895936
            ]
        ]
    }, 
    "image-00073.jpg": {
        "24.998992,121.483785": [
            [
                -1.021013624214517
            ], 
            [
                -34.27492778390706
            ], 
            [
                -0.6368406298796803
            ]
        ]
    }, 
    "image-00088.jpg": {
        "24.999110,121.483782": [
            [
                -1.1157153555328083
            ], 
            [
                -42.25261548684148
            ], 
            [
                -1.2027974224978877
            ]
        ]
    }, 
    "image-00111.jpg": {
        "24.999539,121.483768": [
            [
                -1.7254505203381614
            ], 
            [
                -88.73504352552513
            ], 
            [
                -0.6158554208899929
            ]
        ]
    }, 
    "image-00001.jpg": {
        "24.998324,121.483779": [
            [
                2.0770308116956873
            ], 
            [
                43.34814021414802
            ], 
            [
                -0.18751419874061614
            ]
        ]
    }, 
    "image-00010.jpg": {
        "24.998408,121.483786": [
            [
                1.7285003529637635
            ], 
            [
                34.67146830706352
            ], 
            [
                -0.6118641729710355
            ]
        ]
    }
}