{
    "image-00114.jpg": {
        "25.001996,121.349031": [
            [
                7.065331293776783
            ], 
            [
                -112.8341065938703
            ], 
            [
                -6.136805048979641
            ]
        ]
    }, 
    "image-00079.jpg": {
        "25.001548,121.349102": [
            [
                -52.422493168685165
            ], 
            [
                -2.1826307420570465
            ], 
            [
                -0.6322556111666835
            ]
        ]
    }, 
    "image-00104.jpg": {
        "25.001503,121.349020": [
            [
                -55.319625809705784
            ], 
            [
                6.909771589210056
            ], 
            [
                0.8201783088168144
            ]
        ]
    }, 
    "image-00050.jpg": {
        "25.001456,121.348953": [
            [
                -67.02356835672467
            ], 
            [
                16.97546974136237
            ], 
            [
                -0.6097772988811818
            ]
        ]
    }, 
    "image-00100.jpg": {
        "25.001589,121.349179": [
            [
                -46.74176831432787
            ], 
            [
                -10.998566376577234
            ], 
            [
                0.42820762419892466
            ]
        ]
    }, 
    "image-00099.jpg": {
        "25.001408,121.348890": [
            [
                -57.0316908927212
            ], 
            [
                6.145337862331047
            ], 
            [
                -0.6390003063728272
            ]
        ]
    }, 
    "image-00051.jpg": {
        "25.001381,121.348850": [
            [
                -67.40781236276706
            ], 
            [
                20.998910429949397
            ], 
            [
                0.06413869561624663
            ]
        ]
    }
}