{"image-00102.jpg":{"25.061632,121.651907":[25.061701686872595,121.65192196029486]},"image-00119.jpg":{"25.061713,121.652550":[25.062043901655983,121.65335403310897]},"image-00117.jpg":{"25.061674,121.652461":[25.06168491203596,121.65249903589199]},"image-00063.jpg":{"25.061402,121.650981":[25.060588904834646,121.65169103198858]},"image-00061.jpg":{"25.061398,121.650942":[25.06142779984469,121.65140864042009]}}