{
    "image-00119.jpg": {
        "25.061713,121.652550": [
            [
                4.499675101763181
            ], 
            [
                97.59718872980719
            ], 
            [
                2.7723800324903074
            ]
        ]
    }, 
    "image-00102.jpg": {
        "25.061632,121.651907": [
            [
                -25.514246543048625
            ], 
            [
                -64.93438630205449
            ], 
            [
                1.4566631941341337
            ]
        ]
    }, 
    "image-00117.jpg": {
        "25.061674,121.652461": [
            [
                2.081314947049449
            ], 
            [
                -19.281917274734628
            ], 
            [
                0.32157436338376666
            ]
        ]
    }, 
    "image-00063.jpg": {
        "25.061402,121.650981": [
            [
                -11.315040094342269
            ], 
            [
                -140.00117292844283
            ], 
            [
                8.033570333713683
            ]
        ]
    }, 
    "image-00061.jpg": {
        "25.061398,121.650942": [
            [
                -27.203876257445
            ], 
            [
                -164.38979559181607
            ], 
            [
                -1.8752203189927075
            ]
        ]
    }
}