{
    "image-00102.jpg": {
        "25.061632,121.651907": [
            [
                -22.074924870482995
            ], 
            [
                -59.29681440243679
            ], 
            [
                0.7596483355182586
            ]
        ]
    }, 
    "image-00119.jpg": {
        "25.061713,121.652550": [
            [
                -4.4623577704655375
            ], 
            [
                88.84163061542696
            ], 
            [
                1.487945124200225
            ]
        ]
    }, 
    "image-00117.jpg": {
        "25.061674,121.652461": [
            [
                1.0184868285818596
            ], 
            [
                -5.921934098180427
            ], 
            [
                0.41473233231933165
            ]
        ]
    }, 
    "image-00063.jpg": {
        "25.061402,121.650981": [
            [
                84.45377985419351
            ], 
            [
                -126.39187564302532
            ], 
            [
                -268.48662209813347
            ]
        ]
    }, 
    "image-00061.jpg": {
        "25.061398,121.650942": [
            [
                -12.74977146155436
            ], 
            [
                -118.57529045242863
            ], 
            [
                6.010668555348435
            ]
        ]
    }
}