{"image-00078.jpg":{"22.993455,120.290330":[22.993394913015027,120.29031110888127]},"image-00094.jpg":{"22.993207,120.290276":[22.99321747443172,120.29026805757402]},"image-00085.jpg":{"22.993299,120.290296":[22.99328960226991,120.2902880166584]},"image-00024.jpg":{"22.994286,120.290508":[22.99427625023941,120.29050914112064]},"image-00079.jpg":{"22.993377,120.290313":[22.9932351949843,120.29032780270722]},"image-00009.jpg":{"22.994545,120.290562":[22.993926401365385,120.29045275649148]},"image-00040.jpg":{"22.994128,120.290474":[22.994100961526154,120.29045948452386]}}