{
    "image-00078.jpg": {
        "22.993455,120.290330": [
            [
                0.5652796371841997
            ], 
            [
                6.932551750574896
            ], 
            [
                -4.6414889121197955
            ]
        ]
    }, 
    "image-00094.jpg": {
        "22.993207,120.290276": [
            [
                0.957123071670102
            ], 
            [
                27.14516256000344
            ], 
            [
                -0.49491313468412934
            ]
        ]
    }, 
    "image-00085.jpg": {
        "22.993299,120.290296": [
            [
                0.5511745782370671
            ], 
            [
                18.878752161326442
            ], 
            [
                -0.4067062901299917
            ]
        ]
    }, 
    "image-00024.jpg": {
        "22.994286,120.290508": [
            [
                0.20445497303783644
            ], 
            [
                -93.14146440079183
            ], 
            [
                -0.7976105431568952
            ]
        ]
    }, 
    "image-00079.jpg": {
        "22.993377,120.290313": [
            [
                -4.643922502590367
            ], 
            [
                23.997012947009765
            ], 
            [
                -1.7395887077214316
            ]
        ]
    }, 
    "image-00009.jpg": {
        "22.994545,120.290562": [
            [
                -1.8817614456952434
            ], 
            [
                -53.8696229761459
            ], 
            [
                0.38546210771976286
            ]
        ]
    }, 
    "image-00040.jpg": {
        "22.994128,120.290474": [
            [
                1.3064112177285616
            ], 
            [
                -73.0285838096748
            ], 
            [
                0.08193612450889276
            ]
        ]
    }
}