{
    "image-00078.jpg": {
        "22.993455,120.290330": [
            [
                0.5348808829045713
            ], 
            [
                1.0598832377379985
            ], 
            [
                -5.659472244837406
            ]
        ]
    }, 
    "image-00094.jpg": {
        "22.993207,120.290276": [
            [
                2.6498587855703497
            ], 
            [
                22.11384815477211
            ], 
            [
                0.025430795076510027
            ]
        ]
    }, 
    "image-00085.jpg": {
        "22.993299,120.290296": [
            [
                1.8542561164585813
            ], 
            [
                12.243701538547318
            ], 
            [
                0.570791275524474
            ]
        ]
    }, 
    "image-00024.jpg": {
        "22.994286,120.290508": [
            [
                -0.21649807647650454
            ], 
            [
                -95.956881305131
            ], 
            [
                -0.5832322888473476
            ]
        ]
    }, 
    "image-00079.jpg": {
        "22.993377,120.290313": [
            [
                -0.6503412496680996
            ], 
            [
                28.316432179185448
            ], 
            [
                -1.7559108404690353
            ]
        ]
    }, 
    "image-00009.jpg": {
        "22.994545,120.290562": [
            [
                -2.1254572165831105
            ], 
            [
                -47.69064078876661
            ], 
            [
                0.4435182722405102
            ]
        ]
    }, 
    "image-00040.jpg": {
        "22.994128,120.290474": [
            [
                -0.8127109677647866
            ], 
            [
                -81.97811164047756
            ], 
            [
                0.2553217172012783
            ]
        ]
    }
}