{"image-00039.jpg":{"25.002029,121.498534":[25.002004712579357,121.49833466247595]},"image-00041.jpg":{"25.002066,121.498613":[25.001942559298236,121.49813423561841]},"image-00124.jpg":{"25.001946,121.498358":[25.00179849092822,121.49790125483247]},"image-00079.jpg":{"25.001988,121.498446":[25.001847158768424,121.49798136179778]},"image-00115.jpg":{"25.001905,121.498270":[25.002049909788727,121.49800370959002]}}