{
    "image-00039.jpg": {
        "25.002029,121.498534": [
            [
                -6.6333569089762
            ], 
            [
                -19.152819045197912
            ], 
            [
                -2.653922682842243
            ]
        ]
    }, 
    "image-00041.jpg": {
        "25.002066,121.498613": [
            [
                -9.556634900447538
            ], 
            [
                -40.299499706071565
            ], 
            [
                7.135350742167789
            ]
        ]
    }, 
    "image-00124.jpg": {
        "25.001946,121.498358": [
            [
                -5.82402645039673
            ], 
            [
                -68.4765675355851
            ], 
            [
                3.8862504418045063
            ]
        ]
    }, 
    "image-00079.jpg": {
        "25.001988,121.498446": [
            [
                -7.021240760583094
            ], 
            [
                -58.831689227291406
            ], 
            [
                -2.266041542923433
            ]
        ]
    }, 
    "image-00115.jpg": {
        "25.001905,121.498270": [
            [
                -26.137418278623166
            ], 
            [
                -46.66961751274458
            ], 
            [
                -36.42199385435407
            ]
        ]
    }
}