{
    "image-00039.jpg": {
        "25.002029,121.498534": [
            [
                -3.1902089775753955
            ], 
            [
                5.789974894098503
            ], 
            [
                -1.8880159252244977
            ]
        ]
    }, 
    "image-00041.jpg": {
        "25.002066,121.498613": [
            [
                -9.714791005518187
            ], 
            [
                -38.19137578459269
            ], 
            [
                7.636657952849416
            ]
        ]
    }, 
    "image-00124.jpg": {
        "25.001946,121.498358": [
            [
                -5.83278632325489
            ], 
            [
                -68.63488272230464
            ], 
            [
                3.9494316677479153
            ]
        ]
    }, 
    "image-00079.jpg": {
        "25.001988,121.498446": [
            [
                -2.7557149638912364
            ], 
            [
                -62.67417814917739
            ], 
            [
                1.0336683268108757
            ]
        ]
    }, 
    "image-00115.jpg": {
        "25.001905,121.498270": [
            [
                -33.51485311758951
            ], 
            [
                -40.75660230779865
            ], 
            [
                -46.80053598802505
            ]
        ]
    }
}