{
    "image-00026.jpg": {
        "24.081923,120.539225": [
            [
                -36.409642448970715
            ], 
            [
                -14.846044969857447
            ], 
            [
                6.077665552030762
            ]
        ]
    }, 
    "image-00057.jpg": {
        "24.081745,120.538905": [
            [
                18.77766062591264
            ], 
            [
                35.003142000351545
            ], 
            [
                -0.576811893158165
            ]
        ]
    }, 
    "image-00007.jpg": {
        "24.081791,120.539118": [
            [
                -8.532369021541438
            ], 
            [
                86.24008625917253
            ], 
            [
                -3.1645938164039222
            ]
        ]
    }, 
    "image-00035.jpg": {
        "24.081894,120.539202": [
            [
                24.5493463786816
            ], 
            [
                40.62008486297164
            ], 
            [
                -3.376388498621659
            ]
        ]
    }, 
    "image-00015.jpg": {
        "24.081711,120.539058": [
            [
                -4.637969307222509
            ], 
            [
                44.22250557398201
            ], 
            [
                -3.7277326657188357
            ]
        ]
    }
}