{"image-00125.jpg":{"24.995714,121.483069":[24.995812495460015,121.48337418796314]},"image-00123.jpg":{"24.995684,121.483020":[24.99569938709057,121.48303582800685]},"image-00070.jpg":{"24.995445,121.482478":[24.995469588591206,121.48250101113393]},"image-00114.jpg":{"24.995637,121.482923":[24.99565197810484,121.48293245657203]},"image-00082.jpg":{"24.995483,121.482598":[24.99549677849051,121.48260854540294]},"image-00106.jpg":{"24.995537,121.482712":[24.9955887159417,121.48276732450094]},"image-00009.jpg":{"24.995422,121.482403":[24.99543768578182,121.48240354383981]},"image-00005.jpg":{"24.995395,121.482319":[24.995416787368498,121.48235644999465]},"image-00077.jpg":{"24.995491,121.482616":[24.995482014000583,121.48258849199371]},"image-00107.jpg":{"24.995579,121.482800":[24.99560624505119,121.48281574383878]}}