{
    "image-00125.jpg": {
        "24.995714,121.483069": [
            [
                4.415995655069226
            ], 
            [
                32.348726809886756
            ], 
            [
                4.631062591237903
            ]
        ]
    }, 
    "image-00123.jpg": {
        "24.995684,121.483020": [
            [
                -0.0941951480467556
            ], 
            [
                -3.715855546750052
            ], 
            [
                -0.30582532483707203
            ]
        ]
    }, 
    "image-00070.jpg": {
        "24.995445,121.482478": [
            [
                -2.1856015254053744
            ], 
            [
                -63.328458373485304
            ], 
            [
                -1.1238440028580703
            ]
        ]
    }, 
    "image-00114.jpg": {
        "24.995637,121.482923": [
            [
                -0.2029013941451956
            ], 
            [
                -15.391005635690986
            ], 
            [
                -0.544821416901546
            ]
        ]
    }, 
    "image-00082.jpg": {
        "24.995483,121.482598": [
            [
                0.11255704957339852
            ], 
            [
                -52.31449424913211
            ], 
            [
                0.09304378036287098
            ]
        ]
    }, 
    "image-00106.jpg": {
        "24.995537,121.482712": [
            [
                -1.608105711702906
            ], 
            [
                -33.40398035825404
            ], 
            [
                -1.1094224854319505
            ]
        ]
    }, 
    "image-00009.jpg": {
        "24.995422,121.482403": [
            [
                -3.5519094963038995
            ], 
            [
                -73.68245407166911
            ], 
            [
                -0.10989910959917104
            ]
        ]
    }, 
    "image-00005.jpg": {
        "24.995395,121.482319": [
            [
                -3.670593610957132
            ], 
            [
                -78.96560376627157
            ], 
            [
                -1.3889807374057845
            ]
        ]
    }, 
    "image-00077.jpg": {
        "24.995491,121.482616": [
            [
                0.6412112077332814
            ], 
            [
                -54.86404748326412
            ], 
            [
                -0.2397070707910416
            ]
        ]
    }, 
    "image-00107.jpg": {
        "24.995579,121.482800": [
            [
                -1.0953208214966135
            ], 
            [
                -28.174458678126623
            ], 
            [
                -0.9033778970674575
            ]
        ]
    }
}