{
    "image-00125.jpg": {
        "24.995714,121.483069": [
            [
                0.1582339491301834
            ], 
            [
                42.65543981014028
            ], 
            [
                -0.4919881838551934
            ]
        ]
    }, 
    "image-00123.jpg": {
        "24.995684,121.483020": [
            [
                -0.09234242593126729
            ], 
            [
                -9.724594490404217
            ], 
            [
                -0.1578751318103483
            ]
        ]
    }, 
    "image-00070.jpg": {
        "24.995445,121.482478": [
            [
                -3.465967971899401
            ], 
            [
                -70.64487918755151
            ], 
            [
                -1.7216752332356648
            ]
        ]
    }, 
    "image-00114.jpg": {
        "24.995637,121.482923": [
            [
                -0.05284056271404536
            ], 
            [
                -17.971179662159134
            ], 
            [
                -0.6318964021717945
            ]
        ]
    }, 
    "image-00082.jpg": {
        "24.995483,121.482598": [
            [
                0.49180871783574
            ], 
            [
                -54.40346982277109
            ], 
            [
                -0.16447003061452392
            ]
        ]
    }, 
    "image-00106.jpg": {
        "24.995537,121.482712": [
            [
                -0.5115723070280844
            ], 
            [
                -40.28892512430654
            ], 
            [
                -1.1228494285814055
            ]
        ]
    }, 
    "image-00009.jpg": {
        "24.995422,121.482403": [
            [
                -2.530145990527174
            ], 
            [
                -75.06012412073345
            ], 
            [
                -0.24157601409156904
            ]
        ]
    }, 
    "image-00005.jpg": {
        "24.995395,121.482319": [
            [
                -4.346620718965404
            ], 
            [
                -85.81090393876413
            ], 
            [
                -1.7919101040407845
            ]
        ]
    }, 
    "image-00077.jpg": {
        "24.995491,121.482616": [
            [
                0.7841074608336527
            ], 
            [
                -59.175231822683685
            ], 
            [
                -0.3471171773093462
            ]
        ]
    }, 
    "image-00107.jpg": {
        "24.995579,121.482800": [
            [
                -0.7639690054202102
            ], 
            [
                -32.65230175063845
            ], 
            [
                -1.0538390485390026
            ]
        ]
    }
}