{
    "image-00016.jpg": {
        "25.180633,121.452741": [
            64732.0, 
            64732.0, 
            64734.0, 
            59615.0, 
            64735.0, 
            64737.0, 
            64738.0, 
            69860.0, 
            64741.0, 
            73957.0, 
            63718.0, 
            64742.0, 
            74982.0, 
            64230.0, 
            64742.0, 
            58599.0, 
            64231.0, 
            73448.0, 
            64233.0, 
            64233.0, 
            73449.0, 
            64234.0, 
            73450.0, 
            64235.0, 
            63724.0, 
            74988.0, 
            57069.0, 
            63725.0, 
            71917.0, 
            63214.0, 
            73455.0, 
            69872.0, 
            59120.0, 
            63732.0, 
            74998.0, 
            73464.0, 
            73465.0, 
            73466.0, 
            64250.0, 
            64251.0, 
            66811.0, 
            64252.0, 
            70909.0, 
            56062.0, 
            65790.0, 
            64768.0, 
            64259.0, 
            64260.0, 
            64261.0, 
            64262.0, 
            71943.0, 
            59145.0, 
            63244.0, 
            70414.0, 
            69902.0, 
            69904.0, 
            63762.0, 
            69906.0, 
            69907.0, 
            70420.0, 
            69908.0, 
            63254.0, 
            63256.0, 
            65816.0, 
            63256.0, 
            60699.0, 
            62747.0, 
            62750.0, 
            62750.0, 
            72478.0, 
            63264.0, 
            57122.0, 
            68387.0, 
            62244.0, 
            68388.0, 
            60709.0, 
            62245.0, 
            68389.0, 
            68390.0, 
            60200.0, 
            62252.0, 
            62252.0, 
            62253.0, 
            61744.0
        ]
    }, 
    "image-00019.jpg": {
        "25.180633,121.452741": [
            58322.0, 
            66005.0, 
            66005.0, 
            73689.0, 
            65498.0, 
            65499.0, 
            65500.0, 
            66012.0, 
            75740.0, 
            57820.0, 
            66012.0, 
            77794.0, 
            70117.0, 
            73702.0, 
            65515.0, 
            67563.0, 
            65516.0, 
            67564.0, 
            65516.0, 
            67564.0, 
            65005.0, 
            67565.0, 
            67566.0, 
            65519.0, 
            67567.0, 
            65520.0, 
            67568.0, 
            78323.0, 
            71667.0, 
            56317.0, 
            55805.0, 
            59389.0, 
            75262.0, 
            78334.0, 
            57343.0, 
            57344.0, 
            57856.0, 
            58368.0, 
            60928.0, 
            62976.0, 
            74753.0, 
            75265.0, 
            57859.0, 
            55812.0, 
            72196.0, 
            72197.0, 
            56838.0, 
            54792.0, 
            57864.0, 
            52745.0, 
            53257.0, 
            52746.0, 
            60427.0, 
            60427.0, 
            52752.0, 
            61971.0, 
            73748.0, 
            68119.0, 
            74779.0, 
            54305.0, 
            69665.0, 
            61475.0, 
            63523.0, 
            61997.0
        ]
    }
}