{
    "image-00041.jpg": {
        "24.978934,121.542571": [
            74447.0, 
            74959.0, 
            70866.0, 
            73942.0, 
            75478.0, 
            68312.0, 
            72408.0, 
            74968.0, 
            62170.0, 
            61148.0, 
            74972.0, 
            77532.0, 
            77021.0, 
            77022.0, 
            74976.0, 
            76512.0, 
            77024.0, 
            74977.0, 
            64738.0, 
            77027.0, 
            76004.0, 
            77028.0, 
            77540.0, 
            76517.0, 
            70886.0, 
            77542.0, 
            58086.0, 
            77031.0, 
            74984.0, 
            76008.0, 
            76008.0, 
            76009.0, 
            76009.0, 
            77033.0, 
            76522.0, 
            64747.0, 
            76011.0, 
            76012.0, 
            76012.0, 
            76013.0, 
            64750.0, 
            65262.0, 
            65774.0, 
            77551.0, 
            78063.0, 
            60656.0, 
            52976.0, 
            57073.0, 
            73457.0, 
            66290.0, 
            74995.0, 
            77556.0, 
            77558.0, 
            76537.0, 
            76538.0, 
            76026.0, 
            67835.0, 
            68347.0, 
            76027.0, 
            58620.0, 
            77052.0, 
            76029.0, 
            75006.0, 
            68355.0, 
            57093.0, 
            74505.0, 
            74506.0, 
            76047.0, 
            77071.0, 
            58128.0, 
            76048.0, 
            77072.0, 
            74001.0, 
            74513.0, 
            76049.0, 
            76049.0, 
            64785.0, 
            74513.0, 
            76049.0, 
            76561.0, 
            56082.0, 
            74514.0, 
            76050.0, 
            76051.0, 
            77589.0, 
            76056.0, 
            59675.0, 
            59676.0, 
            64799.0, 
            65314.0, 
            77096.0, 
            77608.0, 
            66347.0, 
            70959.0
        ]
    }, 
    "image-00029.jpg": {
        "24.978962,121.542617": [
            68559.0, 
            70608.0, 
            68561.0, 
            68562.0, 
            70098.0, 
            68562.0, 
            69586.0, 
            70610.0, 
            68563.0, 
            69075.0, 
            69587.0, 
            70099.0, 
            72659.0, 
            54741.0, 
            73173.0, 
            66007.0, 
            70104.0, 
            60891.0, 
            69595.0, 
            73691.0, 
            69596.0, 
            58844.0, 
            54750.0, 
            72670.0, 
            60383.0, 
            60896.0, 
            61410.0, 
            56802.0, 
            57314.0, 
            63970.0, 
            71138.0, 
            57827.0, 
            57828.0, 
            57830.0, 
            58342.0, 
            54759.0, 
            54760.0, 
            59880.0, 
            63464.0, 
            63976.0, 
            58857.0, 
            59881.0, 
            62441.0, 
            60393.0, 
            60908.0, 
            59887.0, 
            60930.0, 
            62981.0, 
            64519.0, 
            67591.0, 
            64520.0, 
            64011.0, 
            64526.0, 
            64526.0, 
            60431.0, 
            59408.0, 
            62482.0, 
            65556.0, 
            52756.0, 
            65556.0, 
            74772.0, 
            65557.0, 
            65558.0, 
            60440.0, 
            59928.0, 
            60440.0, 
            60440.0, 
            60952.0, 
            68121.0, 
            65562.0, 
            62497.0, 
            57890.0, 
            56354.0, 
            52773.0, 
            53285.0, 
            67621.0, 
            74277.0, 
            78376.0, 
            55851.0, 
            63021.0, 
            55345.0
        ]
    }, 
    "image-00097.jpg": {
        "24.978962,121.542617": [
            78031.0, 
            68817.0, 
            69329.0, 
            63186.0, 
            63698.0, 
            69842.0, 
            60626.0, 
            69842.0, 
            60627.0, 
            74963.0, 
            61140.0, 
            62165.0, 
            63702.0, 
            63703.0, 
            59608.0, 
            63193.0, 
            62170.0, 
            63194.0, 
            73434.0, 
            74459.0, 
            62173.0, 
            63197.0, 
            62686.0, 
            62687.0, 
            62689.0, 
            77537.0, 
            62690.0, 
            78050.0, 
            68323.0, 
            73955.0, 
            78566.0, 
            63207.0, 
            70887.0, 
            62696.0, 
            65769.0, 
            65259.0, 
            65771.0, 
            70379.0, 
            65260.0, 
            71916.0, 
            64748.0, 
            71917.0, 
            59632.0, 
            70896.0, 
            73456.0, 
            64242.0, 
            60659.0, 
            65779.0, 
            77556.0, 
            62709.0, 
            76534.0, 
            77046.0, 
            60662.0, 
            60663.0, 
            77559.0, 
            60664.0, 
            76024.0, 
            77048.0, 
            76026.0, 
            77562.0, 
            77563.0, 
            61181.0, 
            78082.0, 
            57604.0, 
            62212.0, 
            63748.0, 
            62727.0, 
            59655.0, 
            70919.0, 
            73994.0, 
            64780.0, 
            73484.0, 
            77068.0, 
            78604.0, 
            64784.0, 
            69905.0, 
            67346.0, 
            63252.0, 
            78100.0, 
            59671.0, 
            62232.0, 
            65816.0, 
            62233.0, 
            58139.0, 
            66843.0, 
            71451.0, 
            71451.0, 
            70428.0, 
            59677.0, 
            67357.0, 
            65822.0, 
            71455.0, 
            66854.0, 
            69926.0, 
            71463.0, 
            65836.0, 
            70956.0
        ]
    },