{
    "image-00046.jpg": {
        "25.066640,121.535033": [
            [
                -1.2561517482373454
            ], 
            [
                0.007773534798615533
            ], 
            [
                0.9898481594979261
            ]
        ]
    }, 
    "image-00061.jpg": {
        "25.067152,121.534489": [
            [
                11.218423080855153
            ], 
            [
                -112.382450105288
            ], 
            [
                3.503514790136464
            ]
        ]
    }, 
    "image-00017.jpg": {
        "25.066220,121.535706": [
            [
                -9.488207178970445
            ], 
            [
                82.65061431467775
            ], 
            [
                -0.9573422854127394
            ]
        ]
    }, 
    "image-00006.jpg": {
        "25.066079,121.535886": [
            [
                -9.16849997523951
            ], 
            [
                106.46687819748999
            ], 
            [
                -1.3052105222186903
            ]
        ]
    }, 
    "image-00066.jpg": {
        "25.067392,121.534173": [
            [
                0.7757239349691236
            ], 
            [
                -100.55810677842373
            ], 
            [
                -17.40645148924184
            ]
        ]
    }, 
    "image-00049.jpg": {
        "25.066795,121.534819": [
            [
                1.1774017784738415
            ], 
            [
                -31.96261879331395
            ], 
            [
                -0.2164101791652282
            ]
        ]
    }, 
    "image-00040.jpg": {
        "25.066786,121.535004": [
            [
                -8.548501449553534
            ], 
            [
                -1.969029336320067
            ], 
            [
                -0.319647640472312
            ]
        ]
    }, 
    "image-00028.jpg": {
        "25.066568,121.535269": [
            [
                -11.930235943416879
            ], 
            [
                25.07451684758206
            ], 
            [
                -1.0910116457955255
            ]
        ]
    }, 
    "image-00025.jpg": {
        "25.066496,121.535357": [
            [
                -11.552959510571227
            ], 
            [
                33.54527350785869
            ], 
            [
                -1.432240921931311
            ]
        ]
    }, 
    "image-00033.jpg": {
        "25.066641,121.535180": [
            [
                -7.931573579841275
            ], 
            [
                28.470533338396887
            ], 
            [
                0.3387359564111776
            ]
        ]
    }, 
    "image-00048.jpg": {
        "25.067032,121.534689": [
            [
                -16.275928049245046
            ], 
            [
                -36.01479594522864
            ], 
            [
                -1.4237665894968883
            ]
        ]
    }, 
    "image-00007.jpg": {
        "25.066150,121.535796": [
            [
                -9.00312172755535
            ], 
            [
                101.91184742235977
            ], 
            [
                -1.6099224304151676
            ]
        ]
    }, 
    "image-00057.jpg": {
        "25.067090,121.534587": [
            [
                -11.642554838179386
            ], 
            [
                -64.49353012081207
            ], 
            [
                -1.140801950059057
            ]
        ]
    }, 
    "image-00022.jpg": {
        "25.066423,121.535445": [
            [
                -8.62720741458035
            ], 
            [
                64.0961650863308
            ], 
            [
                -1.3332058321356453
            ]
        ]
    }, 
    "image-00020.jpg": {
        "25.066359,121.535527": [
            [
                -8.224392809431532
            ], 
            [
                78.29783760520709
            ], 
            [
                -0.21955392446984234
            ]
        ]
    }, 
    "image-00026.jpg": {
        "25.066476,121.535253": [
            [
                2.5288473125647997
            ], 
            [
                48.56926463851339
            ], 
            [
                2.8345351268138588
            ]
        ]
    }, 
    "image-00065.jpg": {
        "25.067324,121.534261": [
            [
                -7.080153736375101
            ], 
            [
                -104.73370044175131
            ], 
            [
                -0.8472655050990987
            ]
        ]
    }, 
    "image-00043.jpg": {
        "25.066858,121.534916": [
            [
                -10.751526766172192
            ], 
            [
                -12.990500450913824
            ], 
            [
                1.2696145465165398
            ]
        ]
    }, 
    "image-00071.jpg": {
        "25.067459,121.534086": [
            [
                -8.947452397691405
            ], 
            [
                -241.44776247374162
            ], 
            [
                1.837438606108794
            ]
        ]
    }, 
    "image-00037.jpg": {
        "25.066721,121.534921": [
            [
                36.04986574547097
            ], 
            [
                -127.96555818919431
            ], 
            [
                5.661396501016485
            ]
        ]
    }, 
    "image-00064.jpg": {
        "25.067283,121.534314": [
            [
                -13.408437727515881
            ], 
            [
                -114.32466844145945
            ], 
            [
                -2.369012879167716
            ]
        ]
    }, 
    "image-00035.jpg": {
        "25.066713,121.535092": [
            [
                -12.606073871811134
            ], 
            [
                1.7046349420286302
            ], 
            [
                -1.1057980315330054
            ]
        ]
    }, 
    "image-00051.jpg": {
        "25.066496,121.535357": [
            [
                -47.31043245047829
            ], 
            [
                2.7953930549435775
            ], 
            [
                -18.52486593406112
            ]
        ]
    }
}