{"image-00057.jpg":{"24.185221,120.634980":[24.18523259598275,120.63498472790309]},"image-00017.jpg":{"24.184459,120.634730":[24.184613640706644,120.63479529806347]},"image-00083.jpg":{"24.185762,120.635146":[24.185785063628693,120.63515699231296]},"image-00013.jpg":{"24.184379,120.634697":[24.184560672238543,120.6348106867776]},"image-00043.jpg":{"24.184920,120.634887":[24.18496872374527,120.63489568296214]},"image-00080.jpg":{"24.185675,120.635120":[24.185706542807218,120.63514589390479]},"image-00091.jpg":{"24.185845,120.635172":[24.18587458311055,120.63517965067862]},"image-00036.jpg":{"24.184799,120.634850":[24.184890416844617,120.63482996556311]},"image-00047.jpg":{"24.185024,120.634919":[24.18503444237602,120.63492279949347]},"image-00023.jpg":{"24.184543,120.634765":[24.184712946743254,120.63481679355502]},"image-00060.jpg":{"24.185316,120.635009":[24.18532387840964,120.63501308517394]},"image-00105.jpg":{"24.186099,120.635250":[24.186145914382095,120.63524131721525]},"image-00027.jpg":{"24.184635,120.634798":[24.1847560150932,120.63483335410221]}}