{
    "image-00057.jpg": {
        "24.185221,120.634980": [
            [
                0.10938306781454712
            ], 
            [
                1.3713557102669616
            ], 
            [
                -0.013928181789149022
            ]
        ]
    }, 
    "image-00017.jpg": {
        "24.184459,120.634730": [
            [
                0.411653845619236
            ], 
            [
                -70.08461422293625
            ], 
            [
                -0.3599984199478854
            ]
        ]
    }, 
    "image-00083.jpg": {
        "24.185762,120.635146": [
            [
                0.1500238560619751
            ], 
            [
                65.23970162690651
            ], 
            [
                -0.17695570716093867
            ]
        ]
    }, 
    "image-00013.jpg": {
        "24.184379,120.634697": [
            [
                3.521097068656829
            ], 
            [
                -75.32464828703448
            ], 
            [
                -0.6488057820165626
            ]
        ]
    }, 
    "image-00043.jpg": {
        "24.184920,120.634887": [
            [
                -0.5704421982559055
            ], 
            [
                -29.321131519722268
            ], 
            [
                -0.720393994348925
            ]
        ]
    }, 
    "image-00080.jpg": {
        "24.185675,120.635120": [
            [
                1.4504026125563834
            ], 
            [
                56.532878711390495
            ], 
            [
                -0.2525107770196575
            ]
        ]
    }, 
    "image-00091.jpg": {
        "24.185845,120.635172": [
            [
                -0.35616116684426735
            ], 
            [
                75.44315316682608
            ], 
            [
                -0.4063099671966395
            ]
        ]
    }, 
    "image-00036.jpg": {
        "24.184799,120.634850": [
            [
                -4.606452345144913
            ], 
            [
                -39.51742248537593
            ], 
            [
                -1.4351738823815512
            ]
        ]
    }, 
    "image-00047.jpg": {
        "24.185024,120.634919": [
            [
                0.08088132272886805
            ], 
            [
                -21.540254153753853
            ], 
            [
                -0.11815162886227171
            ]
        ]
    }, 
    "image-00023.jpg": {
        "24.184543,120.634765": [
            [
                -0.5050152367642884
            ], 
            [
                -58.86647237599908
            ], 
            [
                0.3545719885833323
            ]
        ]
    }, 
    "image-00060.jpg": {
        "24.185316,120.635009": [
            [
                0.10582174573214786
            ], 
            [
                11.921196926882857
            ], 
            [
                -0.04354100925531701
            ]
        ]
    }, 
    "image-00105.jpg": {
        "24.186099,120.635250": [
            [
                -2.57450082721698
            ], 
            [
                106.1754375516097
            ], 
            [
                -0.9913804335805256
            ]
        ]
    }, 
    "image-00027.jpg": {
        "24.184635,120.634798": [
            [
                -0.19625465811172305
            ], 
            [
                -53.80081843336289
            ], 
            [
                0.07834384728087151
            ]
        ]
    }
}