{
    "image-00057.jpg": {
        "24.185221,120.634980": [
            [
                -0.6890609082091335
            ], 
            [
                -1.541731887201464
            ], 
            [
                0.12040848237477725
            ]
        ]
    }, 
    "image-00017.jpg": {
        "24.184459,120.634730": [
            [
                -1.1588413163325821
            ], 
            [
                -90.2066752306573
            ], 
            [
                -0.6636025266576233
            ]
        ]
    }, 
    "image-00083.jpg": {
        "24.185762,120.635146": [
            [
                -1.3762429559918081
            ], 
            [
                58.92733323577238
            ], 
            [
                0.03127709382203969
            ]
        ]
    }, 
    "image-00013.jpg": {
        "24.184379,120.634697": [
            [
                -1.4348036673526146
            ], 
            [
                -97.26268520245988
            ], 
            [
                -0.5277082945056191
            ]
        ]
    }, 
    "image-00043.jpg": {
        "24.184920,120.634887": [
            [
                -0.4068132033463704
            ], 
            [
                -32.9074075405654
            ], 
            [
                -0.6518476794035917
            ]
        ]
    }, 
    "image-00080.jpg": {
        "24.185675,120.635120": [
            [
                -1.4499631453133768
            ], 
            [
                49.686514909411315
            ], 
            [
                0.06287043381936419
            ]
        ]
    }, 
    "image-00091.jpg": {
        "24.185845,120.635172": [
            [
                -0.4947788248348679
            ], 
            [
                71.55518776935854
            ], 
            [
                0.18009377525750114
            ]
        ]
    }, 
    "image-00036.jpg": {
        "24.184799,120.634850": [
            [
                -0.25391348274415976
            ], 
            [
                -49.29706511236748
            ], 
            [
                -0.6257885031493879
            ]
        ]
    }, 
    "image-00047.jpg": {
        "24.185024,120.634919": [
            [
                -0.4731326384612474
            ], 
            [
                -24.224548580578197
            ], 
            [
                -0.07142544304446652
            ]
        ]
    }, 
    "image-00023.jpg": {
        "24.184543,120.634765": [
            [
                2.5945554982240164
            ], 
            [
                -72.38133158614492
            ], 
            [
                -0.3240088909459793
            ]
        ]
    }, 
    "image-00060.jpg": {
        "24.185316,120.635009": [
            [
                -1.0707463072569423
            ], 
            [
                7.69239589909466
            ], 
            [
                0.2515921310696131
            ]
        ]
    }, 
    "image-00105.jpg": {
        "24.186099,120.635250": [
            [
                0.14633026319691167
            ], 
            [
                99.92036157361132
            ], 
            [
                0.3488571327692771
            ]
        ]
    }, 
    "image-00027.jpg": {
        "24.184635,120.634798": [
            [
                0.3390335718820726
            ], 
            [
                -68.05218760546752
            ], 
            [
                -0.6476803094503394
            ]
        ]
    }
}