{
    "image-00087.jpg": {
        "25.117570,121.503786": [
            [
                0.5724993746198423
            ], 
            [
                -22.870649898848864
            ], 
            [
                0.7752783384310388
            ]
        ]
    }, 
    "image-00084.jpg": {
        "25.117509,121.503855": [
            [
                3.2015974616536305
            ], 
            [
                -29.03271253434678
            ], 
            [
                -0.05837983315003159
            ]
        ]
    }, 
    "image-00095.jpg": {
        "25.117731,121.503603": [
            [
                -2.2071032829000323
            ], 
            [
                16.347906273092036
            ], 
            [
                0.3516438032362177
            ]
        ]
    }, 
    "image-00077.jpg": {
        "25.117281,121.504106": [
            [
                0.6454501468434852
            ], 
            [
                -47.952803185422816
            ], 
            [
                -0.1731758796107168
            ]
        ]
    }, 
    "image-00111.jpg": {
        "25.118094,121.503186": [
            [
                -4.386613627674315
            ], 
            [
                74.63601609605558
            ], 
            [
                -0.5851582645090918
            ]
        ]
    }, 
    "image-00099.jpg": {
        "25.117785,121.503543": [
            [
                8.747846563448547
            ], 
            [
                57.56877727919387
            ], 
            [
                -1.3829639608246005
            ]
        ]
    }, 
    "image-00101.jpg": {
        "25.118094,121.503186": [
            [
                22.044422022384136
            ], 
            [
                -12.39287407552146
            ], 
            [
                7.913332622164766
            ]
        ]
    }, 
    "image-00017.jpg": {
        "25.116093,121.505409": [
            [
                5.743309482667719
            ], 
            [
                -249.12766744945836
            ], 
            [
                -0.32302446757276115
            ]
        ]
    }, 
    "image-00083.jpg": {
        "25.117446,121.503926": [
            [
                0.6567381628833617
            ], 
            [
                -27.931066596618916
            ], 
            [
                0.1025356077005557
            ]
        ]
    }, 
    "image-00119.jpg": {
        "25.118237,121.503017": [
            [
                0.715708579745133
            ], 
            [
                126.34826415906821
            ], 
            [
                -2.264131966295543
            ]
        ]
    }, 
    "image-00066.jpg": {
        "25.117050,121.504354": [
            [
                -0.8206621009769854
            ], 
            [
                -78.86616509036094
            ], 
            [
                -0.7402300785941955
            ]
        ]
    }, 
    "image-00023.jpg": {
        "25.117509,121.503855": [
            [
                4.053811828872137
            ], 
            [
                -33.397219929283295
            ], 
            [
                -2.7763418289791932
            ]
        ]
    }, 
    "image-00105.jpg": {
        "25.116093,121.505409": [
            [
                -12.716475179799644
            ], 
            [
                -251.47267142983415
            ], 
            [
                3.5681095113924144
            ]
        ]
    }, 
    "image-00107.jpg": {
        "25.118026,121.503265": [
            [
                -2.1363272435840646
            ], 
            [
                64.46594374020977
            ], 
            [
                -3.415097087144086
            ]
        ]
    }, 
    "image-00092.jpg": {
        "25.117678,121.503664": [
            [
                1.1058961356248767
            ], 
            [
                8.941538807529806
            ], 
            [
                0.009518761744560789
            ]
        ]
    }, 
    "image-00079.jpg": {
        "25.117414,121.503961": [
            [
                1.7276759927675212
            ], 
            [
                -60.72734861240151
            ], 
            [
                2.72322269259095
            ]
        ]
    }, 
    "image-00104.jpg": {
        "25.117909,121.503403": [
            [
                -2.1346162878329356
            ], 
            [
                61.27509163850855
            ], 
            [
                -2.239472294914314
            ]
        ]
    }, 
    "image-00018.jpg": {
        "25.116055,121.505451": [
            [
                1.961739480202688
            ], 
            [
                -239.5525454162077
            ], 
            [
                -0.26708629737001743
            ]
        ]
    }, 
    "image-00022.jpg": {
        "25.116157,121.505339": [
            [
                1.3626647232376925
            ], 
            [
                -223.76664534918106
            ], 
            [
                -0.2669224242025958
            ]
        ]
    }, 
    "image-00109.jpg": {
        "25.116220,121.505268": [
            [
                -314918.2400499891
            ], 
            [
                -788670.7952086983
            ], 
            [
                -570703.980010087
            ]
        ]
    }, 
    "image-00100.jpg": {
        "25.117836,121.503485": [
            [
                9.42317652866976
            ], 
            [
                60.46417509934535
            ], 
            [
                -1.6291674783269041
            ]
        ]
    }, 
    "image-00028.jpg": {
        "25.116258,121.505226": [
            [
                -1.557486104299727
            ], 
            [
                -219.10160692462776
            ], 
            [
                -2.938792039122985
            ]
        ]
    }
}