{
    "image-00044.jpg": {
        "25.136773,121.459958": [
            [
                -3.564294507554356
            ], 
            [
                8.582689708967205
            ], 
            [
                -1.717804542946823
            ]
        ]
    }, 
    "image-00078.jpg": {
        "25.136305,121.459876": [
            [
                1.0540311206319237
            ], 
            [
                58.05428266979101
            ], 
            [
                0.33046977171626124
            ]
        ]
    }, 
    "image-00033.jpg": {
        "25.136857,121.459968": [
            [
                -1.5093482462109586
            ], 
            [
                -7.239050647017298
            ], 
            [
                -0.3085130287610164
            ]
        ]
    }, 
    "image-00094.jpg": {
        "25.136217,121.459855": [
            [
                21.566459212031305
            ], 
            [
                101.58559107866482
            ], 
            [
                -1.5485753988138566
            ]
        ]
    }, 
    "image-00048.jpg": {
        "25.136568,121.459931": [
            [
                -1.7333452726611625
            ], 
            [
                21.68034929409956
            ], 
            [
                0.17900471871547738
            ]
        ]
    }, 
    "image-00006.jpg": {
        "25.137359,121.459961": [
            [
                -71.87078992608417
            ], 
            [
                68.39539498521276
            ], 
            [
                -1.9133927696950774
            ]
        ]
    }, 
    "image-00096.jpg": {
        "25.135953,121.459795": [
            [
                7.829033497762692
            ], 
            [
                126.92421475948674
            ], 
            [
                -1.247087750568891
            ]
        ]
    }, 
    "image-00116.jpg": {
        "25.135372,121.459800": [
            [
                -6.7333234777244755
            ], 
            [
                155.59949557688728
            ], 
            [
                -1.2216847966381357
            ]
        ]
    }, 
    "image-00050.jpg": {
        "25.136481,121.459916": [
            [
                -0.9226485058420878
            ], 
            [
                29.114117737710547
            ], 
            [
                1.0946102159081401
            ]
        ]
    }, 
    "image-00045.jpg": {
        "25.136729,121.459952": [
            [
                -88.61860879171847
            ], 
            [
                31.6259779208896
            ], 
            [
                -7.058965411222499
            ]
        ]
    }, 
    "image-00073.jpg": {
        "25.136393,121.459896": [
            [
                -2.9775858266851456
            ], 
            [
                54.33326062726842
            ], 
            [
                -2.070014024657845
            ]
        ]
    }, 
    "image-00049.jpg": {
        "25.136648,121.459942": [
            [
                -2.4468759442791077
            ], 
            [
                17.210797479273463
            ], 
            [
                -0.4270606128544258
            ]
        ]
    }, 
    "image-00023.jpg": {
        "25.136946,121.459979": [
            [
                -0.9575308578207249
            ], 
            [
                -22.627279326444963
            ], 
            [
                -0.026248051023258997
            ]
        ]
    }, 
    "image-00007.jpg": {
        "25.137252,121.459977": [
            [
                -114.64372242821594
            ], 
            [
                -31.90841363296915
            ], 
            [
                -3.954941694342259
            ]
        ]
    }, 
    "image-00014.jpg": {
        "25.137119,121.459981": [
            [
                4.916623116153495
            ], 
            [
                -38.37830147920585
            ], 
            [
                1.142567202590585
            ]
        ]
    }, 
    "image-00111.jpg": {
        "25.136041,121.459815": [
            [
                0.33768526661473963
            ], 
            [
                88.84622374361074
            ], 
            [
                -1.9239659558900215
            ]
        ]
    }, 
    "image-00012.jpg": {
        "25.137161,121.459979": [
            [
                3.638640069211478
            ], 
            [
                -39.93988504565501
            ], 
            [
                1.4890803025517647
            ]
        ]
    }, 
    "image-00021.jpg": {
        "25.137029,121.459983": [
            [
                -0.535656404178035
            ], 
            [
                -28.23228592323961
            ], 
            [
                0.024158964403315886
            ]
        ]
    }
}