{
    "image-00020.jpg": {
        "22.648631,120.303277": [
            [
                -5.632735112512245
            ], 
            [
                -27.237225967689294
            ], 
            [
                -5.2801626476999015
            ]
        ]
    }, 
    "image-00026.jpg": {
        "22.648779,120.303406": [
            [
                -11.030325565048937
            ], 
            [
                -25.143141712462537
            ], 
            [
                2.3928704092673474
            ]
        ]
    }, 
    "image-00067.jpg": {
        "22.649936,120.303401": [
            [
                -20025.81279287493
            ], 
            [
                -1147830.8407947344
            ], 
            [
                -1898432.9869613263
            ]
        ]
    }, 
    "image-00039.jpg": {
        "22.649165,120.303432": [
            [
                -12.61410766774004
            ], 
            [
                -66.77989853179074
            ], 
            [
                1.1656266666182642
            ]
        ]
    }, 
    "image-00036.jpg": {
        "22.649388,120.303344": [
            [
                4.272166977350711
            ], 
            [
                -75.16810459602291
            ], 
            [
                1.0532717257159518
            ]
        ]
    }, 
    "image-00023.jpg": {
        "22.648887,120.303410": [
            [
                -11.51539647751517
            ], 
            [
                -31.831450504158514
            ], 
            [
                1.1517089456349048
            ]
        ]
    }, 
    "image-00021.jpg": {
        "22.648716,120.303404": [
            [
                -14.099782999165809
            ], 
            [
                -19.023993095379062
            ], 
            [
                -0.6735674762698984
            ]
        ]
    }, 
    "image-00025.jpg": {
        "22.648932,120.303414": [
            [
                12.034727918322048
            ], 
            [
                -48.33604202081798
            ], 
            [
                0.42508537746454644
            ]
        ]
    }
}