{"image-00008.jpg":{"24.962605,121.442764":[24.962616957038108,121.44271967587879]},"image-00101.jpg":{"24.963629,121.441129":[24.963632494327864,121.44111067911965]},"image-00055.jpg":{"24.963319,121.441898":[24.963235066800692,121.44189302578425]},"image-00058.jpg":{"24.963238,121.441996":[24.963223423897375,121.44201281846395]},"image-00081.jpg":{"24.963468,121.441551":[24.963486405914214,121.44151279965624]},"image-00083.jpg":{"24.963515,121.441459":[24.963504141248507,121.44141673634827]},"image-00011.jpg":{"24.962660,121.442588":[24.962652461301445,121.44259243311706]},"image-00098.jpg":{"24.963598,121.441243":[24.9636375911348,121.44117871675965]},"image-00054.jpg":{"24.963347,121.441814":[24.963326034978785,121.4421199742509]},"image-00007.jpg":{"24.962577,121.442851":[24.962596638694627,121.44279843635614]},"image-00108.jpg":{"24.963667,121.441013":[24.96369337281537,121.4409907532378]},"image-00051.jpg":{"24.963131,121.442140":[24.96316159448718,121.44210740228036]}}