{
    "image-00008.jpg": {
        "24.962605,121.442764": [
            [
                -0.508512607088813
            ], 
            [
                4.634002705417312
            ], 
            [
                -0.5242133110782237
            ]
        ]
    }, 
    "image-00101.jpg": {
        "24.963629,121.441129": [
            [
                40.62535775262805
            ], 
            [
                197.94146901742744
            ], 
            [
                -0.27647267797433983
            ]
        ]
    }, 
    "image-00055.jpg": {
        "24.963319,121.441898": [
            [
                30.499508216750236
            ], 
            [
                108.10711198738501
            ], 
            [
                1.410870210245573
            ]
        ]
    }, 
    "image-00058.jpg": {
        "24.963238,121.441996": [
            [
                33.992327683657365
            ], 
            [
                96.4750527659493
            ], 
            [
                0.7525422229955581
            ]
        ]
    }, 
    "image-00081.jpg": {
        "24.963468,121.441551": [
            [
                41.38371802638943
            ], 
            [
                154.27791479562666
            ], 
            [
                -0.7951362842444567
            ]
        ]
    }, 
    "image-00083.jpg": {
        "24.963515,121.441459": [
            [
                39.443550396112315
            ], 
            [
                163.96823214985707
            ], 
            [
                1.0388026987113435
            ]
        ]
    }, 
    "image-00011.jpg": {
        "24.962660,121.442588": [
            [
                -1.8475040106805143
            ], 
            [
                17.987856425735345
            ], 
            [
                0.26870524633060633
            ]
        ]
    }, 
    "image-00098.jpg": {
        "24.963598,121.441243": [
            [
                43.809122349479225
            ], 
            [
                191.84020124199787
            ], 
            [
                0.9021178654824524
            ]
        ]
    }, 
    "image-00054.jpg": {
        "24.963347,121.441814": [
            [
                48.69985700867729
            ], 
            [
                90.94714103611834
            ], 
            [
                11.266562676879008
            ]
        ]
    }, 
    "image-00007.jpg": {
        "24.962577,121.442851": [
            [
                0.4902164928440144
            ], 
            [
                -3.5601972620545
            ], 
            [
                -0.41467285676425714
            ]
        ]
    }, 
    "image-00108.jpg": {
        "24.963667,121.441013": [
            [
                42.17317448845791
            ], 
            [
                211.71025432262704
            ], 
            [
                -1.3344212114538578
            ]
        ]
    }, 
    "image-00051.jpg": {
        "24.963131,121.442140": [
            [
                31.35583841972521
            ], 
            [
                85.01959476118054
            ], 
            [
                -1.1362854732211503
            ]
        ]
    }
}