{
    "image-00008.jpg": {
        "24.962605,121.442764": [
            [
                -0.03684464704413387
            ], 
            [
                2.5617808349485727
            ], 
            [
                -0.5031923132709565
            ]
        ]
    }, 
    "image-00101.jpg": {
        "24.963629,121.441129": [
            [
                40.409051033696876
            ], 
            [
                193.38523787970072
            ], 
            [
                0.3982358409981259
            ]
        ]
    }, 
    "image-00055.jpg": {
        "24.963319,121.441898": [
            [
                25.846443661622594
            ], 
            [
                130.91338399072794
            ], 
            [
                2.0435584321076306
            ]
        ]
    }, 
    "image-00058.jpg": {
        "24.963238,121.441996": [
            [
                34.81244509010353
            ], 
            [
                91.75038404060098
            ], 
            [
                0.709292842605791
            ]
        ]
    }, 
    "image-00081.jpg": {
        "24.963468,121.441551": [
            [
                41.74741521871142
            ], 
            [
                153.13777617907263
            ], 
            [
                -0.7787280929642826
            ]
        ]
    }, 
    "image-00083.jpg": {
        "24.963515,121.441459": [
            [
                39.57069471162126
            ], 
            [
                160.98178463919285
            ], 
            [
                1.158393145266622
            ]
        ]
    }, 
    "image-00011.jpg": {
        "24.962660,121.442588": [
            [
                -1.2195483596316694
            ], 
            [
                8.780864470362385
            ], 
            [
                0.09405016366046648
            ]
        ]
    }, 
    "image-00098.jpg": {
        "24.963598,121.441243": [
            [
                43.18586741462026
            ], 
            [
                186.84609234788485
            ], 
            [
                0.6384474919575283
            ]
        ]
    }, 
    "image-00054.jpg": {
        "24.963347,121.441814": [
            [
                49.4522951116888
            ], 
            [
                82.42403907886279
            ], 
            [
                11.675034537308562
            ]
        ]
    }, 
    "image-00007.jpg": {
        "24.962577,121.442851": [
            [
                0.28360877184791555
            ], 
            [
                -5.466126386156723
            ], 
            [
                -0.37521661974351406
            ]
        ]
    }, 
    "image-00108.jpg": {
        "24.963667,121.441013": [
            [
                41.78484949626989
            ], 
            [
                209.1062507174275
            ], 
            [
                -1.0454964737639614
            ]
        ]
    }, 
    "image-00051.jpg": {
        "24.963131,121.442140": [
            [
                31.367185423624992
            ], 
            [
                83.61316132730784
            ], 
            [
                -0.8314576651354102
            ]
        ]
    }
}