{"image-00044.jpg":{"24.165165,120.673923":[24.165166916357656,120.67392106693475]},"image-00078.jpg":{"24.165918,120.673670":[24.165917889664463,120.67367779746723]},"image-00103.jpg":{"24.166625,120.673433":[24.166647225107262,120.67343539788575]},"image-00096.jpg":{"24.166454,120.673490":[24.166440342838616,120.67350262963967]},"image-00123.jpg":{"24.167236,120.673236":[24.167229556495748,120.67324003619208]},"image-00121.jpg":{"24.167149,120.673263":[24.16718226433685,120.67326955089614]},"image-00108.jpg":{"24.166814,120.673369":[24.166786808587542,120.67337840908081]},"image-00052.jpg":{"24.165327,120.673868":[24.165332658298006,120.67385593336894]},"image-00101.jpg":{"24.166556,120.673456":[24.16658558674661,120.67345750387173]},"image-00056.jpg":{"24.165404,120.673843":[24.165425589664487,120.67384255233856]},"image-00064.jpg":{"24.165563,120.673789":[24.16558527580841,120.67379063128857]},"image-00050.jpg":{"24.165249,120.673894":[24.165282334177203,120.67384647719618]},"image-00075.jpg":{"24.165832,120.673699":[24.165840547578362,120.67370361566579]},"image-00099.jpg":{"24.166487,120.673479":[24.16651529439303,120.67347962539313]},"image-00119.jpg":{"24.167054,120.673292":[24.16708389667916,120.67326997273923]},"image-00038.jpg":{"24.165033,120.673966":[24.165013733741002,120.67396401988756]},"image-00107.jpg":{"24.166711,120.673404":[24.166734008205164,120.67339342313909]},"image-00030.jpg":{"24.165023,120.673810":[24.165767678951795,120.67260397322275]}}