{
    "image-00044.jpg": {
        "24.165165,120.673923": [
            [
                -0.11554204290814565
            ], 
            [
                0.2655496377989421
            ], 
            [
                -0.085712328806423
            ]
        ]
    }, 
    "image-00078.jpg": {
        "24.165918,120.673670": [
            [
                3.902669634239941
            ], 
            [
                87.24793463101531
            ], 
            [
                -0.09746471313354022
            ]
        ]
    }, 
    "image-00103.jpg": {
        "24.166625,120.673433": [
            [
                7.2168586072296925
            ], 
            [
                171.92794341326808
            ], 
            [
                -0.22580462277469593
            ]
        ]
    }, 
    "image-00096.jpg": {
        "24.166454,120.673490": [
            [
                6.1303574978223505
            ], 
            [
                147.95843773235705
            ], 
            [
                -0.807129218909516
            ]
        ]
    }, 
    "image-00123.jpg": {
        "24.167236,120.673236": [
            [
                9.688790755688313
            ], 
            [
                239.60035320619025
            ], 
            [
                -0.17751266209833716
            ]
        ]
    }, 
    "image-00121.jpg": {
        "24.167149,120.673263": [
            [
                10.79640859536211
            ], 
            [
                233.65122909971987
            ], 
            [
                -0.23481074057474416
            ]
        ]
    }, 
    "image-00108.jpg": {
        "24.166814,120.673369": [
            [
                6.835333357944747
            ], 
            [
                188.4863736599306
            ], 
            [
                0.6933943394027935
            ]
        ]
    }, 
    "image-00052.jpg": {
        "24.165327,120.673868": [
            [
                -0.3256902770398654
            ], 
            [
                19.842881858695698
            ], 
            [
                -0.354233905722098
            ]
        ]
    }, 
    "image-00101.jpg": {
        "24.166556,120.673456": [
            [
                7.092052513483884
            ], 
            [
                164.71757042904855
            ], 
            [
                -0.3015214032822371
            ]
        ]
    }, 
    "image-00056.jpg": {
        "24.165404,120.673843": [
            [
                1.774617300531096
            ], 
            [
                30.051342625965653
            ], 
            [
                -0.5228109711031879
            ]
        ]
    }, 
    "image-00064.jpg": {
        "24.165563,120.673789": [
            [
                2.610589076858652
            ], 
            [
                48.55357515609926
            ], 
            [
                -0.4720732051472787
            ]
        ]
    }, 
    "image-00050.jpg": {
        "24.165249,120.673894": [
            [
                -3.0641241004859254
            ], 
            [
                14.869540042843399
            ], 
            [
                -0.2231843146704282
            ]
        ]
    }, 
    "image-00075.jpg": {
        "24.165832,120.673699": [
            [
                3.562069087452339
            ], 
            [
                78.26431444818596
            ], 
            [
                -0.49511301397655316
            ]
        ]
    }, 
    "image-00099.jpg": {
        "24.166487,120.673479": [
            [
                6.653700675034928
            ], 
            [
                156.59741932589012
            ], 
            [
                -0.8791964008862863
            ]
        ]
    }, 
    "image-00119.jpg": {
        "24.167054,120.673292": [
            [
                7.25589169400083
            ], 
            [
                223.30200511045447
            ], 
            [
                -0.7429838718023731
            ]
        ]
    }, 
    "image-00038.jpg": {
        "24.165033,120.673966": [
            [
                -1.5744143062184262
            ], 
            [
                -17.255523722522923
            ], 
            [
                0.07560746058664503
            ]
        ]
    }, 
    "image-00107.jpg": {
        "24.166711,120.673404": [
            [
                6.352432935732044
            ], 
            [
                182.44011140340524
            ], 
            [
                0.10223875158207107
            ]
        ]
    }, 
    "image-00030.jpg": {
        "24.165023,120.673810": [
            [
                -104.50002275071586
            ], 
            [
                107.12959701625502
            ], 
            [
                -101.80729801247503
            ]
        ]
    }
}