{
    "image-00044.jpg": {
        "24.165165,120.673923": [
            [
                1.2243025028044412
            ], 
            [
                -6.340227385786462
            ], 
            [
                0.4046715701282033
            ]
        ]
    }, 
    "image-00078.jpg": {
        "24.165918,120.673670": [
            [
                10.918510134497396
            ], 
            [
                96.55004306954855
            ], 
            [
                -0.9748225349929474
            ]
        ]
    }, 
    "image-00103.jpg": {
        "24.166625,120.673433": [
            [
                14.757340246330672
            ], 
            [
                195.50249692374285
            ], 
            [
                -1.4298834292128948
            ]
        ]
    }, 
    "image-00096.jpg": {
        "24.166454,120.673490": [
            [
                3.9940667442192366
            ], 
            [
                140.06548958973698
            ], 
            [
                -1.6245167692977205
            ]
        ]
    }, 
    "image-00123.jpg": {
        "24.167236,120.673236": [
            [
                8.466937375832451
            ], 
            [
                234.38281956512964
            ], 
            [
                -0.452712241629996
            ]
        ]
    }, 
    "image-00121.jpg": {
        "24.167149,120.673263": [
            [
                9.62129804863667
            ], 
            [
                229.53993967938433
            ], 
            [
                -0.4111792800426457
            ]
        ]
    }, 
    "image-00108.jpg": {
        "24.166814,120.673369": [
            [
                6.901017436644593
            ], 
            [
                181.9807312936454
            ], 
            [
                0.5368231898019431
            ]
        ]
    }, 
    "image-00101.jpg": {
        "24.166556,120.673456": [
            [
                13.767191582156777
            ], 
            [
                177.61992310232893
            ], 
            [
                -0.005815642201930871
            ]
        ]
    }, 
    "image-00052.jpg": {
        "24.165327,120.673868": [
            [
                1.9462356932245348
            ], 
            [
                10.026599828295259
            ], 
            [
                -0.7343784190560383
            ]
        ]
    }, 
    "image-00050.jpg": {
        "24.165249,120.673894": [
            [
                -0.5599476980003721
            ], 
            [
                4.71880743620415
            ], 
            [
                -0.6986833089343318
            ]
        ]
    }, 
    "image-00056.jpg": {
        "24.165404,120.673843": [
            [
                1.6307741038405883
            ], 
            [
                20.952343215332224
            ], 
            [
                -0.7934187224708751
            ]
        ]
    }, 
    "image-00064.jpg": {
        "24.165563,120.673789": [
            [
                -0.06104818066585804
            ], 
            [
                40.806385744121776
            ], 
            [
                -0.5830454702231975
            ]
        ]
    }, 
    "image-00075.jpg": {
        "24.165832,120.673699": [
            [
                0.4086589221441179
            ], 
            [
                70.71649839475256
            ], 
            [
                -1.0218199568406199
            ]
        ]
    }, 
    "image-00099.jpg": {
        "24.166487,120.673479": [
            [
                3.5461888789510017
            ], 
            [
                149.63973384309452
            ], 
            [
                -1.1204619168612204
            ]
        ]
    }, 
    "image-00119.jpg": {
        "24.167054,120.673292": [
            [
                7.963908222175619
            ], 
            [
                218.6591850265021
            ], 
            [
                -0.9894920054631484
            ]
        ]
    }, 
    "image-00038.jpg": {
        "24.165033,120.673966": [
            [
                -2.276171291554149
            ], 
            [
                -26.897646379292635
            ], 
            [
                -0.06906737711039668
            ]
        ]
    }, 
    "image-00107.jpg": {
        "24.166711,120.673404": [
            [
                5.241692983749667
            ], 
            [
                175.7303788158475
            ], 
            [
                0.19013259567358176
            ]
        ]
    }, 
    "image-00030.jpg": {
        "24.165023,120.673810": [
            [
                15.860128925819843
            ], 
            [
                45.58982749263833
            ], 
            [
                -185.76430611650622
            ]
        ]
    }
}