{"image-00096.jpg":{"22.664952,120.320276":[22.6648262527783,120.3204831966479]},"image-00046.jpg":{"22.665080,120.319267":[22.665074721120803,120.31928992981982]},"image-00111.jpg":{"22.664925,120.320635":[22.66490026034134,120.32066464705306]},"image-00081.jpg":{"22.664983,120.319904":[22.664970480891505,120.3199426227438]},"image-00083.jpg":{"22.664974,120.319952":[22.664972326604023,120.3199753322995]},"image-00039.jpg":{"22.665087,120.319177":[22.665057559586895,120.31918896506039]},"image-00120.jpg":{"22.664911,120.320829":[22.66488284854951,120.32088741335534]},"image-00084.jpg":{"22.664968,120.320066":[22.664962484047663,120.32001928447373]},"image-00055.jpg":{"22.665068,120.319409":[22.66505690491399,120.31941842725533]},"image-00091.jpg":{"22.664960,120.320169":[22.664957699407584,120.3201683312052]},"image-00061.jpg":{"22.665050,120.319513":[22.665036047403703,120.31952132384744]},"image-00109.jpg":{"22.664921,120.320698":[22.664800133842697,120.32090022546365]},"image-00082.jpg":{"22.664971,120.320008":[22.66497125436978,120.3199567315497]},"image-00071.jpg":{"22.665017,120.319705":[22.665012475811956,120.31973616572037]},"image-00045.jpg":{"22.665063,120.319383":[22.664996494994945,120.31930165226915]},"image-00064.jpg":{"22.665032,120.319616":[22.665019341009206,120.3196016456121]},"image-00054.jpg":{"22.665074,120.319363":[22.665063219344827,120.31940622886538]},"image-00098.jpg":{"22.664945,120.320373":[22.66493322949434,120.32033790022777]},"image-00076.jpg":{"22.665000,120.319801":[22.66498932857913,120.31983726748143]},"image-00107.jpg":{"22.664938,120.320460":[22.66490791607083,120.32052939860154]},"image-00010.jpg":{"22.665092,120.319089":[22.665065096675637,120.31912150643281]}}