{
    "image-00096.jpg": {
        "22.664952,120.320276": [
            [
                -12.30037882967251
            ], 
            [
                -24.59457772984994
            ], 
            [
                0.021139527126176727
            ]
        ]
    }, 
    "image-00046.jpg": {
        "22.665080,120.319267": [
            [
                6.023091950933177
            ], 
            [
                108.4318085363242
            ], 
            [
                -2.2568698954467097
            ]
        ]
    }, 
    "image-00111.jpg": {
        "22.664925,120.320635": [
            [
                -0.7102379209377556
            ], 
            [
                -34.31757515158173
            ], 
            [
                1.4688426406124924
            ]
        ]
    }, 
    "image-00081.jpg": {
        "22.664983,120.319904": [
            [
                -1.3851487288020774
            ], 
            [
                39.86831004524791
            ], 
            [
                -2.8592246475436154
            ]
        ]
    }, 
    "image-00083.jpg": {
        "22.664974,120.319952": [
            [
                -0.8143394704671874
            ], 
            [
                35.739243117688076
            ], 
            [
                -3.0099747627692093
            ]
        ]
    }, 
    "image-00039.jpg": {
        "22.665087,120.319177": [
            [
                5.598485334213109
            ], 
            [
                119.18980302698914
            ], 
            [
                -2.883968341473775
            ]
        ]
    }, 
    "image-00120.jpg": {
        "22.664911,120.320829": [
            [
                -2.3055615950372195
            ], 
            [
                -58.65476915129176
            ], 
            [
                -0.5306281250999457
            ]
        ]
    }, 
    "image-00084.jpg": {
        "22.664968,120.320066": [
            [
                -1.860251359749284
            ], 
            [
                33.39153541683852
            ], 
            [
                -1.5861660797281194
            ]
        ]
    }, 
    "image-00055.jpg": {
        "22.665068,120.319409": [
            [
                5.926893562206088
            ], 
            [
                93.62491708458258
            ], 
            [
                -2.09532623026754
            ]
        ]
    }, 
    "image-00091.jpg": {
        "22.664960,120.320169": [
            [
                -0.6050820521786839
            ], 
            [
                15.819064150917654
            ], 
            [
                -0.706022281197763
            ]
        ]
    }, 
    "image-00061.jpg": {
        "22.665050,120.319513": [
            [
                2.8026086406954747
            ], 
            [
                84.47078135170477
            ], 
            [
                -2.8888216668094273
            ]
        ]
    }, 
    "image-00109.jpg": {
        "22.664921,120.320698": [
            [
                -9.198690349951006
            ], 
            [
                -80.73033522236967
            ], 
            [
                4.042171065649441
            ]
        ]
    }, 
    "image-00082.jpg": {
        "22.664971,120.320008": [
            [
                -0.7051110959217839
            ], 
            [
                38.94277191694563
            ], 
            [
                -2.2522643769716453
            ]
        ]
    }, 
    "image-00071.jpg": {
        "22.665017,120.319705": [
            [
                1.8560662827730026
            ], 
            [
                62.454470749824615
            ], 
            [
                -1.789290235455589
            ]
        ]
    }, 
    "image-00045.jpg": {
        "22.665063,120.319383": [
            [
                -0.06232349938118631
            ], 
            [
                105.51668448856293
            ], 
            [
                3.419460343642358
            ]
        ]
    }, 
    "image-00064.jpg": {
        "22.665032,120.319616": [
            [
                -0.2347683441888444
            ], 
            [
                78.21692265430218
            ], 
            [
                -2.670611667956744
            ]
        ]
    }, 
    "image-00054.jpg": {
        "22.665074,120.319363": [
            [
                6.506263750478537
            ], 
            [
                95.03929729747875
            ], 
            [
                -1.861603040912416
            ]
        ]
    }, 
    "image-00098.jpg": {
        "22.664945,120.320373": [
            [
                -2.127971015162203
            ], 
            [
                -0.17897152836064278
            ], 
            [
                -2.540063627040317
            ]
        ]
    }, 
    "image-00076.jpg": {
        "22.665000,120.319801": [
            [
                2.453966763200123
            ], 
            [
                52.45900059332023
            ], 
            [
                -1.7474783431913734
            ]
        ]
    }, 
    "image-00107.jpg": {
        "22.664938,120.320460": [
            [
                -8.524457568538795
            ], 
            [
                -36.516349312518855
            ], 
            [
                -1.88945406341894
            ]
        ]
    }, 
    "image-00010.jpg": {
        "22.665092,120.319089": [
            [
                4.337682361210817
            ], 
            [
                128.78553855756138
            ], 
            [
                -1.8545723606050244
            ]
        ]
    }
}