{
    "image-00096.jpg": {
        "22.664952,120.320276": [
            [
                -12.53328047803667
            ], 
            [
                -22.145273285384903
            ], 
            [
                -1.5069807296818052
            ]
        ]
    }, 
    "image-00046.jpg": {
        "22.665080,120.319267": [
            [
                6.867428578863169
            ], 
            [
                101.86324285704947
            ], 
            [
                -1.7853404196024043
            ]
        ]
    }, 
    "image-00111.jpg": {
        "22.664925,120.320635": [
            [
                -3.0804921364944793
            ], 
            [
                -40.17315768047414
            ], 
            [
                0.662874202913025
            ]
        ]
    }, 
    "image-00081.jpg": {
        "22.664983,120.319904": [
            [
                -0.23113077666582527
            ], 
            [
                34.26798024069153
            ], 
            [
                -2.013055631663897
            ]
        ]
    }, 
    "image-00083.jpg": {
        "22.664974,120.319952": [
            [
                0.19749717720666027
            ], 
            [
                30.93288854674918
            ], 
            [
                -2.0014416642465402
            ]
        ]
    }, 
    "image-00039.jpg": {
        "22.665087,120.319177": [
            [
                4.2724893706185085
            ], 
            [
                112.07265191182998
            ], 
            [
                -2.8439162608431103
            ]
        ]
    }, 
    "image-00120.jpg": {
        "22.664911,120.320829": [
            [
                -3.4876322424805255
            ], 
            [
                -63.10895128762154
            ], 
            [
                -0.6304202880859942
            ]
        ]
    }, 
    "image-00084.jpg": {
        "22.664968,120.320066": [
            [
                -0.593715594164216
            ], 
            [
                26.360105643605234
            ], 
            [
                -0.9610162969551623
            ]
        ]
    }, 
    "image-00055.jpg": {
        "22.665068,120.319409": [
            [
                5.770099233027275
            ], 
            [
                88.57565454282776
            ], 
            [
                -1.6261280747869655
            ]
        ]
    }, 
    "image-00091.jpg": {
        "22.664960,120.320169": [
            [
                -0.10452810408753965
            ], 
            [
                11.065324560972199
            ], 
            [
                -0.31511176044118827
            ]
        ]
    }, 
    "image-00061.jpg": {
        "22.665050,120.319513": [
            [
                4.160162599752615
            ], 
            [
                77.88650443128792
            ], 
            [
                -1.3876038648141393
            ]
        ]
    }, 
    "image-00109.jpg": {
        "22.664921,120.320698": [
            [
                -12.576913061130174
            ], 
            [
                -65.0341390277857
            ], 
            [
                -1.1401504307811727
            ]
        ]
    }, 
    "image-00082.jpg": {
        "22.664971,120.320008": [
            [
                -0.04876050841046009
            ], 
            [
                32.82927120591067
            ], 
            [
                -1.2849394936486072
            ]
        ]
    }, 
    "image-00071.jpg": {
        "22.665017,120.319705": [
            [
                3.015200643622925
            ], 
            [
                55.71635128825829
            ], 
            [
                -0.7897369682800535
            ]
        ]
    }, 
    "image-00045.jpg": {
        "22.665063,120.319383": [
            [
                -1.7313342264581735
            ], 
            [
                100.08306661458707
            ], 
            [
                2.785963313914067
            ]
        ]
    }, 
    "image-00064.jpg": {
        "22.665032,120.319616": [
            [
                2.8563006914399907
            ], 
            [
                69.5393259608237
            ], 
            [
                -1.5079899720911
            ]
        ]
    }, 
    "image-00054.jpg": {
        "22.665074,120.319363": [
            [
                6.387192378234588
            ], 
            [
                89.8713461495363
            ], 
            [
                -1.4479741350143829
            ]
        ]
    }, 
    "image-00098.jpg": {
        "22.664945,120.320373": [
            [
                -1.6589012019266862
            ], 
            [
                -6.47651337889858
            ], 
            [
                -1.8094084083707236
            ]
        ]
    }, 
    "image-00076.jpg": {
        "22.665000,120.319801": [
            [
                1.138965129595924
            ], 
            [
                45.1939608764863
            ], 
            [
                -0.9993840772981104
            ]
        ]
    }, 
    "image-00107.jpg": {
        "22.664938,120.320460": [
            [
                -3.156756058481322
            ], 
            [
                -26.269729900088254
            ], 
            [
                0.32995651004398385
            ]
        ]
    }, 
    "image-00010.jpg": {
        "22.665092,120.319089": [
            [
                4.647087813793899
            ], 
            [
                119.03492846779316
            ], 
            [
                -1.6689438081406769
            ]
        ]
    }
}