{"image-00101.jpg":{"24.935523,121.685801":[24.93551389533592,121.68583113458797]},"image-00103.jpg":{"24.935454,121.685952":[24.93545691657568,121.68595636831184]},"image-00100.jpg":{"24.935544,121.685745":[24.93552791225488,121.68576353094622]},"image-00108.jpg":{"24.935374,121.686114":[24.935379334783203,121.68611516018369]}}