{
    "image-00101.jpg": {
        "24.935523,121.685801": [
            [
                -0.29848612209010433
            ], 
            [
                3.1887431869948846
            ], 
            [
                0.024042721933343003
            ]
        ]
    }, 
    "image-00103.jpg": {
        "24.935454,121.685952": [
            [
                0.408853295795375
            ], 
            [
                17.298649899497363
            ], 
            [
                -0.13427458344880527
            ]
        ]
    }, 
    "image-00100.jpg": {
        "24.935544,121.685745": [
            [
                1.0232404672684736
            ], 
            [
                -3.677574505058811
            ], 
            [
                0.7535847954914886
            ]
        ]
    }, 
    "image-00108.jpg": {
        "24.935374,121.686114": [
            [
                1.8485678248001998
            ], 
            [
                35.428664606858945
            ], 
            [
                -0.17174449586733864
            ]
        ]
    }
}