{
    "image-00101.jpg": {
        "24.935523,121.685801": [
            [
                -33664380970.107307
            ], 
            [
                -41286149998.19921
            ], 
            [
                7018778808.786626
            ]
        ]
    }, 
    "image-00103.jpg": {
        "24.935454,121.685952": [
            [
                1.1281087260019778
            ], 
            [
                14.767589167508248
            ], 
            [
                -0.04657716266102252
            ]
        ]
    }, 
    "image-00100.jpg": {
        "24.935544,121.685745": [
            [
                1.0997012465190652
            ], 
            [
                -6.156323383231688
            ], 
            [
                0.757132035921034
            ]
        ]
    }, 
    "image-00108.jpg": {
        "24.935374,121.686114": [
            [
                2.612835886054704
            ], 
            [
                33.23678087216277
            ], 
            [
                -0.0457100938294559
            ]
        ]
    }
}