{
    "image-00057.jpg": {
        "25.015722,121.532407": [
            [
                6.806459488985016
            ], 
            [
                36.5515877098377
            ], 
            [
                0.580975981006052
            ]
        ]
    }, 
    "image-00004.jpg": {
        "25.015251,121.532018": [
            [
                6.423850816207995
            ], 
            [
                -62.82396782232354
            ], 
            [
                0.7839225083661088
            ]
        ]
    }, 
    "image-00006.jpg": {
        "25.015481,121.532144": [
            [
                -106.92818977789108
            ], 
            [
                -188.3170865889484
            ], 
            [
                53.02522956667765
            ]
        ]
    }, 
    "image-00015.jpg": {
        "25.015383,121.532042": [
            [
                -3.0649443325080927
            ], 
            [
                -53.901563024050944
            ], 
            [
                0.1012571472648105
            ]
        ]
    }, 
    "image-00038.jpg": {
        "25.015605,121.532280": [
            [
                -2.579617283969889
            ], 
            [
                -26.225321366033043
            ], 
            [
                1.0826246213715942
            ]
        ]
    }, 
    "image-00066.jpg": {
        "25.015805,121.532497": [
            [
                -2.7392286710719738
            ], 
            [
                24.21133207502006
            ], 
            [
                -2.335512512496403
            ]
        ]
    }, 
    "image-00035.jpg": {
        "25.015546,121.532214": [
            [
                -1.093387462618944
            ], 
            [
                -25.851163185786675
            ], 
            [
                -0.21235713209845475
            ]
        ]
    }, 
    "image-00012.jpg": {
        "25.015457,121.532118": [
            [
                -5.2936037204452395
            ], 
            [
                -45.54120378833802
            ], 
            [
                -3.1107555199791603
            ]
        ]
    }, 
    "image-00028.jpg": {
        "25.015457,121.532118": [
            [
                -3.9777810072646975
            ], 
            [
                -30.888197095772195
            ], 
            [
                -0.7966999932723857
            ]
        ]
    }
}