{"image-00031.jpg":{"24.245275,120.544365":[24.245269403201757,120.54439389049074]},"image-00044.jpg":{"24.245360,120.544136":[24.25134138231742,120.54634329799543]},"image-00094.jpg":{"24.245735,120.543120":[24.245759650743764,120.5430730249584]},"image-00059.jpg":{"24.245515,120.543720":[24.24551831168833,120.54373911820178]},"image-00083.jpg":{"24.245668,120.543303":[24.245688779142863,120.54327623858529]},"image-00097.jpg":{"24.245768,120.543028":[24.245776826114675,120.54301830709741]},"image-00011.jpg":{"24.245093,120.544861":[24.245160041802066,120.54478473561335]},"image-00065.jpg":{"24.245552,120.543620":[24.245570408106893,120.54360899040401]},"image-00084.jpg":{"24.245701,120.543211":[24.245698653314513,120.54324338716181]},"image-00074.jpg":{"24.245602,120.543483":[24.245623242149655,120.54344527456604]},"image-00080.jpg":{"24.245654,120.543340":[24.245669221848523,120.54332552767038]},"image-00030.jpg":{"24.245239,120.544459":[24.245252582745444,120.5444405791763]},"image-00064.jpg":{"24.245568,120.543574":[24.24556202193901,120.5436156857009]},"image-00102.jpg":{"24.245802,120.542937":[24.245814435018158,120.54291046988264]},"image-00005.jpg":{"24.245027,120.545044":[24.24506163594766,120.54497596991098]},"image-00060.jpg":{"24.245532,120.543673":[24.245528117231483,120.54370868762368]},"image-00007.jpg":{"24.245060,120.544952":[24.24507915545814,120.54491128573683]},"image-00053.jpg":{"24.245463,120.543861":[24.245461316704198,120.54385740789142]},"image-00121.jpg":{"24.245932,120.542583":[24.24596771880883,120.54253582888882]},"image-00118.jpg":{"24.245915,120.542628":[24.245968691320744,120.5425903897922]}}