{
    "image-00031.jpg": {
        "24.245275,120.544365": [
            [
                0.07150534602905798
            ], 
            [
                -9.114990201436784
            ], 
            [
                1.0980676859091545
            ]
        ]
    }, 
    "image-00044.jpg": {
        "24.245360,120.544136": [
            [
                5777783502.047356
            ], 
            [
                12000663267.4289
            ], 
            [
                4441325279.957825
            ]
        ]
    }, 
    "image-00094.jpg": {
        "24.245735,120.543120": [
            [
                -1.8400070620214564
            ], 
            [
                137.985174349254
            ], 
            [
                -0.5684502458976297
            ]
        ]
    }, 
    "image-00059.jpg": {
        "24.245515,120.543720": [
            [
                -0.24961916319205035
            ], 
            [
                64.20042310694815
            ], 
            [
                0.1290477343863614
            ]
        ]
    }, 
    "image-00083.jpg": {
        "24.245668,120.543303": [
            [
                -1.4053521445703576
            ], 
            [
                116.61537596700327
            ], 
            [
                -0.2243810290209325
            ]
        ]
    }, 
    "image-00097.jpg": {
        "24.245768,120.543028": [
            [
                -1.9019934393078506
            ], 
            [
                144.76740727316164
            ], 
            [
                0.10001273702075508
            ]
        ]
    }, 
    "image-00011.jpg": {
        "24.245093,120.544861": [
            [
                1.2595102097956987
            ], 
            [
                -54.92767762791613
            ], 
            [
                0.052848743093276696
            ]
        ]
    }, 
    "image-00065.jpg": {
        "24.245552,120.543620": [
            [
                0.056473037527916325
            ], 
            [
                80.20053663360507
            ], 
            [
                -0.4146048181168691
            ]
        ]
    }, 
    "image-00084.jpg": {
        "24.245701,120.543211": [
            [
                -0.9400681042601073
            ], 
            [
                117.22698065321885
            ], 
            [
                -0.07823524063072185
            ]
        ]
    }, 
    "image-00074.jpg": {
        "24.245602,120.543483": [
            [
                -1.1642789102577342
            ], 
            [
                98.43700796588314
            ], 
            [
                -0.34699321099476244
            ]
        ]
    }, 
    "image-00080.jpg": {
        "24.245654,120.543340": [
            [
                -1.0571153900005141
            ], 
            [
                112.13166928743202
            ], 
            [
                0.233898316369622
            ]
        ]
    }, 
    "image-00030.jpg": {
        "24.245239,120.544459": [
            [
                1.050673984257831
            ], 
            [
                -12.93802524518405
            ], 
            [
                -0.16594520551097092
            ]
        ]
    }, 
    "image-00064.jpg": {
        "24.245568,120.543574": [
            [
                -0.7671809855584006
            ], 
            [
                76.75373035282831
            ], 
            [
                0.3168568193529335
            ]
        ]
    }, 
    "image-00102.jpg": {
        "24.245802,120.542937": [
            [
                -2.221724256500238
            ], 
            [
                156.30868650587837
            ], 
            [
                -0.31841359936539604
            ]
        ]
    }, 
    "image-00005.jpg": {
        "24.245027,120.545044": [
            [
                1.912478082977137
            ], 
            [
                -69.94176905213075
            ], 
            [
                -0.9838825766100818
            ]
        ]
    }, 
    "image-00060.jpg": {
        "24.245532,120.543673": [
            [
                -0.9018184093408625
            ], 
            [
                66.83797174251673
            ], 
            [
                0.49821227459122497
            ]
        ]
    }, 
    "image-00007.jpg": {
        "24.245060,120.544952": [
            [
                1.2505328280478483
            ], 
            [
                -63.57964884052745
            ], 
            [
                -0.32973739733737517
            ]
        ]
    }, 
    "image-00053.jpg": {
        "24.245463,120.543861": [
            [
                -1.0972995422076752
            ], 
            [
                48.62066699667042
            ], 
            [
                1.1237534528072066
            ]
        ]
    }, 
    "image-00121.jpg": {
        "24.245932,120.542583": [
            [
                -2.768281976268162
            ], 
            [
                195.9715512845101
            ], 
            [
                -0.23580399786771977
            ]
        ]
    }, 
    "image-00118.jpg": {
        "24.245915,120.542628": [
            [
                -1.5234632313493304
            ], 
            [
                189.4066344626983
            ], 
            [
                -0.030809758957630606
            ]
        ]
    }
}