{
    "image-00031.jpg": {
        "24.245275,120.544365": [
            [
                0.5711546290585443
            ], 
            [
                -2.9395315135136757
            ], 
            [
                0.9486839246670997
            ]
        ]
    }, 
    "image-00044.jpg": {
        "24.245360,120.544136": [
            [
                699.1333663315316
            ], 
            [
                78.81380395148312
            ], 
            [
                -1594.0859091646935
            ]
        ]
    }, 
    "image-00094.jpg": {
        "24.245735,120.543120": [
            [
                -1.5510628567656202
            ], 
            [
                141.63333508570133
            ], 
            [
                -0.5867638875846808
            ]
        ]
    }, 
    "image-00059.jpg": {
        "24.245515,120.543720": [
            [
                0.12141437622519291
            ], 
            [
                68.98302639746457
            ], 
            [
                0.4066883301578912
            ]
        ]
    }, 
    "image-00083.jpg": {
        "24.245668,120.543303": [
            [
                -0.7586660776377592
            ], 
            [
                119.5887162972228
            ], 
            [
                -0.11100443117175374
            ]
        ]
    }, 
    "image-00097.jpg": {
        "24.245768,120.543028": [
            [
                -1.9596988797555444
            ], 
            [
                147.48629816382868
            ], 
            [
                0.21476365699676947
            ]
        ]
    }, 
    "image-00011.jpg": {
        "24.245093,120.544861": [
            [
                4.854089000612898
            ], 
            [
                -44.168202925731734
            ], 
            [
                -2.9071294546548123
            ]
        ]
    }, 
    "image-00065.jpg": {
        "24.245552,120.543620": [
            [
                0.30118936756519243
            ], 
            [
                83.39088617418156
            ], 
            [
                -0.4067785593498279
            ]
        ]
    }, 
    "image-00084.jpg": {
        "24.245701,120.543211": [
            [
                -1.048797341916082
            ], 
            [
                123.08369895583296
            ], 
            [
                -0.006770965843529098
            ]
        ]
    }, 
    "image-00074.jpg": {
        "24.245602,120.543483": [
            [
                -0.7735696315347731
            ], 
            [
                100.96568495213135
            ], 
            [
                -0.32206489201750443
            ]
        ]
    }, 
    "image-00080.jpg": {
        "24.245654,120.543340": [
            [
                -0.8088124963344256
            ], 
            [
                114.13901904476445
            ], 
            [
                0.3706027992501042
            ]
        ]
    }, 
    "image-00030.jpg": {
        "24.245239,120.544459": [
            [
                0.6982326308295619
            ], 
            [
                -8.027684924832808
            ], 
            [
                -0.02138036830682033
            ]
        ]
    }, 
    "image-00064.jpg": {
        "24.245568,120.543574": [
            [
                -0.29211419804358707
            ], 
            [
                82.40178980978969
            ], 
            [
                0.530506122457302
            ]
        ]
    }, 
    "image-00102.jpg": {
        "24.245802,120.542937": [
            [
                -2.3801485153844935
            ], 
            [
                159.18447832032138
            ], 
            [
                -0.35637656641524273
            ]
        ]
    }, 
    "image-00005.jpg": {
        "24.245027,120.545044": [
            [
                2.3539391717866667
            ], 
            [
                -66.290679945525
            ], 
            [
                -1.558201140467407
            ]
        ]
    }, 
    "image-00060.jpg": {
        "24.245532,120.543673": [
            [
                -0.07989155024042915
            ], 
            [
                72.24908869683178
            ], 
            [
                0.890284180020835
            ]
        ]
    }, 
    "image-00007.jpg": {
        "24.245060,120.544952": [
            [
                1.5857710666183669
            ], 
            [
                -59.49258647505291
            ], 
            [
                -0.2341012165355476
            ]
        ]
    }, 
    "image-00053.jpg": {
        "24.245463,120.543861": [
            [
                -1.0285575897493502
            ], 
            [
                55.46730096840868
            ], 
            [
                0.3967866625731329
            ]
        ]
    }, 
    "image-00121.jpg": {
        "24.245932,120.542583": [
            [
                -1.5247599737224604
            ], 
            [
                200.80811373212893
            ], 
            [
                -1.763981502640192
            ]
        ]
    }, 
    "image-00118.jpg": {
        "24.245915,120.542628": [
            [
                0.7353111365592504
            ], 
            [
                195.75804441622216
            ], 
            [
                0.5240264902009031
            ]
        ]
    }
}