{
    "image-00002.jpg": {
        "24.382777,120.653555": [
            [
                -0.27127262536294355
            ], 
            [
                2.3814946232322285
            ], 
            [
                -0.4052792301324013
            ]
        ]
    }, 
    "image-00007.jpg": {
        "24.382821,120.653469": [
            [
                1.11876199728379
            ], 
            [
                10.819580782950352
            ], 
            [
                -0.42310307375246653
            ]
        ]
    }, 
    "image-00012.jpg": {
        "24.382866,120.653382": [
            [
                -0.467463062924923
            ], 
            [
                21.88246042867066
            ], 
            [
                0.17429480243060613
            ]
        ]
    }
}