{
    "image-00031.jpg": {
        "22.627951,120.314028": [
            [
                -14.11154317236096
            ], 
            [
                54.8348809126358
            ], 
            [
                2.2253173753935354
            ]
        ]
    }, 
    "image-00004.jpg": {
        "22.627597,120.314122": [
            [
                -3.51191031400296
            ], 
            [
                -42.02734399972069
            ], 
            [
                1.9348328253539357
            ]
        ]
    }, 
    "image-00020.jpg": {
        "22.627739,120.314125": [
            [
                2.4091503511988135
            ], 
            [
                -19.14651405495652
            ], 
            [
                -0.0691243938463546
            ]
        ]
    }, 
    "image-00026.jpg": {
        "22.627867,120.314064": [
            [
                -2.1558766541276833
            ], 
            [
                -6.237852511746299
            ], 
            [
                -0.6951636030791946
            ]
        ]
    }, 
    "image-00039.jpg": {
        "22.628047,120.313987": [
            [
                -1.44285889934075
            ], 
            [
                14.761444094607246
            ], 
            [
                -0.2695168529019625
            ]
        ]
    }, 
    "image-00043.jpg": {
        "22.628191,120.313934": [
            [
                -3.980121340682212
            ], 
            [
                29.07419217341992
            ], 
            [
                1.3145348429339743
            ]
        ]
    }, 
    "image-00056.jpg": {
        "22.628364,120.313878": [
            [
                0.3377413485933616
            ], 
            [
                52.34371066814139
            ], 
            [
                0.08212072489884026
            ]
        ]
    }, 
    "image-00047.jpg": {
        "22.628250,120.313909": [
            [
                -0.5361619251214567
            ], 
            [
                37.075182737299315
            ], 
            [
                0.30386925245034613
            ]
        ]
    }, 
    "image-00023.jpg": {
        "22.627791,120.314097": [
            [
                2.4641388641115793
            ], 
            [
                -12.400918326093908
            ], 
            [
                0.0413378852648556
            ]
        ]
    }, 
    "image-00060.jpg": {
        "22.628498,120.313882": [
            [
                5.303693630697479
            ], 
            [
                62.73363067589271
            ], 
            [
                0.853588241081078
            ]
        ]
    }, 
    "image-00053.jpg": {
        "22.628310,120.313876": [
            [
                -1.3259493167164287
            ], 
            [
                46.55108142772978
            ], 
            [
                0.03983267000853896
            ]
        ]
    }, 
    "image-00027.jpg": {
        "22.628080,120.313975": [
            [
                3.1487438712016194
            ], 
            [
                24.567663655470312
            ], 
            [
                -2.1600365533987493
            ]
        ]
    }, 
    "image-00010.jpg": {
        "22.627493,120.314144": [
            [
                -9.61181114156534
            ], 
            [
                -49.41007519969359
            ], 
            [
                2.477126905143389
            ]
        ]
    }
}