{
    "image-00016.jpg": {
        "23.751181,120.246000": [
            [
                6.216206143214766
            ], 
            [
                51.90929674475285
            ], 
            [
                -0.5768385527247943
            ]
        ]
    }, 
    "image-00011.jpg": {
        "23.751271,120.246002": [
            [
                -0.3832574841277256
            ], 
            [
                -10.163758942512382
            ], 
            [
                -1.1612221068343227
            ]
        ]
    }, 
    "image-00020.jpg": {
        "23.751091,120.245997": [
            [
                5.5217731376641
            ], 
            [
                30.33907072885921
            ], 
            [
                4.712947639308971
            ]
        ]
    }, 
    "image-00025.jpg": {
        "23.751011,120.245995": [
            [
                -0.1568115111104449
            ], 
            [
                21.547408920475412
            ], 
            [
                -1.4933402726830416
            ]
        ]
    }
}