{"image-00057.jpg":{"25.086374,121.588006":[25.133474744354192,121.56135538558893]},"image-00083.jpg":{"25.086523,121.588438":[25.08653632726288,121.58850578095613]},"image-00061.jpg":{"25.086461,121.588180":[25.086373774713664,121.58819806915082]},"image-00054.jpg":{"25.086319,121.587893":[25.086888897626586,121.58864083596151]},"image-00077.jpg":{"25.086466,121.588360":[25.08643295779949,121.58830412536493]},"image-00076.jpg":{"25.086508,121.588264":[25.086516235984686,121.58827758505012]}}