{
    "image-00057.jpg": {
        "25.086374,121.588006": [
            [
                977736.8362895054
            ], 
            [
                6677016.860244326
            ], 
            [
                -7900692.268146566
            ]
        ]
    }, 
    "image-00083.jpg": {
        "25.086523,121.588438": [
            [
                16.547657438123203
            ], 
            [
                44.473805998080785
            ], 
            [
                -0.3693986520461112
            ]
        ]
    }, 
    "image-00061.jpg": {
        "25.086461,121.588180": [
            [
                14.85458608144523
            ], 
            [
                8.885211107717668
            ], 
            [
                2.6692867658059036
            ]
        ]
    }, 
    "image-00054.jpg": {
        "25.086319,121.587893": [
            [
                -1.9762708348073392
            ], 
            [
                97.7146906112023
            ], 
            [
                6.7303267661240564
            ]
        ]
    }, 
    "image-00077.jpg": {
        "25.086466,121.588360": [
            [
                42.4258378124112
            ], 
            [
                -0.4861859841145151
            ], 
            [
                23.584801308883137
            ]
        ]
    }, 
    "image-00076.jpg": {
        "25.086508,121.588264": [
            [
                5.580676251579311
            ], 
            [
                29.853642524005547
            ], 
            [
                0.1428801347555706
            ]
        ]
    }
}