{
    "image-00057.jpg": {
        "25.086374,121.588006": [
            [
                -5733.507876477434
            ], 
            [
                1306.0059499911088
            ], 
            [
                -4751.5925090896935
            ]
        ]
    }, 
    "image-00083.jpg": {
        "25.086523,121.588438": [
            [
                18.485275356437292
            ], 
            [
                50.17257894230488
            ], 
            [
                -1.8946489892802851
            ]
        ]
    }, 
    "image-00061.jpg": {
        "25.086461,121.588180": [
            [
                12.44061172359148
            ], 
            [
                14.810940693459052
            ], 
            [
                2.0070491919747546
            ]
        ]
    }, 
    "image-00054.jpg": {
        "25.086319,121.587893": [
            [
                -2.8325848666965943
            ], 
            [
                85.7744357970947
            ], 
            [
                4.715706075766729
            ]
        ]
    }, 
    "image-00077.jpg": {
        "25.086466,121.588360": [
            [
                14.254821776513719
            ], 
            [
                27.2241578900641
            ], 
            [
                -7.892234038466003
            ]
        ]
    }, 
    "image-00076.jpg": {
        "25.086508,121.588264": [
            [
                5.440076858859429
            ], 
            [
                31.122049312655324
            ], 
            [
                0.3403802007351482
            ]
        ]
    }
}