{"image-00031.jpg":{"25.027223,121.300988":[25.027708288725734,121.30100401377582]},"image-00013.jpg":{"25.026976,121.301073":[25.02692747779168,121.30106992605556]},"image-00011.jpg":{"25.026801,121.301133":[25.026830707100288,121.30110355514663]},"image-00034.jpg":{"25.027306,121.300959":[25.02724825192946,121.30093521149959]},"image-00051.jpg":{"25.027599,121.300893":[25.028684506631325,121.30121001593288]},"image-00040.jpg":{"25.027429,121.300924":[25.02740752191353,121.30093258388804]},"image-00024.jpg":{"25.027058,121.301045":[25.027067701972847,121.30106458571308]},"image-00028.jpg":{"25.027141,121.301016":[25.027137287328305,121.30100507286446]}}