{
    "image-00031.jpg": {
        "25.027223,121.300988": [
            [
                15.561427524759862
            ], 
            [
                51.69433097459576
            ], 
            [
                -0.4554683875800194
            ]
        ]
    }, 
    "image-00013.jpg": {
        "25.026976,121.301073": [
            [
                -0.5557826292919779
            ], 
            [
                -33.87689433066944
            ], 
            [
                0.5268711556303507
            ]
        ]
    }, 
    "image-00011.jpg": {
        "25.026801,121.301133": [
            [
                -0.07592549395830939
            ], 
            [
                -45.14794226191596
            ], 
            [
                -0.5949769848195157
            ]
        ]
    }, 
    "image-00034.jpg": {
        "25.027306,121.300959": [
            [
                -4.407812924464393
            ], 
            [
                4.091911781472472
            ], 
            [
                -0.269576178130959
            ]
        ]
    }, 
    "image-00051.jpg": {
        "25.027599,121.300893": [
            [
                63.77508423322592
            ], 
            [
                151.14013718808133
            ], 
            [
                4.947676246360015
            ]
        ]
    }, 
    "image-00040.jpg": {
        "25.027429,121.300924": [
            [
                -0.06766512798112734
            ], 
            [
                21.263922454063426
            ], 
            [
                1.1849677331352155
            ]
        ]
    }, 
    "image-00024.jpg": {
        "25.027058,121.301045": [
            [
                2.970816138729227
            ], 
            [
                -18.679200435071717
            ], 
            [
                0.5750216237568786
            ]
        ]
    }, 
    "image-00028.jpg": {
        "25.027141,121.301016": [
            [
                -0.8120424967744097
            ], 
            [
                -9.650699428532404
            ], 
            [
                0.41191753710314727
            ]
        ]
    }
}