{
    "image-00031.jpg": {
        "25.027223,121.300988": [
            [
                26.657457512188806
            ], 
            [
                56.92759057806713
            ], 
            [
                4.567454908432641
            ]
        ]
    }, 
    "image-00013.jpg": {
        "25.026976,121.301073": [
            [
                -1.6291356845891167
            ], 
            [
                -39.80552293083504
            ], 
            [
                0.23541802917312005
            ]
        ]
    }, 
    "image-00011.jpg": {
        "25.026801,121.301133": [
            [
                0.5585705356684108
            ], 
            [
                -51.11717492265582
            ], 
            [
                -0.26596975825856983
            ]
        ]
    }, 
    "image-00034.jpg": {
        "25.027306,121.300959": [
            [
                -8.530163679467671
            ], 
            [
                -3.235086784150805
            ], 
            [
                -0.7051515063129798
            ]
        ]
    }, 
    "image-00051.jpg": {
        "25.027599,121.300893": [
            [
                66.68417395736193
            ], 
            [
                283.230360867557
            ], 
            [
                41.3265617244664
            ]
        ]
    }, 
    "image-00040.jpg": {
        "25.027429,121.300924": [
            [
                -1.620080755283358
            ], 
            [
                15.0337625350571
            ], 
            [
                0.9164801477373921
            ]
        ]
    }, 
    "image-00024.jpg": {
        "25.027058,121.301045": [
            [
                1.541024706752794
            ], 
            [
                -23.398681976609566
            ], 
            [
                0.09737842972179633
            ]
        ]
    }, 
    "image-00028.jpg": {
        "25.027141,121.301016": [
            [
                -4.5092261994410645
            ], 
            [
                -18.855613155495455
            ], 
            [
                0.6961908134968606
            ]
        ]
    }
}