{"image-00102.jpg":{"25.064571,121.533155":[25.06460145764402,121.53316242021234]},"image-00055.jpg":{"25.065996,121.533195":[25.0657190403687,121.53308576257271]},"image-00095.jpg":{"25.064834,121.533158":[25.064815420412607,121.5331526614171]},"image-00034.jpg":{"25.066509,121.533210":[25.066299297117265,121.53307970472892]},"image-00047.jpg":{"25.066181,121.533200":[25.065999242696694,121.53309176939723]},"image-00017.jpg":{"25.067128,121.533203":[25.066840356167983,121.53313359708352]},"image-00125.jpg":{"25.064172,121.533150":[25.064074751273928,121.53318142511205]},"image-00039.jpg":{"25.066461,121.533208":[25.066144913397622,121.53312041400824]},"image-00074.jpg":{"25.065380,121.533176":[25.065301120512462,121.53314583325059]},"image-00027.jpg":{"25.066842,121.533207":[25.066488824510657,121.53312169580732]},"image-00005.jpg":{"25.067415,121.533199":[25.067415861428113,121.53321049544805]},"image-00042.jpg":{"25.066365,121.533205":[25.066337254786607,121.53319903386867]},"image-00100.jpg":{"25.064669,121.533156":[25.064655973454215,121.53316059329715]},"image-00033.jpg":{"25.066652,121.533209":[25.06662810951249,121.53321032378253]},"image-00097.jpg":{"25.064780,121.533157":[25.064746389140637,121.53315402252579]},"image-00060.jpg":{"25.065811,121.533189":[25.065542024963325,121.53302274090777]},"image-00001.jpg":{"25.067515,121.533197":[25.0674867484804,121.53319020461684]},"image-00057.jpg":{"25.065903,121.533192":[25.065888210438295,121.53317684116453]},"image-00090.jpg":{"25.065013,121.533164":[25.064952774145045,121.53316559507235]},"image-00109.jpg":{"25.064391,121.533154":[25.064438805686887,121.53317767862826]},"image-00093.jpg":{"25.064928,121.533161":[25.064875467813575,121.53315929706179]},"image-00029.jpg":{"25.066747,121.533208":[25.066459536812495,121.53313868124]},"image-00071.jpg":{"25.065535,121.533181":[25.065480065558532,121.53317757045977]},"image-00045.jpg":{"25.066272,121.533203":[25.066044513349105,121.53309313136202]},"image-00064.jpg":{"25.065718,121.533187":[25.065667713100908,121.53318223043273]},"image-00108.jpg":{"25.064301,121.533153":[25.063999050767638,121.53301819862013]},"image-00120.jpg":{"25.064262,121.533152":[25.064589756344777,121.5327772392886]},"image-00010.jpg":{"25.067224,121.533201":[25.06702181016508,121.53323782887333]}}