{
    "image-00102.jpg": {
        "25.064571,121.533155": [
            [
                -0.37095359525608373
            ], 
            [
                -9.279808743407253
            ], 
            [
                -0.6540698172519719
            ]
        ]
    }, 
    "image-00055.jpg": {
        "25.065996,121.533195": [
            [
                12.9421019998358
            ], 
            [
                -160.37061761297477
            ], 
            [
                -0.2879668015593424
            ]
        ]
    }, 
    "image-00095.jpg": {
        "25.064834,121.533158": [
            [
                3.1054941674978207
            ], 
            [
                -29.812087571346336
            ], 
            [
                -0.6221477182089465
            ]
        ]
    }, 
    "image-00034.jpg": {
        "25.066509,121.533210": [
            [
                21.531842276946293
            ], 
            [
                -226.08163619238104
            ], 
            [
                0.21006064961679272
            ]
        ]
    }, 
    "image-00047.jpg": {
        "25.066181,121.533200": [
            [
                15.261332801480009
            ], 
            [
                -184.87925623650526
            ], 
            [
                -1.0963868215572
            ]
        ]
    }, 
    "image-00017.jpg": {
        "25.067128,121.533203": [
            [
                25.581914356417897
            ], 
            [
                -284.24112249267455
            ], 
            [
                -0.14433535311469825
            ]
        ]
    }, 
    "image-00125.jpg": {
        "25.064172,121.533150": [
            [
                -6.379680814119032
            ], 
            [
                50.79048247795203
            ], 
            [
                -1.6846419994153479
            ]
        ]
    }, 
    "image-00039.jpg": {
        "25.066461,121.533208": [
            [
                17.460461284706085
            ], 
            [
                -212.45584138681983
            ], 
            [
                -0.13035937490278116
            ]
        ]
    }, 
    "image-00074.jpg": {
        "25.065380,121.533176": [
            [
                7.126045528951122
            ], 
            [
                -95.14735204995443
            ], 
            [
                0.16026685800209073
            ]
        ]
    }, 
    "image-00027.jpg": {
        "25.066842,121.533207": [
            [
                21.649735902964714
            ], 
            [
                -254.73933273615373
            ], 
            [
                -0.3865138079071855
            ]
        ]
    }, 
    "image-00005.jpg": {
        "25.067415,121.533199": [
            [
                27.982119661005456
            ], 
            [
                -320.3339727734688
            ], 
            [
                0.5717753384823681
            ]
        ]
    }, 
    "image-00042.jpg": {
        "25.066365,121.533205": [
            [
                18.795665315745335
            ], 
            [
                -201.60366195915367
            ], 
            [
                -1.065610212334935
            ]
        ]
    }, 
    "image-00100.jpg": {
        "25.064669,121.533156": [
            [
                0.9526539470477131
            ], 
            [
                -13.861807074033633
            ], 
            [
                -0.6705197743158648
            ]
        ]
    }, 
    "image-00033.jpg": {
        "25.066652,121.533209": [
            [
                18.97340490945793
            ], 
            [
                -231.29264008744016
            ], 
            [
                -0.30162948866984607
            ]
        ]
    }, 
    "image-00097.jpg": {
        "25.064780,121.533157": [
            [
                2.602384004731938
            ], 
            [
                -23.194253909391797
            ], 
            [
                -0.6466844475018556
            ]
        ]
    }, 
    "image-00060.jpg": {
        "25.065811,121.533189": [
            [
                14.327014266276871
            ], 
            [
                -143.1981054169509
            ], 
            [
                -0.26868921520120637
            ]
        ]
    }, 
    "image-00001.jpg": {
        "25.067515,121.533197": [
            [
                30.6649635020203
            ], 
            [
                -327.5777796672258
            ], 
            [
                -0.19195054691605407
            ]
        ]
    }, 
    "image-00057.jpg": {
        "25.065903,121.533192": [
            [
                12.491431235392382
            ], 
            [
                -151.7293561701816
            ], 
            [
                -0.33132863508560817
            ]
        ]
    }, 
    "image-00090.jpg": {
        "25.065013,121.533164": [
            [
                5.460693016613376
            ], 
            [
                -48.02100007255079
            ], 
            [
                -0.5932650347809805
            ]
        ]
    }, 
    "image-00109.jpg": {
        "25.064391,121.533154": [
            [
                -4.155037242188051
            ], 
            [
                9.014658801951686
            ], 
            [
                -0.27904635866040395
            ]
        ]
    }, 
    "image-00093.jpg": {
        "25.064928,121.533161": [
            [
                4.1114509135471975
            ], 
            [
                -41.48337235184499
            ], 
            [
                -0.7564110685991929
            ]
        ]
    }, 
    "image-00029.jpg": {
        "25.066747,121.533208": [
            [
                19.728703781088818
            ], 
            [
                -248.07942639462877
            ], 
            [
                0.40266992300895055
            ]
        ]
    }, 
    "image-00071.jpg": {
        "25.065535,121.533181": [
            [
                9.16767011046966
            ], 
            [
                -104.32485816248258
            ], 
            [
                -1.015293486038754
            ]
        ]
    }, 
    "image-00045.jpg": {
        "25.066272,121.533203": [
            [
                16.53460325306306
            ], 
            [
                -190.72637990772887
            ], 
            [
                -1.553704520922281
            ]
        ]
    }, 
    "image-00064.jpg": {
        "25.065718,121.533187": [
            [
                11.806382141187557
            ], 
            [
                -129.2973678582207
            ], 
            [
                -0.7190200947775054
            ]
        ]
    }, 
    "image-00108.jpg": {
        "25.064301,121.533153": [
            [
                6.389555760668198
            ], 
            [
                66.1434808288925
            ], 
            [
                2.7637350425692064
            ]
        ]
    }, 
    "image-00120.jpg": {
        "25.064262,121.533152": [
            [
                -11.668600438581963
            ], 
            [
                201.86859074559788
            ], 
            [
                25.75131542318448
            ]
        ]
    }, 
    "image-00010.jpg": {
        "25.067224,121.533201": [
            [
                30.33987908871669
            ], 
            [
                -310.2453620870157
            ], 
            [
                0.7815856417189835
            ]
        ]
    }
}