{
    "image-00102.jpg": {
        "25.064571,121.533155": [
            [
                -0.3779135723471489
            ], 
            [
                -3.4475720710453888
            ], 
            [
                -0.31289298162187995
            ]
        ]
    }, 
    "image-00055.jpg": {
        "25.065996,121.533195": [
            [
                20.695707319616716
            ], 
            [
                -126.1604452051088
            ], 
            [
                2.4775524859547033
            ]
        ]
    }, 
    "image-00095.jpg": {
        "25.064834,121.533158": [
            [
                3.1642563403609136
            ], 
            [
                -26.994507381049985
            ], 
            [
                -0.5515815346451118
            ]
        ]
    }, 
    "image-00034.jpg": {
        "25.066509,121.533210": [
            [
                28.258305821025044
            ], 
            [
                -190.24013799697556
            ], 
            [
                -1.0406980486869344
            ]
        ]
    }, 
    "image-00047.jpg": {
        "25.066181,121.533200": [
            [
                23.453214660648015
            ], 
            [
                -157.2011091521144
            ], 
            [
                0.09537271162717786
            ]
        ]
    }, 
    "image-00017.jpg": {
        "25.067128,121.533203": [
            [
                29.347909583911253
            ], 
            [
                -250.6376977564983
            ], 
            [
                -1.1839450144853894
            ]
        ]
    }, 
    "image-00125.jpg": {
        "25.064172,121.533150": [
            [
                -8.595095574436394
            ], 
            [
                54.571759697649455
            ], 
            [
                -2.0674264354495655
            ]
        ]
    }, 
    "image-00039.jpg": {
        "25.066461,121.533208": [
            [
                22.331151086364656
            ], 
            [
                -173.6156274760833
            ], 
            [
                1.3935956932273026
            ]
        ]
    }, 
    "image-00074.jpg": {
        "25.065380,121.533176": [
            [
                9.67050559389815
            ], 
            [
                -80.61294306212773
            ], 
            [
                -2.500364142560006
            ]
        ]
    }, 
    "image-00027.jpg": {
        "25.066842,121.533207": [
            [
                26.32554519589891
            ], 
            [
                -211.64781043335614
            ], 
            [
                0.42789320848143886
            ]
        ]
    }, 
    "image-00005.jpg": {
        "25.067415,121.533199": [
            [
                28.5468155546171
            ], 
            [
                -315.09309594942204
            ], 
            [
                0.871709358090925
            ]
        ]
    }, 
    "image-00042.jpg": {
        "25.066365,121.533205": [
            [
                16.764278798311402
            ], 
            [
                -195.7320274213431
            ], 
            [
                -0.484495427446511
            ]
        ]
    }, 
    "image-00100.jpg": {
        "25.064669,121.533156": [
            [
                0.45855609540738074
            ], 
            [
                -9.454283349915375
            ], 
            [
                -0.6640951572840166
            ]
        ]
    }, 
    "image-00033.jpg": {
        "25.066652,121.533209": [
            [
                19.12050117683944
            ], 
            [
                -228.007701527723
            ], 
            [
                -0.16369581658747023
            ]
        ]
    }, 
    "image-00097.jpg": {
        "25.064780,121.533157": [
            [
                2.200422078012947
            ], 
            [
                -19.378098571763882
            ], 
            [
                -0.781026232936576
            ]
        ]
    }, 
    "image-00060.jpg": {
        "25.065811,121.533189": [
            [
                24.884396402524942
            ], 
            [
                -105.90751455629695
            ], 
            [
                -2.7685071411554993
            ]
        ]
    }, 
    "image-00001.jpg": {
        "25.067515,121.533197": [
            [
                31.428408957686962
            ], 
            [
                -322.70906216707635
            ], 
            [
                0.06241482824786715
            ]
        ]
    }, 
    "image-00057.jpg": {
        "25.065903,121.533192": [
            [
                13.603462109789334
            ], 
            [
                -145.85062449310686
            ], 
            [
                0.10185499780918406
            ]
        ]
    }, 
    "image-00090.jpg": {
        "25.065013,121.533164": [
            [
                3.5157037523170267
            ], 
            [
                -42.31896999093745
            ], 
            [
                -1.0176603695832558
            ]
        ]
    }, 
    "image-00109.jpg": {
        "25.064391,121.533154": [
            [
                -3.8556943484315207
            ], 
            [
                14.367397442970594
            ], 
            [
                0.4633186378228791
            ]
        ]
    }, 
    "image-00093.jpg": {
        "25.064928,121.533161": [
            [
                3.2196260213161336
            ], 
            [
                -33.7046118133291
            ], 
            [
                -0.8524984062102599
            ]
        ]
    }, 
    "image-00029.jpg": {
        "25.066747,121.533208": [
            [
                24.273604147441315
            ], 
            [
                -208.59454637484933
            ], 
            [
                -0.873155620530202
            ]
        ]
    }, 
    "image-00071.jpg": {
        "25.065535,121.533181": [
            [
                8.637638549256444
            ], 
            [
                -100.7393987505735
            ], 
            [
                -1.0608620122367007
            ]
        ]
    }, 
    "image-00045.jpg": {
        "25.066272,121.533203": [
            [
                23.859529907345483
            ], 
            [
                -162.22042756151544
            ], 
            [
                0.14234931861036415
            ]
        ]
    }, 
    "image-00064.jpg": {
        "25.065718,121.533187": [
            [
                10.420504751642168
            ], 
            [
                -121.53383866121884
            ], 
            [
                -1.1296186698337465
            ]
        ]
    }, 
    "image-00108.jpg": {
        "25.064301,121.533153": [
            [
                6.842462150291933
            ], 
            [
                64.71273209714604
            ], 
            [
                2.7917873089826335
            ]
        ]
    }, 
    "image-00120.jpg": {
        "25.064262,121.533152": [
            [
                38.05261314176738
            ], 
            [
                2.028589623718613
            ], 
            [
                6.145112906086958
            ]
        ]
    }, 
    "image-00010.jpg": {
        "25.067224,121.533201": [
            [
                21.085928774596134
            ], 
            [
                -271.8286623709487
            ], 
            [
                -1.8496873448842237
            ]
        ]
    }
}