{"image-00067.jpg":{"24.320752,120.718247":[24.32131785881896,120.71793667754807]},"image-00033.jpg":{"24.320285,120.718598":[24.32026690071106,120.71862571561545]},"image-00065.jpg":{"24.320670,120.718308":[24.3207564316064,120.71815066656359]},"image-00030.jpg":{"24.320212,120.718654":[24.320230204611107,120.71862278161714]},"image-00051.jpg":{"24.320492,120.718442":[24.32050920914169,120.71842273560452]}}