{
    "image-00067.jpg": {
        "24.320752,120.718247": [
            [
                9.250266637718486
            ], 
            [
                69.729202795041
            ], 
            [
                2.2815883070992893
            ]
        ]
    }, 
    "image-00033.jpg": {
        "24.320285,120.718598": [
            [
                1.5237045119389805
            ], 
            [
                -66.18032012420619
            ], 
            [
                -2.362559953752352
            ]
        ]
    }, 
    "image-00065.jpg": {
        "24.320670,120.718308": [
            [
                -7.805556400115764
            ], 
            [
                5.881865497573649
            ], 
            [
                -1.9857152600155619
            ]
        ]
    }, 
    "image-00030.jpg": {
        "24.320212,120.718654": [
            [
                -1.010653614132158
            ], 
            [
                -69.39205813082792
            ], 
            [
                -1.8871821191555336
            ]
        ]
    }, 
    "image-00051.jpg": {
        "24.320492,120.718442": [
            [
                -0.39606470883802913
            ], 
            [
                -32.3383209609802
            ], 
            [
                -1.398851688241602
            ]
        ]
    }
}