{
    "image-00067.jpg": {
        "24.320752,120.718247": [
            [
                -8.523031353930712
            ], 
            [
                60.3704075795891
            ], 
            [
                -1.7005109033407315
            ]
        ]
    }, 
    "image-00033.jpg": {
        "24.320285,120.718598": [
            [
                1.5213621219499451
            ], 
            [
                -71.13014106108773
            ], 
            [
                -2.4350663385919793
            ]
        ]
    }, 
    "image-00065.jpg": {
        "24.320670,120.718308": [
            [
                -8.525852564951691
            ], 
            [
                10.222513906399875
            ], 
            [
                -2.561072363134172
            ]
        ]
    }, 
    "image-00030.jpg": {
        "24.320212,120.718654": [
            [
                0.15459577408870118
            ], 
            [
                -73.06925835906495
            ], 
            [
                -1.093844297751327
            ]
        ]
    }, 
    "image-00051.jpg": {
        "24.320492,120.718442": [
            [
                -0.26177665550711193
            ], 
            [
                -33.862501441164476
            ], 
            [
                -1.5344495204696602
            ]
        ]
    }
}