{
    "image-00119.jpg": {
        "22.731285,120.399295": [
            68305.0, 
            75989.0, 
            73432.0, 
            72920.0, 
            73432.0, 
            60123.0, 
            72412.0, 
            73436.0, 
            73950.0, 
            60639.0, 
            78047.0, 
            61668.0, 
            62182.0, 
            73960.0, 
            69353.0, 
            72426.0, 
            72427.0, 
            78575.0, 
            74993.0, 
            73971.0, 
            63220.0, 
            66804.0, 
            55029.0, 
            55542.0, 
            55543.0, 
            57079.0, 
            63223.0, 
            73978.0, 
            58106.0, 
            73978.0, 
            73979.0, 
            56572.0, 
            73980.0, 
            73981.0, 
            75005.0, 
            58109.0, 
            61181.0, 
            73981.0, 
            56062.0, 
            58110.0, 
            63230.0, 
            61184.0, 
            57089.0, 
            53508.0, 
            54532.0, 
            63236.0, 
            56581.0, 
            56583.0, 
            56583.0, 
            65799.0, 
            57609.0, 
            71946.0, 
            78602.0, 
            71441.0, 
            72467.0, 
            75028.0, 
            56596.0, 
            63256.0, 
            60699.0, 
            55068.0, 
            55070.0, 
            56606.0, 
            73502.0, 
            70431.0, 
            72479.0, 
            73503.0, 
            55072.0, 
            58144.0, 
            72481.0, 
            57634.0, 
            75042.0, 
            61218.0, 
            58660.0, 
            73508.0, 
            72997.0, 
            75560.0, 
            68904.0, 
            53546.0, 
            72492.0, 
            76077.0, 
            60720.0, 
            61232.0, 
            75056.0, 
            60721.0, 
            61233.0
        ]
    }, 
    "image-00079.jpg": {
        "22.731327,120.399232": [
            53200.0, 
            71122.0, 
            71123.0, 
            54232.0, 
            53721.0, 
            71129.0, 
            72156.0, 
            55776.0, 
            70116.0, 
            58853.0, 
            73189.0, 
            60390.0, 
            70630.0, 
            55271.0, 
            58343.0, 
            65000.0, 
            72680.0, 
            72681.0, 
            72682.0, 
            60396.0, 
            72173.0, 
            72174.0, 
            66033.0, 
            58867.0, 
            71157.0, 
            70646.0, 
            71158.0, 
            70647.0, 
            70138.0, 
            68608.0, 
            73216.0, 
            58885.0, 
            72717.0, 
            74769.0, 
            72212.0, 
            72213.0, 
            73240.0, 
            73241.0, 
            73755.0, 
            74269.0, 
            71199.0, 
            74783.0, 
            74785.0, 
            74786.0, 
            73251.0, 
            75812.0, 
            75813.0, 
            75813.0, 
            76842.0, 
            77354.0, 
            77355.0, 
            73772.0, 
            77356.0, 
            77356.0, 
            78383.0, 
            78383.0, 
            78384.0, 
            78385.0, 
            78385.0
        ]
    }, 
    "image-00074.jpg": {
        "22.731285,120.399295": [
            57299.0, 
            55765.0, 
            57301.0, 
            74197.0, 
            74198.0, 
            55768.0, 
            58329.0, 
            73690.0, 
            73694.0, 
            73695.0, 
            73185.0, 
            73186.0, 
            74212.0, 
            72677.0, 
            72678.0, 
            58342.0, 
            72679.0, 
            63464.0, 
            72680.0, 
            72681.0, 
            72171.0, 
            71662.0, 
            71663.0, 
            71153.0, 
            71154.0, 
            71156.0, 
            71157.0, 
            54263.0, 
            70647.0, 
            70648.0, 
            70138.0, 
            72186.0, 
            70651.0, 
            68096.0, 
            68096.0, 
            67074.0, 
            67588.0, 
            69124.0, 
            71687.0, 
            68104.0, 
            74250.0, 
            70157.0, 
            70162.0, 
            61971.0, 
            70676.0, 
            70676.0, 
            70677.0, 
            70679.0, 
            71194.0, 
            72220.0, 
            60446.0, 
            68127.0, 
            74784.0, 
            60451.0, 
            72741.0, 
            75813.0, 
            70695.0, 
            76841.0, 
            61996.0, 
            61996.0, 
            62508.0, 
            61486.0, 
            75311.0, 
            77871.0
        ]
    }, 
    "image-00100.jpg": {
        "22.731327,120.399232": [
            57552.0, 
            55505.0, 
            67283.0, 
            56024.0, 
            64731.0, 
            70371.0, 
            54500.0, 
            57060.0, 
            59622.0, 
            52967.0, 
            58088.0, 
            57577.0, 
            58089.0, 
            55532.0, 
            59628.0, 
            54511.0, 
            55024.0, 
            64752.0, 
            72432.0, 
            53489.0, 
            77041.0, 
            57077.0, 
            67317.0, 
            68342.0, 
            68855.0, 
            53497.0, 
            70906.0, 
            68858.0, 
            60156.0, 
            71420.0, 
            73980.0, 
            62205.0, 
            73981.0, 
            69885.0, 
            54527.0, 
            56575.0, 
            77056.0, 
            56577.0, 
            64769.0, 
            62724.0, 
            54533.0, 
            71943.0, 
            70919.0, 
            58121.0, 
            70921.0, 
            58122.0, 
            56078.0, 
            72463.0, 
            59668.0, 
            57622.0, 
            59159.0, 
            56600.0, 
            68376.0, 
            71960.0, 
            56603.0, 
            57627.0, 
            63259.0, 
            63259.0, 
            63259.0, 
            72476.0, 
            63261.0, 
            72477.0, 
            57118.0, 
            63262.0, 
            78622.0, 
            63262.0, 
            53536.0, 
            57634.0, 
            63778.0, 
            66850.0, 
            59685.0, 
            62757.0, 
            66854.0, 
            62760.0, 
            55593.0, 
            62761.0, 
            55594.0, 
            62762.0, 
            62763.0, 
            63275.0, 
            62764.0, 
            62764.0, 
            63276.0, 
            77100.0, 
            56109.0, 
            62765.0, 
            62766.0, 
            73518.0, 
            59695.0, 
            58160.0
        ]
    }
}