{"image-00087.jpg":{"25.057914,121.522528":[25.057896143012965,121.52310291506309]},"image-00004.jpg":{"25.057647,121.520483":[25.057674342547937,121.52121958244919]},"image-00092.jpg":{"25.057942,121.522799":[25.057937645028893,121.5228027523365]},"image-00039.jpg":{"25.057715,121.520967":[25.057700535994854,121.52112404326195]},"image-00086.jpg":{"25.057926,121.522636":[25.057926303416856,121.52271171852716]},"image-00091.jpg":{"25.057940,121.522754":[25.05793958178276,121.52278232695676]},"image-00043.jpg":{"25.057826,121.521793":[25.0578131872752,121.52175910814687]},"image-00007.jpg":{"25.057668,121.520642":[25.05777552384155,121.52122177680796]},"image-00001.jpg":{"25.057631,121.520375":[25.057618277891553,121.52122178789122]},"image-00042.jpg":{"25.057848,121.521966":[25.057857396277935,121.52212470700049]},"image-00003.jpg":{"25.057655,121.520532":[25.057706158740768,121.52110669187422]}}