{
    "image-00087.jpg": {
        "25.057914,121.522528": [
            [
                -9.781239970515358
            ], 
            [
                -57.11332809647745
            ], 
            [
                3.160365962297746
            ]
        ]
    }, 
    "image-00004.jpg": {
        "25.057647,121.520483": [
            [
                -8.621091413827997
            ], 
            [
                134.1866539871087
            ], 
            [
                3.5800219642300215
            ]
        ]
    }, 
    "image-00092.jpg": {
        "25.057942,121.522799": [
            [
                -1.1290801242629231
            ], 
            [
                -27.777273676509324
            ], 
            [
                0.28629870853910244
            ]
        ]
    }, 
    "image-00039.jpg": {
        "25.057715,121.520967": [
            [
                -4.43653697476924
            ], 
            [
                143.32915640246472
            ], 
            [
                0.432766300953185
            ]
        ]
    }, 
    "image-00086.jpg": {
        "25.057926,121.522636": [
            [
                -1.1414149421067301
            ], 
            [
                -18.52119787585773
            ], 
            [
                0.6883278160450514
            ]
        ]
    }, 
    "image-00091.jpg": {
        "25.057940,121.522754": [
            [
                -0.6380865327183673
            ], 
            [
                -25.767712412894156
            ], 
            [
                0.2884026949133609
            ]
        ]
    }, 
    "image-00043.jpg": {
        "25.057826,121.521793": [
            [
                -0.6567986166781035
            ], 
            [
                78.25424787058147
            ], 
            [
                1.1862857221043246
            ]
        ]
    }, 
    "image-00007.jpg": {
        "25.057668,121.520642": [
            [
                2.497034846638641
            ], 
            [
                132.4495469863537
            ], 
            [
                8.113333134841895
            ]
        ]
    }, 
    "image-00001.jpg": {
        "25.057631,121.520375": [
            [
                -14.828153816408644
            ], 
            [
                134.80770866561357
            ], 
            [
                1.0988081909791863
            ]
        ]
    }, 
    "image-00042.jpg": {
        "25.057848,121.521966": [
            [
                -0.7551048278017722
            ], 
            [
                41.101182841442935
            ], 
            [
                -0.12513652474452552
            ]
        ]
    }, 
    "image-00003.jpg": {
        "25.057655,121.520532": [
            [
                -3.5811870036740867
            ], 
            [
                144.9766332747366
            ], 
            [
                1.9434636668583423
            ]
        ]
    }
}