{
    "image-00087.jpg": {
        "25.057914,121.522528": [
            [
                -8.964657635391193
            ], 
            [
                -60.51432692101159
            ], 
            [
                0.5993847595087587
            ]
        ]
    }, 
    "image-00004.jpg": {
        "25.057647,121.520483": [
            [
                6.643614533198461
            ], 
            [
                162.30989993939536
            ], 
            [
                1.5275935530457758
            ]
        ]
    }, 
    "image-00092.jpg": {
        "25.057942,121.522799": [
            [
                -1.2129023237126169
            ], 
            [
                -19.472032016498467
            ], 
            [
                -0.13494023610516082
            ]
        ]
    }, 
    "image-00039.jpg": {
        "25.057715,121.520967": [
            [
                -3.8423283914501383
            ], 
            [
                147.15950841116043
            ], 
            [
                0.5951594652503926
            ]
        ]
    }, 
    "image-00086.jpg": {
        "25.057926,121.522636": [
            [
                -0.4859515116982951
            ], 
            [
                -11.005375778695688
            ], 
            [
                0.6404069540656078
            ]
        ]
    }, 
    "image-00091.jpg": {
        "25.057940,121.522754": [
            [
                0.1268030143736314
            ], 
            [
                -17.098685531132915
            ], 
            [
                0.04631704954054072
            ]
        ]
    }, 
    "image-00043.jpg": {
        "25.057826,121.521793": [
            [
                -1.035476997172733
            ], 
            [
                81.258738202884
            ], 
            [
                0.625387899749013
            ]
        ]
    }, 
    "image-00007.jpg": {
        "25.057668,121.520642": [
            [
                -6.618863932927951
            ], 
            [
                196.02908095892195
            ], 
            [
                0.40723488723629764
            ]
        ]
    }, 
    "image-00001.jpg": {
        "25.057631,121.520375": [
            [
                7.021007213996023
            ], 
            [
                160.7593014352004
            ], 
            [
                -1.7528837874336416
            ]
        ]
    }, 
    "image-00042.jpg": {
        "25.057848,121.521966": [
            [
                -1.677358540061137
            ], 
            [
                68.65859436857613
            ], 
            [
                1.0618858998043226
            ]
        ]
    }, 
    "image-00003.jpg": {
        "25.057655,121.520532": [
            [
                -3.710811946321912
            ], 
            [
                200.9988483194738
            ], 
            [
                0.2157309435637309
            ]
        ]
    }
}