{
    "image-00016.jpg": {
        "25.071553,121.610322": [
            [
                -6.091138373551418
            ], 
            [
                -6.531973954331066
            ], 
            [
                5.313395619101575
            ]
        ]
    }, 
    "image-00030.jpg": {
        "25.071380,121.610149": [
            [
                0.5020984400145139
            ], 
            [
                29.001273216069222
            ], 
            [
                -0.9062180259122676
            ]
        ]
    }, 
    "image-00042.jpg": {
        "25.071309,121.610100": [
            [
                -0.8192435923578287
            ], 
            [
                36.22535948081669
            ], 
            [
                -0.7158392613185081
            ]
        ]
    }, 
    "image-00041.jpg": {
        "25.071432,121.610202": [
            [
                1.3595577693084095
            ], 
            [
                34.210214403615
            ], 
            [
                -2.1627821858325365
            ]
        ]
    }
}