{
    "image-00096.jpg": {
        "25.012909,121.504399": [
            [
                -4.053295627484415
            ], 
            [
                9.635233859683824
            ], 
            [
                -2.372926745643958
            ]
        ]
    }, 
    "image-00090.jpg": {
        "25.012881,121.504366": [
            [
                -0.8652684813258414
            ], 
            [
                -1.1061518210565557
            ], 
            [
                -0.7023138720880968
            ]
        ]
    }, 
    "image-00076.jpg": {
        "25.012802,121.504271": [
            [
                -0.5378350671707236
            ], 
            [
                -9.906114903107666
            ], 
            [
                -0.9497831725375974
            ]
        ]
    }
}