{
    "image-00057.jpg": {
        "25.002228,121.496756": [
            71634.0, 
            72146.0, 
            53205.0, 
            76245.0, 
            76757.0, 
            63446.0, 
            68566.0, 
            76246.0, 
            67544.0, 
            73689.0, 
            63964.0, 
            74204.0, 
            66015.0, 
            73695.0, 
            76256.0, 
            58850.0, 
            63458.0, 
            62949.0, 
            63465.0, 
            63465.0, 
            57322.0, 
            57834.0, 
            58346.0, 
            60396.0, 
            56819.0, 
            59896.0, 
            74232.0, 
            63488.0, 
            64000.0, 
            75777.0, 
            61956.0, 
            56326.0, 
            65542.0, 
            64519.0, 
            70151.0, 
            61960.0, 
            55305.0, 
            58889.0, 
            56842.0, 
            56846.0, 
            61454.0, 
            64526.0, 
            55310.0, 
            64526.0, 
            55311.0, 
            56336.0, 
            59409.0, 
            55314.0, 
            65554.0, 
            58902.0, 
            61464.0, 
            75801.0, 
            75802.0, 
            76315.0, 
            76317.0, 
            76318.0, 
            77342.0, 
            77342.0, 
            54305.0, 
            56353.0, 
            54306.0, 
            54306.0, 
            55330.0, 
            65570.0, 
            54307.0, 
            65572.0, 
            65573.0, 
            53797.0, 
            65573.0, 
            53798.0, 
            65574.0, 
            75815.0, 
            78375.0, 
            67117.0, 
            53296.0, 
            64560.0
        ]
    }, 
    "image-00041.jpg": {
        "25.002228,121.496756": [
            60628.0, 
            71892.0, 
            61658.0, 
            59611.0, 
            69340.0, 
            53980.0, 
            53981.0, 
            53982.0, 
            56030.0, 
            62175.0, 
            76003.0, 
            78564.0, 
            74981.0, 
            65768.0, 
            53993.0, 
            59626.0, 
            78058.0, 
            55532.0, 
            74989.0, 
            73455.0, 
            65264.0, 
            73456.0, 
            73458.0, 
            62195.0, 
            73975.0, 
            61688.0, 
            59645.0, 
            59645.0, 
            75005.0, 
            59646.0, 
            58625.0, 
            58626.0, 
            76039.0, 
            76039.0, 
            77575.0, 
            76040.0, 
            77576.0, 
            77577.0, 
            76042.0, 
            77578.0, 
            76042.0, 
            77578.0, 
            76043.0, 
            77579.0, 
            77580.0, 
            76045.0, 
            77581.0, 
            59662.0, 
            62734.0, 
            77582.0, 
            76047.0, 
            76048.0, 
            54033.0, 
            76049.0, 
            76050.0, 
            76051.0, 
            59156.0, 
            59672.0, 
            59682.0, 
            61220.0, 
            75046.0
        ]
    }, 
    "image-00100.jpg": {
        "25.002118,121.496677": [
            59599.0, 
            75983.0, 
            64720.0, 
            68304.0, 
            60114.0, 
            63186.0, 
            68307.0, 
            60628.0, 
            62677.0, 
            60118.0, 
            61656.0, 
            63192.0, 
            70363.0, 
            54495.0, 
            59103.0, 
            59618.0, 
            58594.0, 
            55012.0, 
            61158.0, 
            62184.0, 
            64744.0, 
            69352.0, 
            56046.0, 
            55539.0, 
            62197.0, 
            60662.0, 
            58103.0, 
            63736.0, 
            60665.0, 
            55546.0, 
            55546.0, 
            56058.0, 
            57082.0, 
            58106.0, 
            67834.0, 
            54522.0, 
            56571.0, 
            58107.0, 
            61181.0, 
            61693.0, 
            53501.0, 
            59133.0, 
            60157.0, 
            59646.0, 
            65278.0, 
            76031.0, 
            76032.0, 
            60673.0, 
            63233.0, 
            63234.0, 
            71427.0, 
            75011.0, 
            72964.0, 
            73476.0, 
            73477.0, 
            73478.0, 
            74502.0, 
            75016.0, 
            68361.0, 
            68361.0, 
            65807.0, 
            65808.0, 
            69394.0, 
            60180.0, 
            63255.0, 
            64280.0, 
            76059.0, 
            71965.0, 
            72477.0, 
            61214.0, 
            61215.0, 
            61216.0, 
            57122.0, 
            69923.0, 
            60708.0, 
            61734.0, 
            54567.0, 
            55084.0, 
            59692.0, 
            64812.0, 
            65324.0, 
            54575.0, 
            59695.0, 
            59696.0, 
            59697.0
        ]
    }, 
    "image-00110.jpg": {
        "25.002118,121.496677": [
            58323.0, 
            65493.0, 
            77782.0, 
            68568.0, 
            62937.0, 
            68572.0, 
            62429.0, 
            62433.0, 
            74211.0, 
            76774.0, 
            67559.0, 
            68583.0, 
            73705.0, 
            78826.0, 
            60396.0, 
            65014.0, 
            77815.0, 
            55805.0, 
            65023.0, 
            53248.0, 
            57860.0, 
            53252.0, 
            53766.0, 
            78342.0, 
            59399.0, 
            71690.0, 
            75788.0, 
            71182.0, 
            75278.0, 
            72718.0, 
            75278.0, 
            71184.0, 
            66065.0, 
            71185.0, 
            66066.0, 
            71186.0, 
            66067.0, 
            71187.0, 
            71188.0, 
            61461.0, 
            71192.0, 
            60952.0, 
            59931.0, 
            65565.0, 
            59423.0, 
            61983.0, 
            73247.0, 
            73247.0, 
            75298.0, 
            59427.0, 
            63012.0, 
            54821.0, 
            56358.0, 
            74792.0, 
            74792.0, 
            63017.0, 
            73257.0, 
            74796.0, 
            75309.0, 
            60463.0, 
            74800.0
        ]
    }
}