{"image-00033.jpg":{"24.171802,120.643654":[24.1716010286453,120.64406407378658]},"image-00087.jpg":{"24.171590,120.643962":[24.171559077704174,120.6439847217332]},"image-00015.jpg":{"24.172392,120.642801":[24.17203465716061,120.64318701205787]},"image-00024.jpg":{"24.172018,120.643342":[24.17193312236368,120.64359162062888]},"image-00061.jpg":{"24.171856,120.643576":[24.17170067987472,120.64379234381077]},"image-00029.jpg":{"24.172072,120.643264":[24.171967274303206,120.64342324574699]},"image-00071.jpg":{"24.171749,120.643730":[24.171645473329903,120.64386005207652]},"image-00075.jpg":{"24.171644,120.643882":[24.17157361528017,120.64394290064376]},"image-00016.jpg":{"24.172127,120.643184":[24.17206063885935,120.6431620712413]},"image-00098.jpg":{"24.171535,120.644040":[24.17152717000684,120.6440637340481]},"image-00028.jpg":{"24.171911,120.643497":[24.171879815241137,120.64336952678626]},"image-00025.jpg":{"24.172235,120.643028":[24.171982744314786,120.64341846784285]}}