{
    "image-00033.jpg": {
        "24.171802,120.643654": [
            [
                1.6876759986950027
            ], 
            [
                -130.0192004062582
            ], 
            [
                12.469839642488724
            ]
        ]
    }, 
    "image-00087.jpg": {
        "24.171590,120.643962": [
            [
                0.3752763178244689
            ], 
            [
                -34.31805445034336
            ], 
            [
                0.23709759403045227
            ]
        ]
    }, 
    "image-00015.jpg": {
        "24.172392,120.642801": [
            [
                -4.883408709076631
            ], 
            [
                58.50148103661058
            ], 
            [
                -2.4452759328664846
            ]
        ]
    }, 
    "image-00024.jpg": {
        "24.172018,120.643342": [
            [
                19.324255439274904
            ], 
            [
                44.63038449077637
            ], 
            [
                0.8879757099369242
            ]
        ]
    }, 
    "image-00061.jpg": {
        "24.171856,120.643576": [
            [
                -0.866703196855579
            ], 
            [
                -12.21014284228985
            ], 
            [
                -1.5939795674923412
            ]
        ]
    }, 
    "image-00029.jpg": {
        "24.172072,120.643264": [
            [
                1.1878507747302272
            ], 
            [
                33.99650364914286
            ], 
            [
                -1.2900945225202136
            ]
        ]
    }, 
    "image-00071.jpg": {
        "24.171749,120.643730": [
            [
                -1.9872313675698137
            ], 
            [
                -21.162045525791118
            ], 
            [
                -0.0014079007690968037
            ]
        ]
    }, 
    "image-00075.jpg": {
        "24.171644,120.643882": [
            [
                -0.35444600922531966
            ], 
            [
                -29.3423470465895
            ], 
            [
                0.06359753543606228
            ]
        ]
    }, 
    "image-00016.jpg": {
        "24.172127,120.643184": [
            [
                -5.1240659695532855
            ], 
            [
                63.16567073882149
            ], 
            [
                0.3082973510294045
            ]
        ]
    }, 
    "image-00098.jpg": {
        "24.171535,120.644040": [
            [
                10.796808000458682
            ], 
            [
                -77.91195778472293
            ], 
            [
                -0.9577255192431373
            ]
        ]
    }, 
    "image-00028.jpg": {
        "24.171911,120.643497": [
            [
                -6.039434323156785
            ], 
            [
                31.14269811119671
            ], 
            [
                -0.891871558931163
            ]
        ]
    }, 
    "image-00025.jpg": {
        "24.172235,120.643028": [
            [
                1.4681827699700514
            ], 
            [
                66.60483054649579
            ], 
            [
                -0.7927781877526234
            ]
        ]
    }
}