{
    "image-00033.jpg": {
        "24.171802,120.643654": [
            [
                6.110476217295492
            ], 
            [
                -46.82553310632565
            ], 
            [
                5.918601115986705
            ]
        ]
    }, 
    "image-00087.jpg": {
        "24.171590,120.643962": [
            [
                -2.3737375873233004
            ], 
            [
                -43.00721166726874
            ], 
            [
                0.26487949858370596
            ]
        ]
    }, 
    "image-00015.jpg": {
        "24.172392,120.642801": [
            [
                -6.615729043238807
            ], 
            [
                53.570319091729615
            ], 
            [
                -2.9986474019547344
            ]
        ]
    }, 
    "image-00024.jpg": {
        "24.172018,120.643342": [
            [
                8.1526600127845
            ], 
            [
                13.644041810988057
            ], 
            [
                3.353558885459782
            ]
        ]
    }, 
    "image-00061.jpg": {
        "24.171856,120.643576": [
            [
                -0.9661992361785476
            ], 
            [
                -17.97105867122364
            ], 
            [
                -1.9655905335597934
            ]
        ]
    }, 
    "image-00029.jpg": {
        "24.172072,120.643264": [
            [
                1.2751684462655675
            ], 
            [
                29.733693012529336
            ], 
            [
                -0.7423138719759867
            ]
        ]
    }, 
    "image-00071.jpg": {
        "24.171749,120.643730": [
            [
                -1.9465442913785926
            ], 
            [
                -27.1308459351643
            ], 
            [
                0.2763176233382554
            ]
        ]
    }, 
    "image-00075.jpg": {
        "24.171644,120.643882": [
            [
                -3.535094706896325
            ], 
            [
                -38.61816072076915
            ], 
            [
                -0.09017166930743858
            ]
        ]
    }, 
    "image-00016.jpg": {
        "24.172127,120.643184": [
            [
                -5.744630205934433
            ], 
            [
                57.31058363623708
            ], 
            [
                2.1018130600408504
            ]
        ]
    }, 
    "image-00098.jpg": {
        "24.171535,120.644040": [
            [
                -0.5808005895097956
            ], 
            [
                -51.58748322860106
            ], 
            [
                -0.5079453131812448
            ]
        ]
    }, 
    "image-00028.jpg": {
        "24.171911,120.643497": [
            [
                -9.802845389209562
            ], 
            [
                28.48837345594449
            ], 
            [
                -0.8696177494197186
            ]
        ]
    }, 
    "image-00025.jpg": {
        "24.172235,120.643028": [
            [
                2.389783950853431
            ], 
            [
                31.13067954150078
            ], 
            [
                -3.0601881118287624
            ]
        ]
    }
}