{"image-00067.jpg":{"24.998396,121.526657":[24.998218245479777,121.52659689835366]},"image-00114.jpg":{"24.998124,121.526646":[24.99805890989731,121.52665032464547]},"image-00124.jpg":{"24.997944,121.526637":[24.997937180222873,121.52665433255333]},"image-00105.jpg":{"24.998205,121.526649":[24.9981835015381,121.52665461468573]},"image-00118.jpg":{"24.998034,121.526641":[24.998010632923485,121.52665431904836]}}