{
    "image-00067.jpg": {
        "24.998396,121.526657": [
            [
                4.258361088059851
            ], 
            [
                19.815504679727603
            ], 
            [
                1.0520241608309264
            ]
        ]
    }, 
    "image-00114.jpg": {
        "24.998124,121.526646": [
            [
                -1.835294627470441
            ], 
            [
                30.536201392611225
            ], 
            [
                -1.879697432568123
            ]
        ]
    }, 
    "image-00124.jpg": {
        "24.997944,121.526637": [
            [
                -3.4606895842745256
            ], 
            [
                46.504722899065264
            ], 
            [
                -1.1220159567498422
            ]
        ]
    }, 
    "image-00105.jpg": {
        "24.998205,121.526649": [
            [
                -1.5011924851510945
            ], 
            [
                18.998721925670733
            ], 
            [
                -2.009684318648619
            ]
        ]
    }, 
    "image-00118.jpg": {
        "24.998034,121.526641": [
            [
                -2.4679585949505425
            ], 
            [
                36.48465593556312
            ], 
            [
                -1.5244560264384255
            ]
        ]
    }
}