{
    "image-00067.jpg": {
        "24.998396,121.526657": [
            [
                4.6044894299230945
            ], 
            [
                20.153320810278863
            ], 
            [
                1.0581138759370148
            ]
        ]
    }, 
    "image-00114.jpg": {
        "24.998124,121.526646": [
            [
                -2.053075488307731
            ], 
            [
                37.432477075986505
            ], 
            [
                -1.1438237516844267
            ]
        ]
    }, 
    "image-00124.jpg": {
        "24.997944,121.526637": [
            [
                -3.43961662443843
            ], 
            [
                50.9030554834261
            ], 
            [
                -0.5109116965382441
            ]
        ]
    }, 
    "image-00105.jpg": {
        "24.998205,121.526649": [
            [
                -1.4774496847873306
            ], 
            [
                23.58373440824251
            ], 
            [
                -1.3165509483898075
            ]
        ]
    }, 
    "image-00118.jpg": {
        "24.998034,121.526641": [
            [
                -2.844687158783041
            ], 
            [
                42.75718135683827
            ], 
            [
                -1.0417354515924049
            ]
        ]
    }
}