{"image-00031.jpg":{"25.004695,121.496230":[25.004700182297455,121.49629498578989]},"image-00017.jpg":{"25.004312,121.496388":[25.0044249232947,121.4964161297229]},"image-00059.jpg":{"25.005195,121.496008":[25.005161047961735,121.49603526675666]},"image-00026.jpg":{"25.004610,121.496268":[25.004605860438296,121.49631973985024]},"image-00027.jpg":{"25.004566,121.496284":[25.004603269462468,121.49630296554227]},"image-00039.jpg":{"25.004778,121.496193":[25.004809176760226,121.49623779069816]},"image-00056.jpg":{"25.005028,121.496082":[25.00507179882608,121.49613819257479]},"image-00023.jpg":{"25.004398,121.496360":[25.00450365507324,121.49637456260135]},"image-00062.jpg":{"25.005279,121.496071":[25.005282086257782,121.49609460260746]},"image-00004.jpg":{"25.004077,121.496460":[25.00419029536612,121.4966704762754]},"image-00060.jpg":{"25.004972,121.496055":[25.004984290612732,121.4960595518331]},"image-00021.jpg":{"25.004156,121.496437":[25.004463239557207,121.49639738704091]},"image-00035.jpg":{"25.004622,121.496237":[25.006726982930775,121.49513223929952]},"image-00049.jpg":{"25.004861,121.496156":[25.00495232016268,121.49621176735087]},"image-00051.jpg":{"25.004945,121.496119":[25.00499397873771,121.49617292631902]},"image-00025.jpg":{"25.004525,121.496304":[25.00457114985087,121.49635850775829]}}