{
    "image-00031.jpg": {
        "25.004695,121.496230": [
            [
                -4.844624808938604
            ], 
            [
                7.2746350123844
            ], 
            [
                1.107929208219015
            ]
        ]
    }, 
    "image-00017.jpg": {
        "25.004312,121.496388": [
            [
                -6.090602483564554
            ], 
            [
                38.74323328500009
            ], 
            [
                -1.0688300193726565
            ]
        ]
    }, 
    "image-00059.jpg": {
        "25.005195,121.496008": [
            [
                -3.4899064606694212
            ], 
            [
                -46.376807330144686
            ], 
            [
                0.11050153490964565
            ]
        ]
    }, 
    "image-00026.jpg": {
        "25.004610,121.496268": [
            [
                -5.403192496265986
            ], 
            [
                18.736280917870157
            ], 
            [
                1.3109043456532221
            ]
        ]
    }, 
    "image-00039.jpg": {
        "25.004778,121.496193": [
            [
                8.117602684195726
            ], 
            [
                -29.680706717289084
            ], 
            [
                1.5094237561992117
            ]
        ]
    }, 
    "image-00049.jpg": {
        "25.004861,121.496156": [
            [
                -18.63540306748895
            ], 
            [
                -53.6416033434905
            ], 
            [
                2.7825008316217525
            ]
        ]
    }, 
    "image-00056.jpg": {
        "25.005028,121.496082": [
            [
                -3.0517172412088875
            ], 
            [
                -37.7823457229989
            ], 
            [
                0.1953043519569393
            ]
        ]
    }, 
    "image-00023.jpg": {
        "25.004398,121.496360": [
            [
                -6.008564078893006
            ], 
            [
                30.743263466633994
            ], 
            [
                0.7438699980308812
            ]
        ]
    }, 
    "image-00062.jpg": {
        "25.005279,121.496071": [
            [
                -8.558524779063333
            ], 
            [
                -61.461599287145454
            ], 
            [
                1.0515993051369863
            ]
        ]
    }, 
    "image-00004.jpg": {
        "25.004077,121.496460": [
            [
                -21.50889795070392
            ], 
            [
                73.02216771061846
            ], 
            [
                -15.427693644281707
            ]
        ]
    }, 
    "image-00060.jpg": {
        "25.004972,121.496055": [
            [
                4.920434888564558
            ], 
            [
                -35.798526635887946
            ], 
            [
                -0.013891080323827687
            ]
        ]
    }, 
    "image-00021.jpg": {
        "25.004156,121.496437": [
            [
                -6.325589180816406
            ], 
            [
                31.79882997045474
            ], 
            [
                -2.899125958309064
            ]
        ]
    }, 
    "image-00035.jpg": {
        "25.004622,121.496237": [
            [
                38.69943943979533
            ], 
            [
                -280.0096331413883
            ], 
            [
                -10.363089129743635
            ]
        ]
    }, 
    "image-00027.jpg": {
        "25.004566,121.496284": [
            [
                -3.3766895780841075
            ], 
            [
                17.75361554431131
            ], 
            [
                0.4940466293920731
            ]
        ]
    }, 
    "image-00051.jpg": {
        "25.004945,121.496119": [
            [
                -4.664027145236759
            ], 
            [
                -27.458624541287147
            ], 
            [
                -0.2085481806419005
            ]
        ]
    }, 
    "image-00025.jpg": {
        "25.004525,121.496304": [
            [
                -6.933076481372883
            ], 
            [
                23.552457703265876
            ], 
            [
                0.314726889269036
            ]
        ]
    }
}