{
    "image-00031.jpg": {
        "25.004695,121.496230": [
            [
                -6.3472497363589735
            ], 
            [
                1.7121437884823318
            ], 
            [
                1.9795894846999773
            ]
        ]
    }, 
    "image-00017.jpg": {
        "25.004312,121.496388": [
            [
                -7.279082755330111
            ], 
            [
                34.65119509671429
            ], 
            [
                -0.9363196674593759
            ]
        ]
    }, 
    "image-00059.jpg": {
        "25.005195,121.496008": [
            [
                0.5955398181610034
            ], 
            [
                -55.41008360638067
            ], 
            [
                0.48539182857572527
            ]
        ]
    }, 
    "image-00026.jpg": {
        "25.004610,121.496268": [
            [
                -5.08091730917631
            ], 
            [
                12.418203955445636
            ], 
            [
                1.9953203179772985
            ]
        ]
    }, 
    "image-00027.jpg": {
        "25.004566,121.496284": [
            [
                -3.3945969806855505
            ], 
            [
                12.107111884054369
            ], 
            [
                0.9534551658233088
            ]
        ]
    }, 
    "image-00039.jpg": {
        "25.004778,121.496193": [
            [
                -5.105350126729575
            ], 
            [
                -11.650630111367747
            ], 
            [
                2.2334333552092582
            ]
        ]
    }, 
    "image-00056.jpg": {
        "25.005028,121.496082": [
            [
                -5.7287917611389805
            ], 
            [
                -42.52325870051075
            ], 
            [
                0.3964893005016643
            ]
        ]
    }, 
    "image-00023.jpg": {
        "25.004398,121.496360": [
            [
                -6.3580982137289395
            ], 
            [
                24.989897526569138
            ], 
            [
                0.8721690337467813
            ]
        ]
    }, 
    "image-00062.jpg": {
        "25.005279,121.496071": [
            [
                -9.649533223282056
            ], 
            [
                -65.98990991064657
            ], 
            [
                1.20130823653788
            ]
        ]
    }, 
    "image-00004.jpg": {
        "25.004077,121.496460": [
            [
                -22.369134044672705
            ], 
            [
                67.96640030358664
            ], 
            [
                -14.896515361464033
            ]
        ]
    }, 
    "image-00060.jpg": {
        "25.004972,121.496055": [
            [
                5.060115349007225
            ], 
            [
                -36.113527031522786
            ], 
            [
                -0.002057651627557
            ]
        ]
    }, 
    "image-00021.jpg": {
        "25.004156,121.496437": [
            [
                -6.971539577676043
            ], 
            [
                30.000883655799804
            ], 
            [
                -2.705859626596867
            ]
        ]
    }, 
    "image-00035.jpg": {
        "25.004622,121.496237": [
            [
                26.128792398996623
            ], 
            [
                -250.21276230298173
            ], 
            [
                -7.679300154548596
            ]
        ]
    }, 
    "image-00049.jpg": {
        "25.004861,121.496156": [
            [
                -8.119415728954733
            ], 
            [
                -27.497966542600523
            ], 
            [
                2.6373548543761105
            ]
        ]
    }, 
    "image-00051.jpg": {
        "25.004945,121.496119": [
            [
                -6.038047267014191
            ], 
            [
                -33.19407062769251
            ], 
            [
                0.17402290031853962
            ]
        ]
    }, 
    "image-00025.jpg": {
        "25.004525,121.496304": [
            [
                -7.4211969767993935
            ], 
            [
                17.386370819895376
            ], 
            [
                0.7201958007156666
            ]
        ]
    }
}