{"image-00055.jpg":{"24.988344,121.292602":[24.988313496133774,121.29260840654604]},"image-00020.jpg":{"24.987835,121.292765":[24.987797105890674,121.29276772062795]},"image-00002.jpg":{"24.987585,121.292846":[24.987550014321783,121.29285521936761]},"image-00084.jpg":{"24.988661,121.292499":[24.9886704232463,121.29250012771996]},"image-00074.jpg":{"24.988480,121.292558":[24.988469636058518,121.29256005951157]},"image-00086.jpg":{"24.988752,121.292469":[24.988713784461158,121.29248306211261]},"image-00061.jpg":{"24.988385,121.292588":[24.988356293885982,121.2925890157241]},"image-00075.jpg":{"24.988567,121.292530":[24.988517416021494,121.29254931656867]},"image-00016.jpg":{"24.987751,121.292792":[24.987731050449497,121.29278856104537]},"image-00051.jpg":{"24.988267,121.292627":[24.988257446463095,121.29261753171201]},"image-00010.jpg":{"24.987667,121.292819":[24.987651056004914,121.29282448211302]}}