{
    "image-00055.jpg": {
        "24.988344,121.292602": [
            [
                -0.31635932400034356
            ], 
            [
                -3.438262820879763
            ], 
            [
                -0.27303257736159253
            ]
        ]
    }, 
    "image-00020.jpg": {
        "24.987835,121.292765": [
            [
                -0.7453087547999191
            ], 
            [
                -63.05945204169396
            ], 
            [
                -1.4093051212119134
            ]
        ]
    }, 
    "image-00002.jpg": {
        "24.987585,121.292846": [
            [
                0.14090305736669695
            ], 
            [
                -91.90175292926
            ], 
            [
                -0.9037088741346118
            ]
        ]
    }, 
    "image-00084.jpg": {
        "24.988661,121.292499": [
            [
                0.15829419043513737
            ], 
            [
                37.72050539976203
            ], 
            [
                -0.2543284561870287
            ]
        ]
    }, 
    "image-00074.jpg": {
        "24.988480,121.292558": [
            [
                -0.20363594462650492
            ], 
            [
                14.594167532254687
            ], 
            [
                -0.5772935946061732
            ]
        ]
    }, 
    "image-00086.jpg": {
        "24.988752,121.292469": [
            [
                -0.16291261965302462
            ], 
            [
                42.82955847198774
            ], 
            [
                -0.7363526208012781
            ]
        ]
    }, 
    "image-00061.jpg": {
        "24.988385,121.292588": [
            [
                -0.8801137050743272
            ], 
            [
                1.6753120174907494
            ], 
            [
                -0.5643886008270558
            ]
        ]
    }, 
    "image-00075.jpg": {
        "24.988567,121.292530": [
            [
                0.22331877508815678
            ], 
            [
                19.999426597740587
            ], 
            [
                -0.5720704026358585
            ]
        ]
    }, 
    "image-00016.jpg": {
        "24.987751,121.292792": [
            [
                -0.7554822462480706
            ], 
            [
                -70.69889684797828
            ], 
            [
                -1.7868685767728867
            ]
        ]
    }, 
    "image-00051.jpg": {
        "24.988267,121.292627": [
            [
                -1.1540206684078191
            ], 
            [
                -9.682253679500263
            ], 
            [
                -1.666956066702716
            ]
        ]
    }, 
    "image-00010.jpg": {
        "24.987667,121.292819": [
            [
                0.26700663876155617
            ], 
            [
                -80.24782862344154
            ], 
            [
                -2.0867240863678247
            ]
        ]
    }
}