{
    "image-00055.jpg": {
        "24.988344,121.292602": [
            [
                -0.262440854535759
            ], 
            [
                -13.195903173604052
            ], 
            [
                -0.18398591785361923
            ]
        ]
    }, 
    "image-00020.jpg": {
        "24.987835,121.292765": [
            [
                -2.3393701283353834
            ], 
            [
                -69.88807964378874
            ], 
            [
                -2.0056530776078674
            ]
        ]
    }, 
    "image-00002.jpg": {
        "24.987585,121.292846": [
            [
                0.5541465298592834
            ], 
            [
                -101.66458296212643
            ], 
            [
                -1.011206633679814
            ]
        ]
    }, 
    "image-00084.jpg": {
        "24.988661,121.292499": [
            [
                0.2987988969952995
            ], 
            [
                19.721454102940857
            ], 
            [
                0.17009389549294063
            ]
        ]
    }, 
    "image-00074.jpg": {
        "24.988480,121.292558": [
            [
                1.683888275793028
            ], 
            [
                1.0396305771353636
            ], 
            [
                -0.8604176860086413
            ]
        ]
    }, 
    "image-00086.jpg": {
        "24.988752,121.292469": [
            [
                -0.755727520669994
            ], 
            [
                26.997371280810373
            ], 
            [
                -1.973615666686796
            ]
        ]
    }, 
    "image-00061.jpg": {
        "24.988385,121.292588": [
            [
                -0.9966588869398769
            ], 
            [
                -6.989232764891425
            ], 
            [
                -0.7569897868506137
            ]
        ]
    }, 
    "image-00075.jpg": {
        "24.988567,121.292530": [
            [
                1.3917308434168412
            ], 
            [
                9.175135438659186
            ], 
            [
                -0.9446189703810912
            ]
        ]
    }, 
    "image-00016.jpg": {
        "24.987751,121.292792": [
            [
                -2.921945200114761
            ], 
            [
                -78.98776227396601
            ], 
            [
                -2.5776307451837672
            ]
        ]
    }, 
    "image-00051.jpg": {
        "24.988267,121.292627": [
            [
                -0.33041606024111697
            ], 
            [
                -16.959465696249385
            ], 
            [
                -1.6998190445952168
            ]
        ]
    }, 
    "image-00010.jpg": {
        "24.987667,121.292819": [
            [
                -0.6752929624783934
            ], 
            [
                -90.16983753427674
            ], 
            [
                -3.2573208361101416
            ]
        ]
    }
}