{"image-00031.jpg":{"25.069212,121.478843":[25.069205365019037,121.4788558575944]},"image-00022.jpg":{"25.069147,121.479138":[25.06914477198487,121.47905115666404]},"image-00059.jpg":{"25.069560,121.478815":[25.06958051504946,121.47881465660583]},"image-00116.jpg":{"25.070394,121.479061":[25.07040861490404,121.47905913873042]},"image-00063.jpg":{"25.069630,121.478835":[25.06966286805101,121.47884928471478]},"image-00123.jpg":{"25.070472,121.479085":[25.070487633456544,121.479100696615]},"image-00029.jpg":{"25.069233,121.478746":[25.069524496055397,121.47600084375716]},"image-00107.jpg":{"25.070203,121.479004":[25.07023000627753,121.47900519597354]},"image-00112.jpg":{"25.070307,121.479035":[25.070330816085466,121.47903678882757]},"image-00077.jpg":{"25.069796,121.478882":[25.069813056780134,121.47886466830018]},"image-00028.jpg":{"25.069186,121.478959":[25.06917527614615,121.4789375067289]},"image-00025.jpg":{"25.069242,121.478697":[25.06938498461963,121.4779211366633]}}