{
    "image-00031.jpg": {
        "25.069212,121.478843": [
            [
                -0.730093594197248
            ], 
            [
                -8.414064879912274
            ], 
            [
                0.42177384145277036
            ]
        ]
    }, 
    "image-00022.jpg": {
        "25.069147,121.479138": [
            [
                -1.2154834129578163
            ], 
            [
                -27.085344610475143
            ], 
            [
                1.0415429677199421
            ]
        ]
    }, 
    "image-00059.jpg": {
        "25.069560,121.478815": [
            [
                35.617438679197825
            ], 
            [
                11.877321442255909
            ], 
            [
                -0.5872761398509295
            ]
        ]
    }, 
    "image-00116.jpg": {
        "25.070394,121.479061": [
            [
                129.81101265659257
            ], 
            [
                8.297821735243579
            ], 
            [
                0.37462762260641247
            ]
        ]
    }, 
    "image-00063.jpg": {
        "25.069630,121.478835": [
            [
                43.07358759917816
            ], 
            [
                11.408184263522163
            ], 
            [
                -0.7611733577856187
            ]
        ]
    }, 
    "image-00123.jpg": {
        "25.070472,121.479085": [
            [
                141.60271074887982
            ], 
            [
                6.96037837895436
            ], 
            [
                -0.6679979137693839
            ]
        ]
    }, 
    "image-00029.jpg": {
        "25.069233,121.478746": [
            [
                -5.5930347352815835
            ], 
            [
                -30.373913417260678
            ], 
            [
                -19.569906594176715
            ]
        ]
    }, 
    "image-00107.jpg": {
        "25.070203,121.479004": [
            [
                108.16965318998265
            ], 
            [
                9.341609437124768
            ], 
            [
                0.41232344988621383
            ]
        ]
    }, 
    "image-00112.jpg": {
        "25.070307,121.479035": [
            [
                120.88966092984003
            ], 
            [
                8.506131371410751
            ], 
            [
                0.34983010396643266
            ]
        ]
    }, 
    "image-00077.jpg": {
        "25.069796,121.478882": [
            [
                57.975218428105805
            ], 
            [
                11.810358544377468
            ], 
            [
                -1.322093277507045
            ]
        ]
    }, 
    "image-00028.jpg": {
        "25.069186,121.478959": [
            [
                -0.6784139200144941
            ], 
            [
                -13.653702078857432
            ], 
            [
                0.11454776311984982
            ]
        ]
    }, 
    "image-00025.jpg": {
        "25.069242,121.478697": [
            [
                -7.8273028375407545
            ], 
            [
                125.28034834301388
            ], 
            [
                0.6869227432209435
            ]
        ]
    }
}