{
    "image-00031.jpg": {
        "25.069212,121.478843": [
            [
                -0.4273478169803381
            ], 
            [
                -1.4278502916450788
            ], 
            [
                0.42128221014074874
            ]
        ]
    }, 
    "image-00022.jpg": {
        "25.069147,121.479138": [
            [
                -2.5644264365697396
            ], 
            [
                -22.11017449899401
            ], 
            [
                1.9371224845825168
            ]
        ]
    }, 
    "image-00059.jpg": {
        "25.069560,121.478815": [
            [
                39.282875996465094
            ], 
            [
                12.004998689383893
            ], 
            [
                -0.3556060917172319
            ]
        ]
    }, 
    "image-00116.jpg": {
        "25.070394,121.479061": [
            [
                134.54306101567238
            ], 
            [
                8.739305487379202
            ], 
            [
                0.5453687441281394
            ]
        ]
    }, 
    "image-00063.jpg": {
        "25.069630,121.478835": [
            [
                48.990171884728504
            ], 
            [
                10.667972833177316
            ], 
            [
                -0.38355300207486254
            ]
        ]
    }, 
    "image-00123.jpg": {
        "25.070472,121.479085": [
            [
                144.04617197578432
            ], 
            [
                6.6388121389055925
            ], 
            [
                -0.7761294282073523
            ]
        ]
    }, 
    "image-00029.jpg": {
        "25.069233,121.478746": [
            [
                -30.57532332808507
            ], 
            [
                286.7367511830446
            ], 
            [
                -11.464357126040593
            ]
        ]
    }, 
    "image-00107.jpg": {
        "25.070203,121.479004": [
            [
                113.96941289616319
            ], 
            [
                9.562543524986593
            ], 
            [
                0.5495183020297985
            ]
        ]
    }, 
    "image-00112.jpg": {
        "25.070307,121.479035": [
            [
                125.60752247163987
            ], 
            [
                8.985367609192394
            ], 
            [
                0.05198043376926442
            ]
        ]
    }, 
    "image-00077.jpg": {
        "25.069796,121.478882": [
            [
                65.6105935430807
            ], 
            [
                12.917363870990371
            ], 
            [
                -0.512422992130988
            ]
        ]
    }, 
    "image-00028.jpg": {
        "25.069186,121.478959": [
            [
                -1.8361420822173304
            ], 
            [
                -10.193606946545373
            ], 
            [
                0.6594986032204393
            ]
        ]
    }, 
    "image-00025.jpg": {
        "25.069242,121.478697": [
            [
                -2.157894890892276
            ], 
            [
                94.7968867108197
            ], 
            [
                -0.6458054740775161
            ]
        ]
    }
}