{"image-00114.jpg":{"25.062795,121.524856":[25.062800828264713,121.5248126680785]},"image-00083.jpg":{"25.062786,121.525409":[25.06279154846425,121.52539858352009]},"image-00070.jpg":{"25.062782,121.525558":[25.062781979907616,121.52561271983063]},"image-00121.jpg":{"25.062796,121.524763":[25.062795051725214,121.52469256035496]},"image-00098.jpg":{"25.062792,121.525126":[25.062788195713473,121.5251157864646]},"image-00088.jpg":{"25.062789,121.525313":[25.062783997688634,121.52531365259344]},"image-00045.jpg":{"25.062594,121.525885":[25.062619037846233,121.52588777630365]},"image-00062.jpg":{"25.062776,121.525760":[25.062785754317943,121.52573466592179]},"image-00077.jpg":{"25.062783,121.525505":[25.062767288708123,121.52551093659517]},"image-00105.jpg":{"25.062793,121.525034":[25.062807401854602,121.52497301925949]},"image-00108.jpg":{"25.062794,121.524945":[25.062991214177828,121.52495223594185]},"image-00011.jpg":{"25.062588,121.526084":[25.06263584739987,121.526041801225]},"image-00120.jpg":{"25.062797,121.524667":[25.062777506866173,121.52474351620924]}}