{
    "image-00114.jpg": {
        "25.062795,121.524856": [
            [
                0.567597899417287
            ], 
            [
                4.375811422465331
            ], 
            [
                -0.8324841354008911
            ]
        ]
    }, 
    "image-00083.jpg": {
        "25.062786,121.525409": [
            [
                0.6226936944161077
            ], 
            [
                -54.64965544463731
            ], 
            [
                -1.3770942158875252
            ]
        ]
    }, 
    "image-00070.jpg": {
        "25.062782,121.525558": [
            [
                -0.0438452790295667
            ], 
            [
                -76.2345500936813
            ], 
            [
                0.6782470833976773
            ]
        ]
    }, 
    "image-00121.jpg": {
        "25.062796,121.524763": [
            [
                -0.2973656917270775
            ], 
            [
                16.459813503706204
            ], 
            [
                -0.9336686192700407
            ]
        ]
    }, 
    "image-00098.jpg": {
        "25.062792,121.525126": [
            [
                -0.27463096084225436
            ], 
            [
                -26.17655074206635
            ], 
            [
                -1.143464888115192
            ]
        ]
    }, 
    "image-00088.jpg": {
        "25.062789,121.525313": [
            [
                -0.37432194968930954
            ], 
            [
                -46.11188172321675
            ], 
            [
                -1.2640262443460155
            ]
        ]
    }, 
    "image-00045.jpg": {
        "25.062594,121.525885": [
            [
                -17.64878024412369
            ], 
            [
                -104.26873584136042
            ], 
            [
                0.18542097719838146
            ]
        ]
    }, 
    "image-00062.jpg": {
        "25.062776,121.525760": [
            [
                0.6020225913162065
            ], 
            [
                -88.50777732554594
            ], 
            [
                -0.2392716075986473
            ]
        ]
    }, 
    "image-00077.jpg": {
        "25.062783,121.525505": [
            [
                -1.8659820361458266
            ], 
            [
                -66.01420449355108
            ], 
            [
                -1.9226235627344137
            ]
        ]
    }, 
    "image-00105.jpg": {
        "25.062793,121.525034": [
            [
                1.5958263569754694
            ], 
            [
                -11.759402738651179
            ], 
            [
                -0.5052574002958978
            ]
        ]
    }, 
    "image-00108.jpg": {
        "25.062794,121.524945": [
            [
                21.99280309006891
            ], 
            [
                -9.289989927515704
            ], 
            [
                -2.263320348140473
            ]
        ]
    }, 
    "image-00011.jpg": {
        "25.062588,121.526084": [
            [
                -15.494170726283684
            ], 
            [
                -119.74591712702707
            ], 
            [
                1.4535335452067528
            ]
        ]
    }, 
    "image-00120.jpg": {
        "25.062797,121.524667": [
            [
                -2.153432324547041
            ], 
            [
                11.292218583568559
            ], 
            [
                -2.9163034025677304
            ]
        ]
    }
}