{
    "image-00114.jpg": {
        "25.062795,121.524856": [
            [
                0.269624087611809
            ], 
            [
                -0.23425499140816358
            ], 
            [
                -1.1668677577434274
            ]
        ]
    }, 
    "image-00083.jpg": {
        "25.062786,121.525409": [
            [
                1.018565574458607
            ], 
            [
                -61.21772908179159
            ], 
            [
                -2.127498844826068
            ]
        ]
    }, 
    "image-00070.jpg": {
        "25.062782,121.525558": [
            [
                0.7508475161500581
            ], 
            [
                -84.68486570655934
            ], 
            [
                0.554315728558036
            ]
        ]
    }, 
    "image-00011.jpg": {
        "25.062588,121.526084": [
            [
                -21.541767968991046
            ], 
            [
                -131.39748758067606
            ], 
            [
                0.16390225264149905
            ]
        ]
    }, 
    "image-00098.jpg": {
        "25.062792,121.525126": [
            [
                0.7319909447347421
            ], 
            [
                -30.12637001675367
            ], 
            [
                -1.529275155235673
            ]
        ]
    }, 
    "image-00121.jpg": {
        "25.062796,121.524763": [
            [
                -0.12589999558813436
            ], 
            [
                7.7708532342868155
            ], 
            [
                -1.0182671398946457
            ]
        ]
    }, 
    "image-00088.jpg": {
        "25.062789,121.525313": [
            [
                -1.2704178838528364
            ], 
            [
                -55.61052778792247
            ], 
            [
                -2.0469585579375367
            ]
        ]
    }, 
    "image-00045.jpg": {
        "25.062594,121.525885": [
            [
                -17.54541039531504
            ], 
            [
                -115.54196477711038
            ], 
            [
                -1.8004911611922525
            ]
        ]
    }, 
    "image-00062.jpg": {
        "25.062776,121.525760": [
            [
                -0.03815918163205101
            ], 
            [
                -93.99969784113352
            ], 
            [
                -0.7715496503256627
            ]
        ]
    }, 
    "image-00077.jpg": {
        "25.062783,121.525505": [
            [
                -2.9146278809787667
            ], 
            [
                -73.85184199499608
            ], 
            [
                -2.4507127372407886
            ]
        ]
    }, 
    "image-00105.jpg": {
        "25.062793,121.525034": [
            [
                1.1779194349870603
            ], 
            [
                -19.393768129974895
            ], 
            [
                -2.010625413835888
            ]
        ]
    }, 
    "image-00108.jpg": {
        "25.062794,121.524945": [
            [
                21.87904199021293
            ], 
            [
                -12.867179557954476
            ], 
            [
                -2.9691595791119973
            ]
        ]
    }, 
    "image-00120.jpg": {
        "25.062797,121.524667": [
            [
                -3.3498107683594465
            ], 
            [
                -3.470134017121165
            ], 
            [
                -4.586779892409605
            ]
        ]
    }
}