{"image-00057.jpg":{"25.028836,121.480942":[25.02905923093195,121.48085302687088]},"image-00124.jpg":{"25.028765,121.480630":[25.028784638914924,121.48058443682396]},"image-00004.jpg":{"25.029036,121.481455":[25.028938271563295,121.48124104094794]},"image-00006.jpg":{"25.029017,121.481355":[25.028968597139823,121.4812972054371]},"image-00059.jpg":{"25.028802,121.480851":[25.028790676766533,121.4808017217968]},"image-00039.jpg":{"25.028874,121.481043":[25.028865774381256,121.4810270605216]},"image-00070.jpg":{"25.028771,121.480768":[25.0287119877452,121.48067771059752]},"image-00021.jpg":{"25.028976,121.481240":[25.02898109445292,121.48114668063226]}}