{
    "image-00057.jpg": {
        "25.028836,121.480942": [
            [
                26.33691632171086
            ], 
            [
                -1.692817573370462
            ], 
            [
                4.121571546638156
            ]
        ]
    }, 
    "image-00124.jpg": {
        "25.028765,121.480630": [
            [
                9.149025361287952
            ], 
            [
                35.309461451056194
            ], 
            [
                0.6173028188565897
            ]
        ]
    }, 
    "image-00004.jpg": {
        "25.029036,121.481455": [
            [
                -1.6044358902786549
            ], 
            [
                -32.16404938998041
            ], 
            [
                2.682554468604984
            ]
        ]
    }, 
    "image-00006.jpg": {
        "25.029017,121.481355": [
            [
                -0.7723902942745218
            ], 
            [
                -38.69855463967793
            ], 
            [
                1.558375401092718
            ]
        ]
    }, 
    "image-00059.jpg": {
        "25.028802,121.480851": [
            [
                1.0229882101468122
            ], 
            [
                14.970213465494199
            ], 
            [
                -0.534267868575165
            ]
        ]
    }, 
    "image-00039.jpg": {
        "25.028874,121.481043": [
            [
                -0.3866694123381869
            ], 
            [
                -9.179241161224166
            ], 
            [
                -1.152814919592362
            ]
        ]
    }, 
    "image-00070.jpg": {
        "25.028771,121.480768": [
            [
                -2.0099399632680184
            ], 
            [
                29.919247903337258
            ], 
            [
                -2.4880003316182666
            ]
        ]
    }, 
    "image-00021.jpg": {
        "25.028976,121.481240": [
            [
                6.557343063009218
            ], 
            [
                -25.34906428990913
            ], 
            [
                -0.48294175745524637
            ]
        ]
    }
}