{
    "image-00057.jpg": {
        "25.028836,121.480942": [
            [
                17.601832736812955
            ], 
            [
                45.44404835200762
            ], 
            [
                -7.691603052491855
            ]
        ]
    }, 
    "image-00124.jpg": {
        "25.028765,121.480630": [
            [
                5.554018781115474
            ], 
            [
                32.56246752376748
            ], 
            [
                0.1418279373103954
            ]
        ]
    }, 
    "image-00004.jpg": {
        "25.029036,121.481455": [
            [
                -2.699680752696848
            ], 
            [
                -39.63793961179801
            ], 
            [
                2.0344570013335574
            ]
        ]
    }, 
    "image-00006.jpg": {
        "25.029017,121.481355": [
            [
                1.5336299487113676
            ], 
            [
                -46.85936200139985
            ], 
            [
                -0.4261160743122038
            ]
        ]
    }, 
    "image-00059.jpg": {
        "25.028802,121.480851": [
            [
                0.2742262977745077
            ], 
            [
                12.05141278201698
            ], 
            [
                -1.049890170521741
            ]
        ]
    }, 
    "image-00039.jpg": {
        "25.028874,121.481043": [
            [
                -0.22791250308715813
            ], 
            [
                -11.337796009822478
            ], 
            [
                -1.353988204597764
            ]
        ]
    }, 
    "image-00070.jpg": {
        "25.028771,121.480768": [
            [
                -1.5971494405094484
            ], 
            [
                32.96680427350794
            ], 
            [
                -2.077951939631907
            ]
        ]
    }, 
    "image-00021.jpg": {
        "25.028976,121.481240": [
            [
                2.7976311789303994
            ], 
            [
                -32.55903467024931
            ], 
            [
                -1.0612474048909257
            ]
        ]
    }
}