{"image-00085.jpg":{"25.019032,121.529830":[25.019068167156206,121.52979741509544]},"image-00046.jpg":{"25.019800,121.529049":[25.019753446090593,121.52921764357347]},"image-00017.jpg":{"25.020015,121.528831":[25.019971674643187,121.5289387527711]},"image-00096.jpg":{"25.018845,121.530017":[25.01886935291597,121.53005861470196]},"image-00013.jpg":{"25.020076,121.528769":[25.020050991995678,121.52882912401064]},"image-00114.jpg":{"25.018603,121.530260":[25.018594344077687,121.53034191883704]},"image-00072.jpg":{"25.019420,121.529439":[25.01935397763379,121.5295186364553]},"image-00074.jpg":{"25.019225,121.529637":[25.019270656331337,121.52962160717901]},"image-00095.jpg":{"25.018907,121.529956":[25.01891542916793,121.5299656407268]},"image-00061.jpg":{"25.019485,121.529371":[25.01955395281709,121.52935943456711]},"image-00093.jpg":{"25.018784,121.530078":[25.018814539143687,121.52995694421189]},"image-00119.jpg":{"25.018413,121.530449":[25.018422126322147,121.53046641926252]},"image-00030.jpg":{"25.019954,121.528893":[25.019945946703018,121.5289029118824]},"image-00073.jpg":{"25.019292,121.529571":[25.019304092948357,121.52953780323838]},"image-00054.jpg":{"25.019648,121.529204":[25.01969525867411,121.52922846007226]},"image-00062.jpg":{"25.019582,121.529271":[25.019999600932984,121.52970314228746]},"image-00077.jpg":{"25.019159,121.529704":[25.019192701143787,121.52967860028852]},"image-00124.jpg":{"25.018287,121.530575":[25.01830893821365,121.53041171040834]},"image-00042.jpg":{"25.019894,121.528954":[25.019793679773944,121.52920063199113]}}