{
    "image-00085.jpg": {
        "25.019032,121.529830": [
            [
                -0.21808559855539256
            ], 
            [
                -5.187078716069838
            ], 
            [
                3.024570046707903
            ]
        ]
    }, 
    "image-00046.jpg": {
        "25.019800,121.529049": [
            [
                -7.1845947553730936
            ], 
            [
                -100.94995625794947
            ], 
            [
                -2.1544363664098793
            ]
        ]
    }, 
    "image-00017.jpg": {
        "25.020015,121.528831": [
            [
                -2.3048149279825614
            ], 
            [
                -137.75621912364403
            ], 
            [
                -0.11941763582349108
            ]
        ]
    }, 
    "image-00096.jpg": {
        "25.018845,121.530017": [
            [
                -5.200269094628869
            ], 
            [
                28.821498420041404
            ], 
            [
                1.5518735827498324
            ]
        ]
    }, 
    "image-00013.jpg": {
        "25.020076,121.528769": [
            [
                0.09102120074910669
            ], 
            [
                -151.68697128510394
            ], 
            [
                -0.6969680516106624
            ]
        ]
    }, 
    "image-00114.jpg": {
        "25.018603,121.530260": [
            [
                -6.218125257357457
            ], 
            [
                70.64211690904428
            ], 
            [
                8.133875695315218
            ]
        ]
    }, 
    "image-00072.jpg": {
        "25.019420,121.529439": [
            [
                -0.3392880768795141
            ], 
            [
                -47.602242613790324
            ], 
            [
                -0.39207618067561967
            ]
        ]
    }, 
    "image-00074.jpg": {
        "25.019225,121.529637": [
            [
                -1.9380449834739317
            ], 
            [
                -33.78442509411351
            ], 
            [
                -0.8320541077266577
            ]
        ]
    }, 
    "image-00095.jpg": {
        "25.018907,121.529956": [
            [
                -1.602687506999457
            ], 
            [
                18.76813921664638
            ], 
            [
                0.6586015606300046
            ]
        ]
    }, 
    "image-00061.jpg": {
        "25.019485,121.529371": [
            [
                -3.1241436619099874
            ], 
            [
                -74.87889694887868
            ], 
            [
                -3.9758483941518663
            ]
        ]
    }, 
    "image-00093.jpg": {
        "25.018784,121.530078": [
            [
                6.505742237696612
            ], 
            [
                26.570395108823213
            ], 
            [
                2.3952489142717477
            ]
        ]
    }, 
    "image-00119.jpg": {
        "25.018413,121.530449": [
            [
                -2.8709171152500748
            ], 
            [
                93.28893960903497
            ], 
            [
                0.21215423175054315
            ]
        ]
    }, 
    "image-00030.jpg": {
        "25.019954,121.528893": [
            [
                2.2949463651531077
            ], 
            [
                -138.01752162077761
            ], 
            [
                0.44356798921607776
            ]
        ]
    }, 
    "image-00073.jpg": {
        "25.019292,121.529571": [
            [
                1.9027077102495857
            ], 
            [
                -42.17348076978848
            ], 
            [
                1.569780212867955
            ]
        ]
    }, 
    "image-00054.jpg": {
        "25.019648,121.529204": [
            [
                -3.7003678785268956
            ], 
            [
                -95.39024150192085
            ], 
            [
                -0.2855581875556714
            ]
        ]
    }, 
    "image-00062.jpg": {
        "25.019582,121.529271": [
            [
                -61.93102283381253
            ], 
            [
                -88.9046968743779
            ], 
            [
                1.1693309044706606
            ]
        ]
    }, 
    "image-00077.jpg": {
        "25.019159,121.529704": [
            [
                -0.4708374249888979
            ], 
            [
                -23.49055874878549
            ], 
            [
                0.31319202456845074
            ]
        ]
    }, 
    "image-00124.jpg": {
        "25.018287,121.530575": [
            [
                9.611117136281976
            ], 
            [
                99.03301155542673
            ], 
            [
                6.021802934121045
            ]
        ]
    }, 
    "image-00042.jpg": {
        "25.019894,121.528954": [
            [
                -8.87591009541215
            ], 
            [
                -105.43240952068149
            ], 
            [
                -1.497407132110651
            ]
        ]
    }
}