{
    "image-00085.jpg": {
        "25.019032,121.529830": [
            [
                2.2599467923201333
            ], 
            [
                -15.437163117859567
            ], 
            [
                1.4771956952091037
            ]
        ]
    }, 
    "image-00046.jpg": {
        "25.019800,121.529049": [
            [
                14.95181063123179
            ], 
            [
                -134.96196815849814
            ], 
            [
                5.353786869358751
            ]
        ]
    }, 
    "image-00017.jpg": {
        "25.020015,121.528831": [
            [
                7.264770151406472
            ], 
            [
                -160.63443596319308
            ], 
            [
                -0.6810243731436492
            ]
        ]
    }, 
    "image-00096.jpg": {
        "25.018845,121.530017": [
            [
                -0.8547452759234075
            ], 
            [
                16.414563970833356
            ], 
            [
                -1.0786825651798728
            ]
        ]
    }, 
    "image-00013.jpg": {
        "25.020076,121.528769": [
            [
                5.359220490636098
            ], 
            [
                -162.4684227304633
            ], 
            [
                -1.0700394029275824
            ]
        ]
    }, 
    "image-00114.jpg": {
        "25.018603,121.530260": [
            [
                2.3572896102722853
            ], 
            [
                51.94262824930082
            ], 
            [
                4.188142059805212
            ]
        ]
    }, 
    "image-00072.jpg": {
        "25.019420,121.529439": [
            [
                1.7830665227677138
            ], 
            [
                -58.31998241658008
            ], 
            [
                0.32483946025203214
            ]
        ]
    }, 
    "image-00074.jpg": {
        "25.019225,121.529637": [
            [
                0.44437141862271634
            ], 
            [
                -46.5210070125428
            ], 
            [
                -2.6175761145395486
            ]
        ]
    }, 
    "image-00095.jpg": {
        "25.018907,121.529956": [
            [
                -0.23069770245705912
            ], 
            [
                11.520130298908272
            ], 
            [
                0.9558860705443994
            ]
        ]
    }, 
    "image-00061.jpg": {
        "25.019485,121.529371": [
            [
                -1.8030415523214156
            ], 
            [
                -88.60566343201846
            ], 
            [
                -5.990010322759135
            ]
        ]
    }, 
    "image-00093.jpg": {
        "25.018784,121.530078": [
            [
                11.729256771607071
            ], 
            [
                5.163122504700931
            ], 
            [
                3.353535876305928
            ]
        ]
    }, 
    "image-00119.jpg": {
        "25.018413,121.530449": [
            [
                -6.867951937762266
            ], 
            [
                73.63706890061214
            ], 
            [
                -1.0099260622646224
            ]
        ]
    }, 
    "image-00030.jpg": {
        "25.019954,121.528893": [
            [
                1.5981236722319294
            ], 
            [
                -156.76961252302553
            ], 
            [
                0.7196918273576909
            ]
        ]
    }, 
    "image-00073.jpg": {
        "25.019292,121.529571": [
            [
                5.490871557293525
            ], 
            [
                -51.95010829616437
            ], 
            [
                1.7940393639734318
            ]
        ]
    }, 
    "image-00054.jpg": {
        "25.019648,121.529204": [
            [
                -2.7156339797352445
            ], 
            [
                -110.8197493769132
            ], 
            [
                -3.1241218949330087
            ]
        ]
    }, 
    "image-00062.jpg": {
        "25.019582,121.529271": [
            [
                -63.37017272511658
            ], 
            [
                -98.94114504690431
            ], 
            [
                -0.7822900928586614
            ]
        ]
    }, 
    "image-00077.jpg": {
        "25.019159,121.529704": [
            [
                1.384646218605203
            ], 
            [
                -37.2977100581587
            ], 
            [
                -1.267495428495622
            ]
        ]
    }, 
    "image-00124.jpg": {
        "25.018287,121.530575": [
            [
                -6.710465071500247
            ], 
            [
                121.27948387128664
            ], 
            [
                -2.3017001342158085
            ]
        ]
    }, 
    "image-00042.jpg": {
        "25.019894,121.528954": [
            [
                6.151909832577696
            ], 
            [
                -141.08778779326593
            ], 
            [
                1.3525416951858737
            ]
        ]
    }
}