{
    "image-00058.jpg": {
        "24.212575,120.646904": [
            [
                -0.4791938803655973
            ], 
            [
                3.4189579022712024
            ], 
            [
                15.213374642598058
            ]
        ]
    }, 
    "image-00067.jpg": {
        "24.212643,120.646982": [
            [
                -0.5483422043564219
            ], 
            [
                8.903568378492961
            ], 
            [
                -0.992532794382815
            ]
        ]
    }, 
    "image-00050.jpg": {
        "24.212507,120.646823": [
            [
                -0.012209900950473779
            ], 
            [
                -4.647567220227247
            ], 
            [
                -0.7134317692591702
            ]
        ]
    }, 
    "image-00089.jpg": {
        "24.212769,120.647131": [
            [
                -1.3642794741191708
            ], 
            [
                30.797143531196113
            ], 
            [
                -0.78263934246697
            ]
        ]
    }
}