{"image-00103.jpg":{"22.610653,120.311964":[22.610646353683222,120.31189518590477]},"image-00070.jpg":{"22.610388,120.312585":[22.610388291929315,120.31255931476662]},"image-00091.jpg":{"22.610578,120.312140":[22.610580744566647,120.31212880049324]},"image-00058.jpg":{"22.610282,120.312831":[22.61045190704775,120.31259922188718]},"image-00117.jpg":{"22.610792,120.311642":[22.610796722250768,120.3115912744124]},"image-00074.jpg":{"22.610414,120.312523":[22.610411539618678,120.312479189848]},"image-00056.jpg":{"22.610202,120.313005":[22.610292975985637,120.3125232572209]},"image-00088.jpg":{"22.610532,120.312247":[22.610554678883215,120.31219275852038]},"image-00049.jpg":{"22.610186,120.313040":[22.610305452106733,120.31274177149064]},"image-00055.jpg":{"22.610234,120.312935":[22.610396963799214,120.312702653688]},"image-00121.jpg":{"22.610830,120.311553":[22.610826877381452,120.3115075664837]},"image-00079.jpg":{"22.610460,120.312415":[22.610449323757184,120.31237985620731]},"image-00098.jpg":{"22.610754,120.311730":[22.610748813108327,120.31173834237941]},"image-00062.jpg":{"22.610341,120.312700":[22.610326024415386,120.31268095173613]},"image-00082.jpg":{"22.610487,120.312353":[22.610477555528973,120.31231652091905]},"image-00124.jpg":{"22.610876,120.311447":[22.61087853316871,120.31143928980347]},"image-00096.jpg":{"22.610615,120.312052":[22.6106093762362,120.31199692604264]},"image-00048.jpg":{"22.610162,120.313100":[22.610217497444072,120.31275929150783]},"image-00110.jpg":{"22.610712,120.311827":[22.610711008808405,120.31177141203469]},"image-00123.jpg":{"22.610921,120.311342":[22.610909751831134,120.31138615111851]},"image-00063.jpg":{"22.610326,120.312735":[22.610309528237693,120.31267526242861]},"image-00113.jpg":{"22.610754,120.311730":[22.610758906581673,120.31166856455539]}}