{
    "image-00103.jpg": {
        "22.610653,120.311964": [
            [
                -3.836493241032353
            ], 
            [
                5.976844922396578
            ], 
            [
                -1.18944296361662
            ]
        ]
    }, 
    "image-00070.jpg": {
        "22.610388,120.312585": [
            [
                1.1890525678881771
            ], 
            [
                -67.81711816050095
            ], 
            [
                -0.4685429549649811
            ]
        ]
    }, 
    "image-00091.jpg": {
        "22.610578,120.312140": [
            [
                0.4307822737731255
            ], 
            [
                -18.722570522326592
            ], 
            [
                -0.269647704063134
            ]
        ]
    }, 
    "image-00058.jpg": {
        "22.610282,120.312831": [
            [
                9.349268805416012
            ], 
            [
                -68.29507747276119
            ], 
            [
                2.5115703217986347
            ]
        ]
    }, 
    "image-00117.jpg": {
        "22.610792,120.311642": [
            [
                -2.9303950583461207
            ], 
            [
                41.359537118718826
            ], 
            [
                -0.41790859725532226
            ]
        ]
    }, 
    "image-00074.jpg": {
        "22.610414,120.312523": [
            [
                -0.20056324899746403
            ], 
            [
                -59.308468766858084
            ], 
            [
                -0.5998678217787425
            ]
        ]
    }, 
    "image-00056.jpg": {
        "22.610202,120.313005": [
            [
                -9.941919192076588
            ], 
            [
                -69.27722497828037
            ], 
            [
                -3.65511472700463
            ]
        ]
    }, 
    "image-00088.jpg": {
        "22.610532,120.312247": [
            [
                0.7942442898848265
            ], 
            [
                -25.889869867203064
            ], 
            [
                -0.05793422749895738
            ]
        ]
    }, 
    "image-00049.jpg": {
        "22.610186,120.313040": [
            [
                1.3837121793669045
            ], 
            [
                -88.68779212748426
            ], 
            [
                1.484203747489432
            ]
        ]
    }, 
    "image-00055.jpg": {
        "22.610234,120.312935": [
            [
                8.666793923266976
            ], 
            [
                -80.52548054558022
            ], 
            [
                3.3455154510717726
            ]
        ]
    }, 
    "image-00121.jpg": {
        "22.610830,120.311553": [
            [
                -3.799297259411931
            ], 
            [
                50.542066538008406
            ], 
            [
                -0.18029640507877964
            ]
        ]
    }, 
    "image-00079.jpg": {
        "22.610460,120.312415": [
            [
                -1.0331073136628754
            ], 
            [
                -48.311821685945624
            ], 
            [
                -0.5791258244350956
            ]
        ]
    }, 
    "image-00098.jpg": {
        "22.610754,120.311730": [
            [
                -0.9001535821591458
            ], 
            [
                25.480145939530964
            ], 
            [
                -0.12160589642053887
            ]
        ]
    }, 
    "image-00062.jpg": {
        "22.610341,120.312700": [
            [
                0.6194895401049145
            ], 
            [
                -82.08287974842874
            ], 
            [
                0.1361207770553694
            ]
        ]
    }, 
    "image-00082.jpg": {
        "22.610487,120.312353": [
            [
                -1.1527039534941954
            ], 
            [
                -41.09330829336659
            ], 
            [
                -0.06842048245228316
            ]
        ]
    }, 
    "image-00124.jpg": {
        "22.610876,120.311447": [
            [
                -1.820499636229017
            ], 
            [
                59.384865452126306
            ], 
            [
                -0.026282462289524133
            ]
        ]
    }, 
    "image-00096.jpg": {
        "22.610615,120.312052": [
            [
                -2.812791300801693
            ], 
            [
                -5.2000936696865985
            ], 
            [
                -0.009430723376206096
            ]
        ]
    }, 
    "image-00048.jpg": {
        "22.610162,120.313100": [
            [
                -6.543032049723865
            ], 
            [
                -94.69204050020053
            ], 
            [
                -1.7964308137419804
            ]
        ]
    }, 
    "image-00110.jpg": {
        "22.610712,120.311827": [
            [
                -3.1283461128382535
            ], 
            [
                20.557875464422064
            ], 
            [
                -0.8163826858245997
            ]
        ]
    }, 
    "image-00123.jpg": {
        "22.610921,120.311342": [
            [
                -1.1727274809017811
            ], 
            [
                65.81785520485423
            ], 
            [
                0.8098444899223933
            ]
        ]
    }, 
    "image-00063.jpg": {
        "22.610326,120.312735": [
            [
                -1.2814913514612345
            ], 
            [
                -82.38610201821204
            ], 
            [
                -0.8158251096051359
            ]
        ]
    }, 
    "image-00113.jpg": {
        "22.610754,120.311730": [
            [
                -3.1185555902607103
            ], 
            [
                32.382378405616635
            ], 
            [
                0.10085670493167065
            ]
        ]
    }
}