{
    "image-00103.jpg": {
        "22.610653,120.311964": [
            [
                -3.517292183311402
            ], 
            [
                0.5971549651172015
            ], 
            [
                -1.6332323635993018
            ]
        ]
    }, 
    "image-00070.jpg": {
        "22.610388,120.312585": [
            [
                1.443008147427873
            ], 
            [
                -73.46814668684965
            ], 
            [
                -0.6923209867527271
            ]
        ]
    }, 
    "image-00091.jpg": {
        "22.610578,120.312140": [
            [
                -0.6821298623371836
            ], 
            [
                -24.781506264217068
            ], 
            [
                -0.7767903736699284
            ]
        ]
    }, 
    "image-00058.jpg": {
        "22.610282,120.312831": [
            [
                0.5631606007318235
            ], 
            [
                -101.3591922948839
            ], 
            [
                -0.8990750846058706
            ]
        ]
    }, 
    "image-00117.jpg": {
        "22.610792,120.311642": [
            [
                -2.577830624135114
            ], 
            [
                36.35690893610922
            ], 
            [
                -0.7320579958549085
            ]
        ]
    }, 
    "image-00074.jpg": {
        "22.610414,120.312523": [
            [
                -0.015624835813028426
            ], 
            [
                -64.78714842314456
            ], 
            [
                -0.9864383091413584
            ]
        ]
    }, 
    "image-00056.jpg": {
        "22.610202,120.313005": [
            [
                -0.6686828834940137
            ], 
            [
                -104.20080536003249
            ], 
            [
                -2.0927418472664314
            ]
        ]
    }, 
    "image-00088.jpg": {
        "22.610532,120.312247": [
            [
                0.19682192555077194
            ], 
            [
                -31.010483202999605
            ], 
            [
                -0.6100335559819379
            ]
        ]
    }, 
    "image-00049.jpg": {
        "22.610186,120.313040": [
            [
                -0.5518754975538938
            ], 
            [
                -119.37587434581506
            ], 
            [
                -1.46229421274899
            ]
        ]
    }, 
    "image-00055.jpg": {
        "22.610234,120.312935": [
            [
                0.23669724647942747
            ], 
            [
                -108.86300122888336
            ], 
            [
                -0.9867938575839457
            ]
        ]
    }, 
    "image-00121.jpg": {
        "22.610830,120.311553": [
            [
                -3.79445732373566
            ], 
            [
                43.51781032503863
            ], 
            [
                -0.7329047710693737
            ]
        ]
    }, 
    "image-00079.jpg": {
        "22.610460,120.312415": [
            [
                -0.9199477799319895
            ], 
            [
                -54.25829617003461
            ], 
            [
                -1.1412492624217254
            ]
        ]
    }, 
    "image-00098.jpg": {
        "22.610754,120.311730": [
            [
                -0.5122830020688092
            ], 
            [
                27.298692237769497
            ], 
            [
                0.04137394157285623
            ]
        ]
    }, 
    "image-00062.jpg": {
        "22.610341,120.312700": [
            [
                1.1122219665399173
            ], 
            [
                -90.90844970496582
            ], 
            [
                -0.08409399906145154
            ]
        ]
    }, 
    "image-00082.jpg": {
        "22.610487,120.312353": [
            [
                -0.7427883669322344
            ], 
            [
                -46.595816901544374
            ], 
            [
                -0.7414014385861627
            ]
        ]
    }, 
    "image-00124.jpg": {
        "22.610876,120.311447": [
            [
                -3.0018900244948568
            ], 
            [
                52.153052610001104
            ], 
            [
                -0.6089312927813655
            ]
        ]
    }, 
    "image-00096.jpg": {
        "22.610615,120.312052": [
            [
                -2.5149812405611542
            ], 
            [
                -13.636437464792614
            ], 
            [
                -0.8791566443073411
            ]
        ]
    }, 
    "image-00048.jpg": {
        "22.610162,120.313100": [
            [
                0.9101221988204053
            ], 
            [
                -124.73859202654472
            ], 
            [
                -0.9605670846191838
            ]
        ]
    }, 
    "image-00110.jpg": {
        "22.610712,120.311827": [
            [
                -3.491239401263376
            ], 
            [
                15.701311595621451
            ], 
            [
                -1.4254890055030445
            ]
        ]
    }, 
    "image-00123.jpg": {
        "22.610921,120.311342": [
            [
                -2.8037447582559567
            ], 
            [
                53.67484574766852
            ], 
            [
                0.20673748304718842
            ]
        ]
    }, 
    "image-00063.jpg": {
        "22.610326,120.312735": [
            [
                -0.13546094896438432
            ], 
            [
                -89.91577187734528
            ], 
            [
                -0.8778753059583551
            ]
        ]
    }, 
    "image-00113.jpg": {
        "22.610754,120.311730": [
            [
                -2.9484248055121505
            ], 
            [
                26.332472727205097
            ], 
            [
                -0.8226350022879894
            ]
        ]
    }
}