{
    "image-00033.jpg": {
        "25.074483,121.508942": [
            [
                -4.050725487087893
            ], 
            [
                12.168616785909386
            ], 
            [
                -2.1991251125821814
            ]
        ]
    }, 
    "image-00022.jpg": {
        "25.074388,121.508948": [
            [
                -0.3746280060553716
            ], 
            [
                -13.946496030293288
            ], 
            [
                -0.3000396120051094
            ]
        ]
    }, 
    "image-00110.jpg": {
        "25.075832,121.509270": [
            [
                45.48114609600478
            ], 
            [
                141.90531658329672
            ], 
            [
                -0.03464907429397357
            ]
        ]
    }, 
    "image-00097.jpg": {
        "25.075568,121.509137": [
            [
                30.39477719784235
            ], 
            [
                115.87039512310047
            ], 
            [
                0.4365080576277087
            ]
        ]
    }, 
    "image-00104.jpg": {
        "25.075678,121.509232": [
            [
                38.90250981982388
            ], 
            [
                124.34836429607779
            ], 
            [
                0.11916072824658386
            ]
        ]
    }, 
    "image-00036.jpg": {
        "25.074520,121.508939": [
            [
                0.7485808286724074
            ], 
            [
                3.9274321919241313
            ], 
            [
                0.3886243871465864
            ]
        ]
    }, 
    "image-00102.jpg": {
        "25.075695,121.509204": [
            [
                45.68911155026066
            ], 
            [
                152.9836365834639
            ], 
            [
                -1.5102829798119206
            ]
        ]
    }, 
    "image-00016.jpg": {
        "25.074257,121.508959": [
            [
                -0.9608891709167922
            ], 
            [
                -23.083760750254694
            ], 
            [
                -0.2293329412305698
            ]
        ]
    }, 
    "image-00021.jpg": {
        "25.074335,121.508952": [
            [
                -1.233079794991545
            ], 
            [
                -16.403649563516744
            ], 
            [
                0.08966167809841785
            ]
        ]
    }
}