{"image-00031.jpg":{"25.144520,121.398367":[25.14428284893477,121.3978418146439]},"image-00044.jpg":{"25.144352,121.398075":[25.144344803489272,121.39806486819077]},"image-00087.jpg":{"25.143785,121.397134":[25.14377399115603,121.39710088786924]},"image-00047.jpg":{"25.144306,121.397990":[25.144304175012664,121.39801994370333]},"image-00085.jpg":{"25.143841,121.397220":[25.14382119251349,121.3971383592038]},"image-00069.jpg":{"25.144086,121.397591":[25.144063493135246,121.39758286392895]},"image-00039.jpg":{"25.144399,121.398159":[25.14440838459288,121.39819914687166]},"image-00035.jpg":{"25.144446,121.398244":[25.144457905018363,121.39826261379261]},"image-00024.jpg":{"25.144629,121.398537":[25.144596613238654,121.39845408287471]},"image-00054.jpg":{"25.144264,121.397913":[25.14423647084161,121.39789781820659]},"image-00057.jpg":{"25.144222,121.397837":[25.144206756325584,121.39781636406897]},"image-00083.jpg":{"25.143892,121.397296":[25.148078550381037,121.3945687380319]},"image-00064.jpg":{"25.144133,121.397675":[25.144148249766843,121.39768479780747]},"image-00018.jpg":{"25.144687,121.398627":[25.14467091693513,121.39857939280384]},"image-00075.jpg":{"25.143973,121.397419":[25.143884402689416,121.39716517660126]},"image-00099.jpg":{"25.143541,121.396823":[25.143533212989457,121.39683660653564]},"image-00090.jpg":{"25.143734,121.397055":[25.143728785960818,121.39704029017788]},"image-00078.jpg":{"25.143920,121.397340":[25.143904355078654,121.39730435122797]},"image-00012.jpg":{"25.144821,121.398837":[25.144764426759696,121.39876434325231]},"image-00014.jpg":{"25.144743,121.398716":[25.144728002461008,121.39869420217434]},"image-00025.jpg":{"25.144572,121.398448":[25.145002932920157,121.39835223896077]}}