{
    "image-00031.jpg": {
        "25.144520,121.398367": [
            [
                -6.551595016283306
            ], 
            [
                80.05657695132223
            ], 
            [
                1.977360423055
            ]
        ]
    }, 
    "image-00044.jpg": {
        "25.144352,121.398075": [
            [
                -2.96340577328287
            ], 
            [
                32.45938073795213
            ], 
            [
                -0.9846225941493981
            ]
        ]
    }, 
    "image-00087.jpg": {
        "25.143785,121.397134": [
            [
                -15.55849792342001
            ], 
            [
                142.15862490914228
            ], 
            [
                0.20430920402833586
            ]
        ]
    }, 
    "image-00085.jpg": {
        "25.143841,121.397220": [
            [
                -11.813395247826682
            ], 
            [
                137.51775271918592
            ], 
            [
                1.10424572519924
            ]
        ]
    }, 
    "image-00099.jpg": {
        "25.143541,121.396823": [
            [
                -47.65119014517737
            ], 
            [
                221.5422489821288
            ], 
            [
                -2.263551595159054
            ]
        ]
    }, 
    "image-00069.jpg": {
        "25.144086,121.397591": [
            [
                -3.4897181680573945
            ], 
            [
                86.44444421864935
            ], 
            [
                -0.16239706930320708
            ]
        ]
    }, 
    "image-00039.jpg": {
        "25.144399,121.398159": [
            [
                -2.9876205747638083
            ], 
            [
                16.993038472954655
            ], 
            [
                -1.0504588118386475
            ]
        ]
    }, 
    "image-00024.jpg": {
        "25.144629,121.398537": [
            [
                2.0619049136810244
            ], 
            [
                -15.942310127710632
            ], 
            [
                -2.233299517941064
            ]
        ]
    }, 
    "image-00047.jpg": {
        "25.144306,121.397990": [
            [
                -4.076595011984091
            ], 
            [
                39.05296633132329
            ], 
            [
                -0.8649992169838991
            ]
        ]
    }, 
    "image-00057.jpg": {
        "25.144222,121.397837": [
            [
                -2.500634162532636
            ], 
            [
                54.91123245811749
            ], 
            [
                0.7863523065517506
            ]
        ]
    }, 
    "image-00054.jpg": {
        "25.144264,121.397913": [
            [
                -2.604312598209501
            ], 
            [
                51.08768400111003
            ], 
            [
                0.10245974029523897
            ]
        ]
    }, 
    "image-00083.jpg": {
        "25.143892,121.397296": [
            [
                435.2111026001915
            ], 
            [
                -67.87362869659998
            ], 
            [
                58.72017409519423
            ]
        ]
    }, 
    "image-00064.jpg": {
        "25.144133,121.397675": [
            [
                -11.537801104542124
            ], 
            [
                89.83950867972686
            ], 
            [
                -0.21641551001203752
            ]
        ]
    }, 
    "image-00018.jpg": {
        "25.144687,121.398627": [
            [
                4.731917604813742
            ], 
            [
                -30.678910811565302
            ], 
            [
                -0.7321327443240526
            ]
        ]
    }, 
    "image-00075.jpg": {
        "25.143973,121.397419": [
            [
                -8.9667250326413
            ], 
            [
                167.5482276306839
            ], 
            [
                -0.4047686272263462
            ]
        ]
    }, 
    "image-00078.jpg": {
        "25.143920,121.397340": [
            [
                -9.798602164483562
            ], 
            [
                157.0780202363003
            ], 
            [
                -1.170788738864644
            ]
        ]
    }, 
    "image-00014.jpg": {
        "25.144743,121.398716": [
            [
                3.8561889371770137
            ], 
            [
                -52.50603876346547
            ], 
            [
                0.7282142665013542
            ]
        ]
    }, 
    "image-00035.jpg": {
        "25.144446,121.398244": [
            [
                -1.4750994841349918
            ], 
            [
                9.419506281988095
            ], 
            [
                -0.81407542947153
            ]
        ]
    }, 
    "image-00012.jpg": {
        "25.144821,121.398837": [
            [
                4.303139259697474
            ], 
            [
                -52.97804965106611
            ], 
            [
                -2.640109088480636
            ]
        ]
    }, 
    "image-00090.jpg": {
        "25.143734,121.397055": [
            [
                -16.245524155649555
            ], 
            [
                152.36294479833361
            ], 
            [
                0.00988818777242706
            ]
        ]
    }, 
    "image-00025.jpg": {
        "25.144572,121.398448": [
            [
                47.93975284765388
            ], 
            [
                -32.41719029458767
            ], 
            [
                -0.5880754368762613
            ]
        ]
    }
}