{
    "image-00031.jpg": {
        "25.144520,121.398367": [
            [
                1.4411092382713377
            ], 
            [
                59.05861810149344
            ], 
            [
                2.284873927869574
            ]
        ]
    }, 
    "image-00044.jpg": {
        "25.144352,121.398075": [
            [
                -2.980290074191504
            ], 
            [
                35.993265015228175
            ], 
            [
                -0.7757529520593875
            ]
        ]
    }, 
    "image-00087.jpg": {
        "25.143785,121.397134": [
            [
                -13.651067018866224
            ], 
            [
                151.4493190447549
            ], 
            [
                0.3153244272861073
            ]
        ]
    }, 
    "image-00047.jpg": {
        "25.144306,121.397990": [
            [
                -4.855910225310496
            ], 
            [
                42.10391824672462
            ], 
            [
                -0.9518612025866735
            ]
        ]
    }, 
    "image-00085.jpg": {
        "25.143841,121.397220": [
            [
                -10.778476574027561
            ], 
            [
                145.6595328683571
            ], 
            [
                1.971584844877551
            ]
        ]
    }, 
    "image-00069.jpg": {
        "25.144086,121.397591": [
            [
                -7.912681689858072
            ], 
            [
                93.50931077163949
            ], 
            [
                0.10205515502103779
            ]
        ]
    }, 
    "image-00039.jpg": {
        "25.144399,121.398159": [
            [
                -3.0592060056704815
            ], 
            [
                20.739878878559875
            ], 
            [
                -0.7756278716975881
            ]
        ]
    }, 
    "image-00035.jpg": {
        "25.144446,121.398244": [
            [
                -1.1834569960886363
            ], 
            [
                12.517070394235036
            ], 
            [
                -0.5976360472807414
            ]
        ]
    }, 
    "image-00024.jpg": {
        "25.144629,121.398537": [
            [
                3.425304141812418
            ], 
            [
                -11.733545970655364
            ], 
            [
                -1.2664454753328713
            ]
        ]
    }, 
    "image-00054.jpg": {
        "25.144264,121.397913": [
            [
                -5.754707852563254
            ], 
            [
                56.49087188026933
            ], 
            [
                -1.0168749153615941
            ]
        ]
    }, 
    "image-00057.jpg": {
        "25.144222,121.397837": [
            [
                -4.8367922502857175
            ], 
            [
                65.2828445391858
            ], 
            [
                0.1311326140512472
            ]
        ]
    }, 
    "image-00083.jpg": {
        "25.143892,121.397296": [
            [
                528.6363211404293
            ], 
            [
                152.63851701288752
            ], 
            [
                144.32487424649122
            ]
        ]
    }, 
    "image-00064.jpg": {
        "25.144133,121.397675": [
            [
                -4.386984548059598
            ], 
            [
                80.03086470395549
            ], 
            [
                0.12866313666399254
            ]
        ]
    }, 
    "image-00018.jpg": {
        "25.144687,121.398627": [
            [
                4.822629856106205
            ], 
            [
                -26.74720682496721
            ], 
            [
                -0.48451147630520364
            ]
        ]
    }, 
    "image-00075.jpg": {
        "25.143973,121.397419": [
            [
                -5.830854026814343
            ], 
            [
                139.98407320030546
            ], 
            [
                -2.225310228982269
            ]
        ]
    }, 
    "image-00099.jpg": {
        "25.143541,121.396823": [
            [
                -24.85845198975027
            ], 
            [
                187.4893056994199
            ], 
            [
                -0.5538478874186552
            ]
        ]
    }, 
    "image-00090.jpg": {
        "25.143734,121.397055": [
            [
                -15.237892965471318
            ], 
            [
                159.19235460966672
            ], 
            [
                0.13990480899289892
            ]
        ]
    }, 
    "image-00078.jpg": {
        "25.143920,121.397340": [
            [
                -10.427608689018982
            ], 
            [
                126.56597458602039
            ], 
            [
                0.9588583096361472
            ]
        ]
    }, 
    "image-00012.jpg": {
        "25.144821,121.398837": [
            [
                5.297285131630921
            ], 
            [
                -48.06552276319815
            ], 
            [
                -1.941630054585782
            ]
        ]
    }, 
    "image-00014.jpg": {
        "25.144743,121.398716": [
            [
                5.022803298944125
            ], 
            [
                -39.930681683884394
            ], 
            [
                -0.47434506005307764
            ]
        ]
    }, 
    "image-00025.jpg": {
        "25.144572,121.398448": [
            [
                48.14948077280121
            ], 
            [
                -23.822055784778897
            ], 
            [
                -1.586344640091994
            ]
        ]
    }
}