{
    "image-00094.jpg": {
        "24.951531,121.351933": [
            [
                4.344614226801991
            ], 
            [
                -5.183431631884689
            ], 
            [
                0.7770950807970484
            ]
        ]
    }, 
    "image-00048.jpg": {
        "24.951743,121.351877": [
            [
                -3.541776094575865
            ], 
            [
                29.154129395561654
            ], 
            [
                -0.7502025222095066
            ]
        ]
    }, 
    "image-00039.jpg": {
        "24.951829,121.351890": [
            [
                0.64751663939094
            ], 
            [
                36.94849998726944
            ], 
            [
                0.1026030871111967
            ]
        ]
    }, 
    "image-00097.jpg": {
        "24.951452,121.351954": [
            [
                -2.9084014487786374
            ], 
            [
                -8.575421070566978
            ], 
            [
                -0.8586353414950594
            ]
        ]
    }, 
    "image-00086.jpg": {
        "24.951618,121.351910": [
            [
                -1.0117318529289472
            ], 
            [
                9.04732960737835
            ], 
            [
                -1.5850250490483668
            ]
        ]
    }, 
    "image-00107.jpg": {
        "24.951329,121.351986": [
            [
                -1.585132740912412
            ], 
            [
                -25.06726290650236
            ], 
            [
                -0.7519038001619425
            ]
        ]
    }, 
    "image-00018.jpg": {
        "24.951966,121.351823": [
            [
                2.1109944667382834
            ], 
            [
                46.89809179616347
            ], 
            [
                -0.5241561973019433
            ]
        ]
    }, 
    "image-00112.jpg": {
        "24.951266,121.352013": [
            [
                -0.8748468628462318
            ], 
            [
                -30.64028535613762
            ], 
            [
                -0.8878910348180433
            ]
        ]
    }, 
    "image-00105.jpg": {
        "24.951364,121.351977": [
            [
                -2.540191952446487
            ], 
            [
                -19.19703654212733
            ], 
            [
                -0.9909064377655032
            ]
        ]
    }, 
    "image-00038.jpg": {
        "24.951873,121.351888": [
            [
                5.32687860273062
            ], 
            [
                38.228888131816205
            ], 
            [
                -0.6599249852213784
            ]
        ]
    }, 
    "image-00051.jpg": {
        "24.951767,121.351868": [
            [
                3.876310293083352
            ], 
            [
                21.190157167489406
            ], 
            [
                8.67208205919183
            ]
        ]
    }, 
    "image-00120.jpg": {
        "24.951197,121.352043": [
            [
                0.9558951109736225
            ], 
            [
                -41.33449375007272
            ], 
            [
                -1.1315002904061373
            ]
        ]
    }
}