{
    "image-00123.jpg": {
        "23.013135,120.229807": [
            [
                1.684524865675624
            ], 
            [
                -20.012376193416543
            ], 
            [
                -2.733519130407809
            ]
        ]
    }, 
    "image-00118.jpg": {
        "23.013128,120.229704": [
            [
                -1.745344915859356
            ], 
            [
                -14.676107938478449
            ], 
            [
                -1.5987338381380458
            ]
        ]
    }, 
    "image-00110.jpg": {
        "23.013070,120.229488": [
            [
                -1.304209413179091
            ], 
            [
                -27.047981751984356
            ], 
            [
                -0.8443015703853507
            ]
        ]
    }, 
    "image-00102.jpg": {
        "23.013098,120.229592": [
            [
                -1.0156709694867916
            ], 
            [
                -25.11013452614188
            ], 
            [
                -3.4808768627289255
            ]
        ]
    }
}