{"image-00078.jpg":{"24.191770,120.683142":[24.191764751812322,120.68313931280696]},"image-00110.jpg":{"24.191665,120.683301":[24.19165389940135,120.68333061715308]},"image-00002.jpg":{"24.192230,120.682294":[24.1921978164483,120.6823167994725]},"image-00089.jpg":{"24.191720,120.683225":[24.19170822856091,120.68324750559435]},"image-00034.jpg":{"24.192069,120.682485":[24.192057470469546,120.68250340029155]},"image-00073.jpg":{"24.191818,120.683058":[24.19182048730358,120.6830687987744]}}