{
    "image-00078.jpg": {
        "24.191770,120.683142": [
            [
                -1.7889092616155988
            ], 
            [
                -6.483055957496832
            ], 
            [
                -0.9275663895833455
            ]
        ]
    }, 
    "image-00110.jpg": {
        "24.191665,120.683301": [
            [
                1.9963770958826428
            ], 
            [
                17.259014604010236
            ], 
            [
                0.029980628157949996
            ]
        ]
    }, 
    "image-00002.jpg": {
        "24.192230,120.682294": [
            [
                -1.6871793270272164
            ], 
            [
                -99.46627409326979
            ], 
            [
                -0.8412452394111689
            ]
        ]
    }, 
    "image-00089.jpg": {
        "24.191720,120.683225": [
            [
                -0.9304253323810114
            ], 
            [
                6.89757665058666
            ], 
            [
                -0.4158690127454834
            ]
        ]
    }, 
    "image-00034.jpg": {
        "24.192069,120.682485": [
            [
                2.9062325442284878
            ], 
            [
                -77.14321981790299
            ], 
            [
                0.032712542771133
            ]
        ]
    }, 
    "image-00073.jpg": {
        "24.191818,120.683058": [
            [
                -1.1089318132131103
            ], 
            [
                -12.738169558258143
            ], 
            [
                -0.6686087211904348
            ]
        ]
    }
}