{
    "image-00078.jpg": {
        "24.191770,120.683142": [
            [
                0.6423925145172866
            ], 
            [
                0.04666368102474435
            ], 
            [
                -0.1658995060160792
            ]
        ]
    }, 
    "image-00110.jpg": {
        "24.191665,120.683301": [
            [
                1.9398409145134876
            ], 
            [
                22.99803757955427
            ], 
            [
                -0.1974130634981992
            ]
        ]
    }, 
    "image-00002.jpg": {
        "24.192230,120.682294": [
            [
                -0.7092912913918141
            ], 
            [
                -96.27114391513109
            ], 
            [
                -0.5828555978484182
            ]
        ]
    }, 
    "image-00089.jpg": {
        "24.191720,120.683225": [
            [
                0.7772574544447548
            ], 
            [
                12.692299101216289
            ], 
            [
                -0.40733980138008175
            ]
        ]
    }, 
    "image-00034.jpg": {
        "24.192069,120.682485": [
            [
                3.6840623490733324
            ], 
            [
                -72.13690009642923
            ], 
            [
                0.13302173849639232
            ]
        ]
    }, 
    "image-00073.jpg": {
        "24.191818,120.683058": [
            [
                -1.2798989926075954
            ], 
            [
                -9.219834773615744
            ], 
            [
                -0.6733316227416544
            ]
        ]
    }
}