{"image-00092":{"25.058580,121.498212":[-4.839628219604492,-1.9613791704177856,-5.153500080108643,-21.561004638671875,10.809565544128418,-60.67163848876953,-15.720603942871094,12.63161563873291,-15.003342628479004,-18.260822296142578,-2.028319835662842,-30.68876075744629,-13.951469421386719,13.23007869720459,-16.12580680847168,-12.976288795471191,11.469212532043457,-17.231895446777344,-16.021486282348633,9.852256774902344,-15.43757152557373,-8.418667793273926,-4.601612091064453,-16.38058853149414,-12.045744895935059,13.247191429138184,-17.480974197387695,-13.610732078552246,10.816800117492676,-16.93167495727539,-13.5371732711792,13.786149024963379,-16.291702270507812]},"image-00094":{"25.058591,121.498313":[-22.72525405883789,2.339299440383911,-60.25602340698242,-14.702309608459473,12.2782621383667,-23.795305252075195,-11.420385360717773,-1.019779920578003,-29.878189086914062,-15.210081100463867,12.346878051757812,-24.359891891479492,-23.796554565429688,1.7615524530410767,-59.656883239746094,-14.626287460327148,9.567976951599121,-16.447412490844727,-12.189451217651367,11.00384521484375,-17.785886764526367,-17.971324920654297,10.055082321166992,-20.83833885192871,-11.936702728271484,12.639328002929688,-17.569721221923828,-15.263537406921387,10.086795806884766,-15.882979393005371,-14.791888236999512,12.588762283325195,-24.632787704467773,-9.747693061828613,-1.0223374366760254,-28.346084594726562,-14.370596885681152,6.557797908782959,-13.223451614379883,-13.452871322631836,10.784148216247559,-16.966310501098633]}}