{
    "image-00078": {
        "25.058567,121.498091": [
            60671.0, 
            61700.0, 
            58122.0, 
            68362.0, 
            68362.0, 
            58124.0, 
            68364.0, 
            68365.0, 
            69901.0, 
            58127.0, 
            58127.0, 
            58127.0, 
            58127.0, 
            60687.0, 
            60687.0, 
            63247.0, 
            66771.0, 
            58644.0, 
            58644.0, 
            58644.0, 
            59160.0, 
            59160.0, 
            60135.0, 
            60135.0, 
            60135.0, 
            63207.0, 
            63207.0, 
            63207.0, 
            58600.0, 
            58600.0, 
            66792.0, 
            59113.0, 
            59113.0, 
            59113.0, 
            69334.0, 
            59115.0, 
            64748.0, 
            64748.0, 
            65772.0, 
            58606.0, 
            58606.0, 
            60654.0, 
            60654.0, 
            64238.0, 
            65775.0, 
            56559.0, 
            56561.0, 
            66776.0
        ]
    }, 
    "image-00099": {
        "25.058594,121.498341": [
            60159.0, 
            60159.0, 
            61186.0, 
            60126.0, 
            60126.0, 
            58082.0, 
            58082.0, 
            58082.0, 
            60642.0, 
            60642.0, 
            56546.0, 
            56546.0, 
            63203.0, 
            63203.0, 
            65828.0, 
            66340.0, 
            67364.0, 
            60644.0, 
            60644.0, 
            65764.0, 
            66276.0, 
            60646.0, 
            60646.0, 
            60646.0, 
            61670.0, 
            61670.0, 
            62183.0, 
            60136.0, 
            61161.0, 
            61161.0, 
            61161.0, 
            56553.0, 
            56553.0, 
            55018.0, 
            55018.0, 
            56554.0, 
            56554.0, 
            61164.0, 
            73966.0, 
            73966.0, 
            73966.0, 
            65239.0, 
            65239.0, 
            72435.0, 
            72435.0
        ]
    }, 
    "image-00089": {
        "25.058583,121.498242": [
            64729.0, 
            64729.0, 
            66265.0, 
            62204.0, 
            62719.0, 
            77583.0, 
            78607.0, 
            76561.0, 
            61713.0, 
            61713.0, 
            77074.0, 
            64275.0, 
            61716.0, 
            62228.0, 
            75031.0, 
            75031.0, 
            75543.0, 
            75032.0, 
            75032.0, 
            75032.0, 
            68376.0, 
            68376.0, 
            68888.0, 
            61209.0, 
            61209.0, 
            62745.0, 
            67353.0, 
            62747.0, 
            63771.0, 
            63771.0, 
            68890.0, 
            68890.0, 
            68890.0, 
            62748.0, 
            62748.0, 
            63260.0, 
            63260.0, 
            64796.0, 
            67357.0, 
            67357.0, 
            71966.0, 
            66334.0, 
            66334.0, 
            66334.0, 
            74467.0, 
            68385.0, 
            68385.0, 
            69410.0, 
            69410.0, 
            73444.0, 
            73444.0, 
            73002.0, 
            73002.0, 
            73002.0, 
            66860.0, 
            66860.0, 
            60135.0, 
            60135.0, 
            60135.0, 
            61671.0, 
            61671.0, 
            61671.0, 
            61671.0, 
            61160.0, 
            61160.0, 
            62184.0, 
            62184.0, 
            67304.0, 
            67304.0, 
            61161.0, 
            61161.0, 
            65769.0, 
            65769.0, 
            67305.0, 
            64237.0, 
            64237.0
        ]
    }, 
    "image-00073": {
        "25.058549,121.497963": [
            60168.0, 
            60168.0, 
            64264.0, 
            64264.0, 
            60170.0, 
            60173.0, 
            58639.0, 
            58639.0, 
            61199.0, 
            61199.0, 
            61199.0, 
            61711.0, 
            61711.0, 
            65298.0, 
            58142.0, 
            58142.0, 
            58142.0, 
            61729.0, 
            54509.0, 
            55022.0, 
            55022.0, 
            55022.0, 
            62193.0, 
            66290.0, 
            64755.0, 
            64755.0, 
            64755.0, 
            64755.0, 
            66291.0, 
            66291.0
        ]
    }, 
    "image-00067": {
        "25.058522,121.497777": [
            60633.0, 
            58074.0, 
            60636.0, 
            60636.0, 
            62684.0, 
            64739.0, 
            64228.0
        ]
    }, 
    "image-00066": {
        "25.058536,121.497875": [
            60111.0, 
            60111.0, 
            61135.0, 
            60626.0, 
            61650.0, 
            61650.0, 
            61650.0, 
            62729.0, 
            62729.0, 
            62729.0, 
            62729.0, 
            58635.0, 
            58635.0, 
            63242.0, 
            58124.0, 
            58124.0, 
            60172.0, 
            62732.0, 
            60685.0, 
            61197.0, 
            61197.0, 
            62222.0, 
            61711.0, 
            61711.0, 
            62223.0, 
            59154.0, 
            62226.0, 
            62226.0, 
            59155.0, 
            60627.0, 
            61651.0, 
            61651.0, 
            61665.0, 
            61665.0, 
            59159.0, 
            59159.0, 
            60183.0, 
            60183.0, 
            60183.0, 
            60183.0, 
            61207.0, 
            58649.0, 
            62178.0, 
            62178.0, 
            57629.0, 
            60113.0, 
            61137.0, 
            65265.0, 
            65265.0
        ]
    }, 
    "image-00042": {
        "25.058496,121.497591": [
            59127.0, 
            62723.0, 
            62723.0, 
            62723.0, 
            62212.0, 
            62212.0, 
            62726.0, 
            62726.0, 
            58631.0, 
            59143.0, 
            58632.0, 
            58633.0, 
            58633.0, 
            59145.0, 
            60681.0, 
            60681.0, 
            61193.0, 
            61193.0, 
            62218.0, 
            62218.0, 
            62218.0, 
            62218.0, 
            58636.0, 
            58636.0, 
            59148.0, 
            59148.0, 
            59149.0, 
            59149.0, 
            60685.0, 
            61197.0, 
            61197.0, 
            62221.0, 
            62221.0, 
            59150.0, 
            62222.0, 
            62222.0, 
            59151.0, 
            62223.0, 
            62223.0, 
            62735.0, 
            58641.0, 
            58641.0, 
            58641.0, 
            58641.0, 
            60689.0, 
            60689.0, 
            62225.0, 
            62225.0, 
            62225.0, 
            62737.0, 
            58591.0, 
            60690.0, 
            58643.0, 
            62227.0, 
            61204.0, 
            61204.0, 
            62228.0, 
            62228.0, 
            62230.0, 
            58081.0, 
            58081.0, 
            62233.0, 
            60186.0, 
            60700.0, 
            60700.0, 
            62236.0, 
            60644.0, 
            60644.0, 
            59110.0, 
            58599.0, 
            58599.0, 
            59626.0, 
            59626.0, 
            61674.0, 
            61674.0, 
            61676.0, 
            63212.0, 
            60141.0, 
            60141.0, 
            64749.0, 
            58610.0
        ]
    },