{
    "image-00019.jpg": {
        "22.682358,120.306638": [
            [
                -0.42215877241066896
            ], 
            [
                -4.961228793089127
            ], 
            [
                0.09691755539064106
            ]
        ]
    }, 
    "image-00079.jpg": {
        "22.682470,120.306791": [
            [
                -34.78949916214948
            ], 
            [
                -43.08536394664731
            ], 
            [
                -28.68892227549623
            ]
        ]
    }, 
    "image-00046.jpg": {
        "22.682470,120.306791": [
            [
                -3.069645974078215
            ], 
            [
                -30.097974313933033
            ], 
            [
                -0.9818328408014962
            ]
        ]
    }, 
    "image-00036.jpg": {
        "22.682414,120.306714": [
            [
                11.346435859744739
            ], 
            [
                -97.97096042572637
            ], 
            [
                15.213013551525634
            ]
        ]
    }, 
    "image-00054.jpg": {
        "22.682494,120.306832": [
            [
                13.695751763822688
            ], 
            [
                -23.096115549216165
            ], 
            [
                -2.0954113855036542
            ]
        ]
    }, 
    "image-00005.jpg": {
        "22.682245,120.306485": [
            [
                25.68168861862819
            ], 
            [
                30.19081757854673
            ], 
            [
                -3.5186831060429715
            ]
        ]
    }, 
    "image-00117.jpg": {
        "22.682414,120.306714": [
            [
                0.2979009622473254
            ], 
            [
                -4.026501329238113
            ], 
            [
                -0.06558579065189518
            ]
        ]
    }, 
    "image-00120.jpg": {
        "22.682358,120.306638": [
            [
                -0.32738829183949947
            ], 
            [
                0.4142874222205377
            ], 
            [
                0.02015643560508963
            ]
        ]
    }
}