{
    "image-00085.jpg": {
        "24.987397,121.535850": [
            [
                3.9621506663073287
            ], 
            [
                -0.41760852520773084
            ], 
            [
                -4.350875237750326
            ]
        ]
    }, 
    "image-00087.jpg": {
        "24.987397,121.536153": [
            [
                -489.6630424580284
            ], 
            [
                585.8978943179028
            ], 
            [
                -1505.3274801104883
            ]
        ]
    }, 
    "image-00125.jpg": {
        "24.987234,121.536364": [
            [
                2.1620775110387234
            ], 
            [
                55.37637327227999
            ], 
            [
                -0.24462056204352622
            ]
        ]
    }, 
    "image-00083.jpg": {
        "24.987466,121.535941": [
            [
                1.530678856093747
            ], 
            [
                33.33228901198369
            ], 
            [
                3.50123742594993
            ]
        ]
    }, 
    "image-00123.jpg": {
        "24.987349,121.536297": [
            [
                -7.48569718939209
            ], 
            [
                48.281972161884546
            ], 
            [
                -0.1805644482749753
            ]
        ]
    }, 
    "image-00088.jpg": {
        "24.987371,121.535934": [
            [
                5.20030139672102
            ], 
            [
                25.422276474336936
            ], 
            [
                3.5392624355918283
            ]
        ]
    }, 
    "image-00124.jpg": {
        "24.987367,121.536245": [
            [
                -6.443792314049923
            ], 
            [
                45.22645342338084
            ], 
            [
                -0.9192356960216808
            ]
        ]
    }, 
    "image-00117.jpg": {
        "24.987272,121.536252": [
            [
                1.6587343521189108
            ], 
            [
                47.16787979881144
            ], 
            [
                -0.3544309174530955
            ]
        ]
    }
}