{
    "image-00048.jpg": {
        "25.021300,121.303397": [
            [
                -1.411461069536918
            ], 
            [
                -5.06248386365194
            ], 
            [
                -0.047847312846385937
            ]
        ]
    }, 
    "image-00020.jpg": {
        "25.021464,121.303324": [
            [
                -0.5896856536202506
            ], 
            [
                -17.825907372185675
            ], 
            [
                -0.29090090920476286
            ]
        ]
    }, 
    "image-00059.jpg": {
        "25.021218,121.303433": [
            [
                -0.5809916691383328
            ], 
            [
                10.160427901519931
            ], 
            [
                -0.15822337018394583
            ]
        ]
    }, 
    "image-00118.jpg": {
        "25.020562,121.303723": [
            [
                -1.7808302526779798
            ], 
            [
                80.41995357999315
            ], 
            [
                1.2785652083492218
            ]
        ]
    }, 
    "image-00114.jpg": {
        "25.020659,121.303680": [
            [
                2.386777820744296
            ], 
            [
                80.9546546865719
            ], 
            [
                -0.5464190674308087
            ]
        ]
    }, 
    "image-00074.jpg": {
        "25.021059,121.303503": [
            [
                -0.7998286849127432
            ], 
            [
                24.92801106409628
            ], 
            [
                -0.40322102868237786
            ]
        ]
    }, 
    "image-00056.jpg": {
        "25.021138,121.303468": [
            [
                -3.7138429351121967
            ], 
            [
                2.9779084610543722
            ], 
            [
                0.57536119353762
            ]
        ]
    }, 
    "image-00102.jpg": {
        "25.020775,121.303628": [
            [
                0.7481502259883541
            ], 
            [
                61.468447836588645
            ], 
            [
                -0.1872751752317532
            ]
        ]
    }, 
    "image-00088.jpg": {
        "25.020957,121.303548": [
            [
                -0.13928183774090108
            ], 
            [
                39.75779715473548
            ], 
            [
                -0.07531381510714286
            ]
        ]
    }, 
    "image-00037.jpg": {
        "25.021381,121.303361": [
            [
                -1.9192193234225066
            ], 
            [
                -20.353690434410403
            ], 
            [
                1.894590473705481
            ]
        ]
    }, 
    "image-00100.jpg": {
        "25.020865,121.303589": [
            [
                1.6331061446352493
            ], 
            [
                56.61831275040046
            ], 
            [
                -0.7970871646434843
            ]
        ]
    }
}