{
    "image-00007.jpg": {
        "22.655073,120.292263": [
            [
                22.26632398842333
            ], 
            [
                66.6864233418669
            ], 
            [
                14.548348593965745
            ]
        ]
    }, 
    "image-00022.jpg": {
        "22.655682,120.292289": [
            [
                -8316.091414122375
            ], 
            [
                22384.880580244673
            ], 
            [
                16533.706652757
            ]
        ]
    }, 
    "image-00006.jpg": {
        "22.655172,120.292267": [
            [
                23.0653155535477
            ], 
            [
                51.351449566046895
            ], 
            [
                11.36693613537973
            ]
        ]
    }, 
    "image-00020.jpg": {
        "22.655574,120.292284": [
            [
                22.045712186315328
            ], 
            [
                104.81698815562264
            ], 
            [
                6.058997497531216
            ]
        ]
    }, 
    "image-00069.jpg": {
        "22.657059,120.292364": [
            [
                3.360081051347656
            ], 
            [
                227.48270182306848
            ], 
            [
                1.535092763897099
            ]
        ]
    }, 
    "image-00072.jpg": {
        "22.657154,120.292368": [
            [
                -0.9811450319467214
            ], 
            [
                233.03028341128584
            ], 
            [
                0.5649163193722551
            ]
        ]
    }, 
    "image-00081.jpg": {
        "22.657390,120.292378": [
            [
                -1.3716142376041045
            ], 
            [
                260.5780117480334
            ], 
            [
                0.1402264447724223
            ]
        ]
    }, 
    "image-00075.jpg": {
        "22.657249,120.292372": [
            [
                3.2756003834762915
            ], 
            [
                245.63533175455234
            ], 
            [
                1.838114918476979
            ]
        ]
    }, 
    "image-00119.jpg": {
        "22.658160,120.292407": [
            [
                -3.3575672068327194
            ], 
            [
                350.45966215471157
            ], 
            [
                -1.0922280751063873
            ]
        ]
    }, 
    "image-00066.jpg": {
        "22.656961,120.292359": [
            [
                1.7022078274926837
            ], 
            [
                215.53638726612795
            ], 
            [
                0.2712828370997915
            ]
        ]
    }, 
    "image-00030.jpg": {
        "22.655900,120.292300": [
            [
                -770986.8211274749
            ], 
            [
                237099.43691966473
            ], 
            [
                -439256.0122651119
            ]
        ]
    }, 
    "image-00064.jpg": {
        "22.656913,120.292357": [
            [
                -28.095803843321804
            ], 
            [
                261.38446103179297
            ], 
            [
                -3.1665657127208107
            ]
        ]
    }, 
    "image-00062.jpg": {
        "22.656814,120.292352": [
            [
                1.351583120020619
            ], 
            [
                201.85275284687236
            ], 
            [
                1.1173120648103527
            ]
        ]
    }, 
    "image-00017.jpg": {
        "22.655541,120.292282": [
            [
                23.04985079705044
            ], 
            [
                108.85617188300151
            ], 
            [
                9.92012170865286
            ]
        ]
    }, 
    "image-00014.jpg": {
        "22.655361,120.292275": [
            [
                -6.246756214844801
            ], 
            [
                29.974664057872197
            ], 
            [
                12.025302047937759
            ]
        ]
    }, 
    "image-00025.jpg": {
        "22.655790,120.292294": [
            [
                -0.6186368175543935
            ], 
            [
                81.5466817850468
            ], 
            [
                -0.09406195187798377
            ]
        ]
    }
}