{
    "image-00101.jpg": {
        "25.139238,121.501542": [
            60624.0, 
            60625.0, 
            61137.0, 
            61138.0, 
            65748.0, 
            58581.0, 
            53975.0, 
            66264.0, 
            68313.0, 
            71897.0, 
            74459.0, 
            74463.0, 
            70881.0, 
            74465.0, 
            76513.0, 
            61670.0, 
            65255.0, 
            66280.0, 
            55529.0, 
            53485.0, 
            53997.0, 
            56045.0, 
            57070.0, 
            56048.0, 
            58096.0, 
            56560.0, 
            57584.0, 
            58097.0, 
            59633.0, 
            53490.0, 
            77556.0, 
            78580.0, 
            58101.0, 
            73462.0, 
            76022.0, 
            77558.0, 
            78070.0, 
            77559.0, 
            73465.0, 
            55034.0, 
            54523.0, 
            67324.0, 
            72957.0, 
            61184.0, 
            70912.0, 
            52993.0, 
            59138.0, 
            59656.0, 
            62224.0, 
            70931.0, 
            75027.0, 
            63252.0, 
            71444.0, 
            71445.0, 
            64793.0, 
            60187.0, 
            65819.0, 
            65823.0, 
            67871.0, 
            60194.0, 
            53026.0, 
            54053.0, 
            63784.0, 
            69929.0, 
            53037.0, 
            61741.0, 
            71981.0, 
            73005.0, 
            53038.0, 
            62254.0, 
            58671.0, 
            77616.0
        ]
    }, 
    "image-00111.jpg": {
        "25.139238,121.501542": [
            60367.0, 
            62927.0, 
            66511.0, 
            67023.0, 
            67537.0, 
            66514.0, 
            67538.0, 
            59859.0, 
            60371.0, 
            67027.0, 
            67539.0, 
            59348.0, 
            67540.0, 
            59349.0, 
            67029.0, 
            67541.0, 
            66005.0, 
            67029.0, 
            67541.0, 
            67030.0, 
            67031.0, 
            61912.0, 
            67032.0, 
            59864.0, 
            60888.0, 
            64472.0, 
            66008.0, 
            66520.0, 
            67032.0, 
            60889.0, 
            65497.0, 
            66009.0, 
            67033.0, 
            64475.0, 
            64987.0, 
            61916.0, 
            61405.0, 
            58846.0, 
            58847.0, 
            60383.0, 
            61408.0, 
            63456.0, 
            62437.0, 
            70118.0, 
            59879.0, 
            63465.0, 
            64490.0, 
            55788.0, 
            55278.0, 
            58862.0, 
            70127.0, 
            66547.0, 
            70132.0, 
            53238.0, 
            58358.0, 
            53752.0, 
            55800.0, 
            53753.0, 
            53754.0, 
            53754.0, 
            63995.0, 
            54269.0, 
            64509.0, 
            65021.0, 
            55296.0, 
            60419.0, 
            60420.0, 
            74756.0, 
            54277.0, 
            54277.0, 
            58375.0, 
            58887.0, 
            60426.0, 
            52752.0, 
            70672.0, 
            75794.0, 
            71192.0, 
            69657.0, 
            69146.0, 
            74779.0, 
            74780.0, 
            68642.0, 
            69154.0, 
            76323.0, 
            76836.0, 
            76837.0, 
            77866.0, 
            67116.0, 
            75309.0
        ]
    }, 
    "image-00070.jpg": {
        "25.139163,121.501621": [
            73167.0, 
            63959.0, 
            77786.0, 
            77791.0, 
            53217.0, 
            77281.0, 
            54242.0, 
            68583.0, 
            54760.0, 
            71144.0, 
            77288.0, 
            78313.0, 
            76266.0, 
            77802.0, 
            55275.0, 
            74731.0, 
            77292.0, 
            59372.0, 
            59884.0, 
            78828.0, 
            53744.0, 
            69617.0, 
            55795.0, 
            53235.0, 
            54771.0, 
            68087.0, 
            65017.0, 
            71161.0, 
            58874.0, 
            77306.0, 
            58875.0, 
            68093.0, 
            61438.0, 
            57855.0, 
            58367.0, 
            58367.0, 
            61439.0, 
            75775.0, 
            61952.0, 
            58368.0, 
            54273.0, 
            57858.0, 
            61954.0, 
            61955.0, 
            67075.0, 
            52740.0, 
            61956.0, 
            56836.0, 
            57863.0, 
            54280.0, 
            58376.0, 
            73738.0, 
            52747.0, 
            75278.0, 
            77326.0, 
            56334.0, 
            75278.0, 
            75279.0, 
            77328.0, 
            75281.0, 
            75793.0, 
            75281.0, 
            76305.0, 
            73234.0, 
            75282.0, 
            55315.0, 
            76819.0, 
            77331.0, 
            76308.0, 
            71700.0, 
            77332.0, 
            77844.0, 
            76821.0, 
            78358.0, 
            57880.0, 
            76312.0, 
            75800.0, 
            77338.0, 
            52763.0, 
            61980.0, 
            71196.0, 
            62495.0, 
            66080.0, 
            54305.0, 
            61985.0, 
            63010.0, 
            59426.0, 
            63010.0, 
            67106.0, 
            58403.0, 
            60963.0, 
            61987.0, 
            77859.0, 
            62500.0, 
            70693.0, 
            74277.0, 
            75815.0, 
            77351.0, 
            61992.0, 
            65576.0, 
            53289.0, 
            56873.0, 
            76843.0, 
            64556.0, 
            57901.0, 
            63022.0, 
            58929.0
        ]
    }, 
    "image-00098.jpg": {
        "25.139163,121.501621": [
            54479.0, 
            67282.0, 
            72403.0, 
            69333.0, 
            72917.0, 
            58582.0, 
            66263.0, 
            66264.0, 
            67288.0, 
            74969.0, 
            63707.0, 
            64219.0, 
            64731.0, 
            75483.0, 
            53980.0, 
            75484.0, 
            63708.0, 
            64220.0, 
            66780.0, 
            75484.0, 
            75485.0, 
            56543.0, 
            75999.0, 
            57056.0, 
            67296.0, 
            54497.0, 
            69858.0, 
            60642.0, 
            54499.0, 
            57060.0, 
            68836.0, 
            56553.0, 
            56043.0, 
            72428.0, 
            56045.0, 
            72941.0, 
            67311.0, 
            54512.0, 
            58608.0, 
            77556.0, 
            72437.0, 
            52982.0, 
            54006.0, 
            71414.0, 
            76534.0, 
            75000.0, 
            65273.0, 
            72442.0, 
            59135.0, 
            60671.0, 
            58112.0, 
            71936.0, 
            59136.0, 
            57089.0, 
            58116.0, 
            62212.0, 
            72964.0, 
            72964.0, 
            72965.0, 
            52998.0, 
            72966.0, 
            72967.0, 
            62217.0, 
            70924.0, 
            77072.0, 
            77585.0, 
            77073.0, 
            77585.0, 
            64788.0, 
            76564.0, 
            68888.0, 
            55068.0, 
            60700.0, 
            60701.0, 
            65310.0, 
            65829.0, 
            60712.0, 
            60712.0
        ]
    },