{
    "image-00090.jpg": {
        "25.010792,121.389491": [
            [
                -2.233193037667735
            ], 
            [
                0.5906086856021922
            ], 
            [
                0.024022216271101092
            ]
        ]
    }, 
    "image-00036.jpg": {
        "25.009686,121.389221": [
            [
                -7.623448249982836
            ], 
            [
                124.97705853096485
            ], 
            [
                -0.8104263889599927
            ]
        ]
    }, 
    "image-00089.jpg": {
        "25.010880,121.389513": [
            [
                17.39322793201689
            ], 
            [
                -214.21266782979376
            ], 
            [
                12.85755086374252
            ]
        ]
    }, 
    "image-00050.jpg": {
        "25.009850,121.389300": [
            [
                -5.525754840525327
            ], 
            [
                72.43305525944598
            ], 
            [
                -1.9043371919091694
            ]
        ]
    }, 
    "image-00054.jpg": {
        "25.010031,121.389293": [
            [
                -6.85662115709116
            ], 
            [
                85.41378624571692
            ], 
            [
                -0.06822297036883285
            ]
        ]
    }, 
    "image-00088.jpg": {
        "25.010705,121.389470": [
            [
                -1.8469767669495198
            ], 
            [
                9.646982574917912
            ], 
            [
                0.31787616508423966
            ]
        ]
    }, 
    "image-00108.jpg": {
        "25.011223,121.389597": [
            [
                -47.02811537347463
            ], 
            [
                -96.08386275447319
            ], 
            [
                255.38669610099817
            ]
        ]
    }, 
    "image-00051.jpg": {
        "25.010061,121.389303": [
            [
                -12.54555038696237
            ], 
            [
                92.65488667679496
            ], 
            [
                0.3458375252900625
            ]
        ]
    }
}