{
    "image-00080.jpg": {
        "24.799796,120.990977": [
            [
                -1.733728740289002
            ], 
            [
                -8.861053755104301
            ], 
            [
                0.2623423328162368
            ]
        ]
    }, 
    "image-00103.jpg": {
        "24.799917,120.991062": [
            [
                23.105272283180348
            ], 
            [
                -22.838990168002837
            ], 
            [
                4.672192929292599
            ]
        ]
    }, 
    "image-00066.jpg": {
        "24.799876,120.990817": [
            [
                -29.990373285377864
            ], 
            [
                -40.432852825092496
            ], 
            [
                1.317728267383412
            ]
        ]
    }, 
    "image-00086.jpg": {
        "24.799849,120.991015": [
            [
                5.770078274515416
            ], 
            [
                -10.15696991396267
            ], 
            [
                -7.6469672919349945
            ]
        ]
    }, 
    "image-00010.jpg": {
        "24.799972,120.990501": [
            [
                29.13475640952332
            ], 
            [
                39.038896012516595
            ], 
            [
                -1.0011874379795307
            ]
        ]
    }
}