{
    "image-00124.jpg": {
        "25.059697,121.209820": [
            [
                -0.4619517651855679
            ], 
            [
                2.6766813176196824
            ], 
            [
                -0.7609232445974885
            ]
        ]
    }, 
    "image-00094.jpg": {
        "25.059845,121.209317": [
            [
                -4.7578044807766755
            ], 
            [
                -52.02932862206277
            ], 
            [
                -0.17613489623746492
            ]
        ]
    }, 
    "image-00112.jpg": {
        "25.059787,121.209514": [
            [
                -1.934743726218187
            ], 
            [
                -21.993524465021615
            ], 
            [
                -0.37445292103125327
            ]
        ]
    }, 
    "image-00114.jpg": {
        "25.059757,121.209618": [
            [
                13.621765657658782
            ], 
            [
                -18.52935538885898
            ], 
            [
                -1.8689770531352843
            ]
        ]
    }, 
    "image-00086.jpg": {
        "25.059979,121.209184": [
            [
                -12.604794058355544
            ], 
            [
                -66.69784096802948
            ], 
            [
                -0.14528773940566175
            ]
        ]
    }, 
    "image-00098.jpg": {
        "25.059925,121.209370": [
            [
                -12.591665812057636
            ], 
            [
                -48.5514618012065
            ], 
            [
                4.028125728370388
            ]
        ]
    }, 
    "image-00093.jpg": {
        "25.059952,121.209276": [
            [
                -8.862802427441098
            ], 
            [
                -54.41729745380551
            ], 
            [
                -1.2655001512554636
            ]
        ]
    }, 
    "image-00071.jpg": {
        "25.060061,121.208900": [
            [
                6.314061491238467
            ], 
            [
                -63.77589673580523
            ], 
            [
                -0.514976494168252
            ]
        ]
    }, 
    "image-00102.jpg": {
        "25.059807,121.209448": [
            [
                -6.39549238726306
            ], 
            [
                -41.44518681041245
            ], 
            [
                -0.1725037687195492
            ]
        ]
    }, 
    "image-00076.jpg": {
        "25.060006,121.209090": [
            [
                -13.259659537528924
            ], 
            [
                -79.06660567824858
            ], 
            [
                0.20954494006530489
            ]
        ]
    }, 
    "image-00117.jpg": {
        "25.059726,121.209721": [
            [
                -0.09342197935704455
            ], 
            [
                -9.448896854202633
            ], 
            [
                0.13366813495333862
            ]
        ]
    }
}