{
    "image-00125.jpg": {
        "25.131692,121.458459": [
            [
                10.427677569527823
            ], 
            [
                37.46892182007132
            ], 
            [
                -0.9749828568846439
            ]
        ]
    }, 
    "image-00116.jpg": {
        "25.131444,121.458444": [
            [
                2.2255333903374135
            ], 
            [
                -18.8766038001764
            ], 
            [
                -1.7392000616897432
            ]
        ]
    }, 
    "image-00011.jpg": {
        "25.129116,121.459805": [
            [
                156.66066277060176
            ], 
            [
                -269.1884918977005
            ], 
            [
                -0.29060951251332146
            ]
        ]
    }, 
    "image-00072.jpg": {
        "25.130358,121.458888": [
            [
                56.78051142030694
            ], 
            [
                -136.57858388694504
            ], 
            [
                0.1563476007249438
            ]
        ]
    }, 
    "image-00043.jpg": {
        "25.129705,121.459391": [
            [
                67.25157195333011
            ], 
            [
                -217.81788314419708
            ], 
            [
                41.50307328200488
            ]
        ]
    }, 
    "image-00118.jpg": {
        "25.131532,121.458440": [
            [
                -0.8544355374473367
            ], 
            [
                -8.63168841876281
            ], 
            [
                -0.476465756250818
            ]
        ]
    }, 
    "image-00075.jpg": {
        "25.130435,121.458837": [
            [
                50.1040170081732
            ], 
            [
                -128.44472493297295
            ], 
            [
                -0.3403065538715271
            ]
        ]
    }, 
    "image-00010.jpg": {
        "25.129292,121.459717": [
            [
                150.25739995245132
            ], 
            [
                -258.40229677031675
            ], 
            [
                0.18670089402845358
            ]
        ]
    }, 
    "image-00124.jpg": {
        "25.131612,121.458450": [
            [
                6.455311096607922
            ], 
            [
                40.30633334016402
            ], 
            [
                -0.5009132030472669
            ]
        ]
    }, 
    "image-00035.jpg": {
        "25.129580,121.459505": [
            [
                116.1427400799952
            ], 
            [
                -218.35257809047
            ], 
            [
                3.0679420781989872
            ]
        ]
    }, 
    "image-00107.jpg": {
        "25.131219,121.458468": [
            [
                4.924285358766171
            ], 
            [
                -45.08337985326184
            ], 
            [
                -0.28423301161465453
            ]
        ]
    }, 
    "image-00025.jpg": {
        "25.129367,121.459668": [
            [
                55.811571006044886
            ], 
            [
                -102.95175084953891
            ], 
            [
                3.1088703699322746
            ]
        ]
    }
}