{"image-00072.jpg":{"25.034325,121.575562":[25.034104322686133,121.57540778757857]},"image-00009.jpg":{"25.034382,121.575638":[25.034374467350826,121.57599903624563]},"image-00020.jpg":{"25.034498,121.575793":[25.03485818243004,121.57527210140857]},"image-00006.jpg":{"25.034584,121.575909":[25.034562037795514,121.57587611496632]}}