{
    "image-00072.jpg": {
        "25.034325,121.575562": [
            [
                9.620809346386222
            ], 
            [
                -27.403539505479156
            ], 
            [
                5.662636632177946
            ]
        ]
    }, 
    "image-00009.jpg": {
        "25.034382,121.575638": [
            [
                22.982123186397033
            ], 
            [
                37.957721912878206
            ], 
            [
                -1.4817116881369534
            ]
        ]
    }, 
    "image-00020.jpg": {
        "25.034498,121.575793": [
            [
                -64.62514970453635
            ], 
            [
                13.840286934141481
            ], 
            [
                -32.98471181984234
            ]
        ]
    }, 
    "image-00006.jpg": {
        "25.034584,121.575909": [
            [
                -1.060494690767392
            ], 
            [
                41.17155184318891
            ], 
            [
                -0.8100495844454194
            ]
        ]
    }
}