{
    "image-00072.jpg": {
        "25.034325,121.575562": [
            [
                -15.05502048998573
            ], 
            [
                -30.752492476830373
            ], 
            [
                3.4407011519448067
            ]
        ]
    }, 
    "image-00020.jpg": {
        "25.034498,121.575793": [
            [
                -67.61278522124348
            ], 
            [
                29.790778447054095
            ], 
            [
                -34.566788000283594
            ]
        ]
    }, 
    "image-00009.jpg": {
        "25.034382,121.575638": [
            [
                26.15718245878769
            ], 
            [
                50.156604407974946
            ], 
            [
                -2.913064019710202
            ]
        ]
    }, 
    "image-00006.jpg": {
        "25.034584,121.575909": [
            [
                -1.5254993140329542
            ], 
            [
                48.32817162516979
            ], 
            [
                -1.1381390670326184
            ]
        ]
    }
}