{
    "image-00084.jpg": {
        "25.033546,121.531140": [
            [
                0.9758228302892427
            ], 
            [
                0.799427983492599
            ], 
            [
                -0.028207806952799865
            ]
        ]
    }, 
    "image-00117.jpg": {
        "25.033532,121.531839": [
            [
                -1.1031465376154643
            ], 
            [
                68.11445569570122
            ], 
            [
                0.2192746735445903
            ]
        ]
    }, 
    "image-00008.jpg": {
        "25.033665,121.529639": [
            [
                4.891539060693258
            ], 
            [
                -132.79728519623674
            ], 
            [
                5.334482857174503
            ]
        ]
    }, 
    "image-00112.jpg": {
        "25.033533,121.531659": [
            [
                0.1415588065265081
            ], 
            [
                56.57231034265351
            ], 
            [
                -0.27717646157379755
            ]
        ]
    }, 
    "image-00056.jpg": {
        "25.033647,121.530495": [
            [
                -8.023758250020656
            ], 
            [
                -64.38048435514149
            ], 
            [
                0.13842042091299667
            ]
        ]
    }, 
    "image-00073.jpg": {
        "25.033643,121.530791": [
            [
                -9.744144749779743
            ], 
            [
                -32.135375209188645
            ], 
            [
                0.2982113361483063
            ]
        ]
    }, 
    "image-00049.jpg": {
        "25.033649,121.530395": [
            [
                -7.674106540561783
            ], 
            [
                -75.89921453352981
            ], 
            [
                0.1897653420938089
            ]
        ]
    }, 
    "image-00040.jpg": {
        "25.033659,121.530121": [
            [
                -3.8700188323204214
            ], 
            [
                -95.56031993306301
            ], 
            [
                -1.9971895062372527
            ]
        ]
    }, 
    "image-00107.jpg": {
        "25.033534,121.531567": [
            [
                0.6492843133452073
            ], 
            [
                48.117758115936276
            ], 
            [
                -0.22682321171640574
            ]
        ]
    }, 
    "image-00025.jpg": {
        "25.033634,121.529840": [
            [
                -3.456683883404599
            ], 
            [
                -127.23680177152549
            ], 
            [
                -1.8705812715055092
            ]
        ]
    }, 
    "image-00101.jpg": {
        "25.033537,121.531424": [
            [
                1.0661601598497503
            ], 
            [
                34.93427118197663
            ], 
            [
                -0.5884461930378906
            ]
        ]
    }, 
    "image-00096.jpg": {
        "25.033540,121.531329": [
            [
                1.8348842462711041
            ], 
            [
                24.53487814371281
            ], 
            [
                0.14733513001228626
            ]
        ]
    }, 
    "image-00024.jpg": {
        "25.033624,121.529898": [
            [
                -0.6907068506544114
            ], 
            [
                -124.81843081510225
            ], 
            [
                -1.3747565866119675
            ]
        ]
    }, 
    "image-00097.jpg": {
        "25.033642,121.530883": [
            [
                -10.81720726015831
            ], 
            [
                -24.14928255008732
            ], 
            [
                -0.11576044719642671
            ]
        ]
    }, 
    "image-00104.jpg": {
        "25.033535,121.531519": [
            [
                -0.4023804506433235
            ], 
            [
                40.43056184735749
            ], 
            [
                -0.10466670630317773
            ]
        ]
    }, 
    "image-00027.jpg": {
        "25.033673,121.530020": [
            [
                -9.334782318305333
            ], 
            [
                -117.65152286060503
            ], 
            [
                0.13207593593743683
            ]
        ]
    }, 
    "image-00078.jpg": {
        "25.033641,121.530972": [
            [
                -9.873742310077546
            ], 
            [
                -15.552124460456897
            ], 
            [
                -0.17098852128422098
            ]
        ]
    }, 
    "image-00059.jpg": {
        "25.033646,121.530594": [
            [
                -8.100425950398998
            ], 
            [
                -55.558555460245756
            ], 
            [
                -0.4585000469989065
            ]
        ]
    }, 
    "image-00090.jpg": {
        "25.033543,121.531235": [
            [
                0.9622433825161374
            ], 
            [
                11.762628806784265
            ], 
            [
                0.0012420465734668817
            ]
        ]
    }, 
    "image-00026.jpg": {
        "25.033648,121.529747": [
            [
                -4.719620518056161
            ], 
            [
                -129.70419775975864
            ], 
            [
                -0.9818415090495343
            ]
        ]
    }, 
    "image-00045.jpg": {
        "25.033652,121.530299": [
            [
                -7.6206398031588005
            ], 
            [
                -84.94596053062796
            ], 
            [
                0.6281277286392872
            ]
        ]
    }, 
    "image-00115.jpg": {
        "25.033532,121.531750": [
            [
                0.176901463872277
            ], 
            [
                64.42569838837848
            ], 
            [
                -0.20860319625952528
            ]
        ]
    }
}