{
    "image-00057.jpg": {
        "25.044908,121.549614": [
            [
                -1.0894425313221527
            ], 
            [
                2.8034620592392767
            ], 
            [
                -12.735159006713484
            ]
        ]
    }, 
    "image-00069.jpg": {
        "25.044980,121.549084": [
            [
                1.2353960105980102
            ], 
            [
                55.45032876816884
            ], 
            [
                -0.5004329636429885
            ]
        ]
    }, 
    "image-00090.jpg": {
        "25.045027,121.548514": [
            [
                0.2567816141473669
            ], 
            [
                117.39692720004716
            ], 
            [
                -0.07683836563870905
            ]
        ]
    }, 
    "image-00095.jpg": {
        "25.045065,121.548237": [
            [
                2.7704763651232405
            ], 
            [
                135.98424673173386
            ], 
            [
                -1.229799310674558
            ]
        ]
    }, 
    "image-00108.jpg": {
        "25.045100,121.548005": [
            [
                4.664051181385517
            ], 
            [
                170.23412860653863
            ], 
            [
                -0.4152767967791551
            ]
        ]
    }, 
    "image-00080.jpg": {
        "25.045009,121.548757": [
            [
                -9.188071832063681
            ], 
            [
                137.3136467373131
            ], 
            [
                -0.06885491039124503
            ]
        ]
    }, 
    "image-00062.jpg": {
        "25.044938,121.549418": [
            [
                -1.5679193343429096
            ], 
            [
                22.742636282943707
            ], 
            [
                0.5838751498672696
            ]
        ]
    }, 
    "image-00060.jpg": {
        "25.044966,121.549232": [
            [
                -0.16153727398044515
            ], 
            [
                33.09570738155249
            ], 
            [
                -0.2939409797572705
            ]
        ]
    }, 
    "image-00014.jpg": {
        "25.044746,121.550373": [
            [
                -2.043412468989125
            ], 
            [
                91.77458270515532
            ], 
            [
                15.006062771063785
            ]
        ]
    }, 
    "image-00040.jpg": {
        "25.044891,121.549764": [
            [
                -0.24841398907478096
            ], 
            [
                -13.232447764986118
            ], 
            [
                -0.5285066429486873
            ]
        ]
    }, 
    "image-00027.jpg": {
        "25.044781,121.550035": [
            [
                -10.05173738512591
            ], 
            [
                -43.2292778595272
            ], 
            [
                -0.27088600398881046
            ]
        ]
    }
}