{
    "image-00004.jpg": {
        "25.041180,121.564549": [
            [
                48.5531187201745
            ], 
            [
                56.5287946754665
            ], 
            [
                9.068589634527147
            ]
        ]
    }, 
    "image-00083.jpg": {
        "25.041569,121.564815": [
            [
                -8.886422110452012
            ], 
            [
                57.733428580321416
            ], 
            [
                -0.4575755641850878
            ]
        ]
    }, 
    "image-00109.jpg": {
        "25.041995,121.565071": [
            [
                -19.506337070842736
            ], 
            [
                154.7646412375096
            ], 
            [
                3.6773083880707347
            ]
        ]
    }, 
    "image-00011.jpg": {
        "25.041135,121.564513": [
            [
                -41.98714711032143
            ], 
            [
                46.758219094673095
            ], 
            [
                -23.00134623737011
            ]
        ]
    }, 
    "image-00097.jpg": {
        "25.041830,121.564972": [
            [
                -19.402835995092797
            ], 
            [
                115.8917411359125
            ], 
            [
                -0.3640296649268393
            ]
        ]
    }, 
    "image-00001.jpg": {
        "25.041039,121.564483": [
            [
                1.444811579284503
            ], 
            [
                -16.048865305941117
            ], 
            [
                1.8460329988895645
            ]
        ]
    }, 
    "image-00116.jpg": {
        "25.042073,121.565118": [
            [
                -20.388896269078124
            ], 
            [
                163.69401900819813
            ], 
            [
                0.9280089000985416
            ]
        ]
    }, 
    "image-00106.jpg": {
        "25.041916,121.565024": [
            [
                -15.640478411319616
            ], 
            [
                100.0722213736578
            ], 
            [
                -0.7916265288296045
            ]
        ]
    }, 
    "image-00016.jpg": {
        "25.041650,121.564865": [
            [
                -9.162966208623871
            ], 
            [
                61.31880304459718
            ], 
            [
                -0.8320424703584588
            ]
        ]
    }, 
    "image-00012.jpg": {
        "25.041278,121.564572": [
            [
                32.793627864335136
            ], 
            [
                48.30945338895775
            ], 
            [
                -2.604852371088225
            ]
        ]
    }, 
    "image-00003.jpg": {
        "25.041189,121.564550": [
            [
                2.076493404922944
            ], 
            [
                -3.674984337036432
            ], 
            [
                1.5523156001615215
            ]
        ]
    }
}