{"image-00085.jpg":{"24.749285,121.095805":[24.749277634374437,121.09581187153879]},"image-00015.jpg":{"24.748263,121.094374":[24.74823674252884,121.09435523413433]},"image-00020.jpg":{"24.748331,121.094470":[24.748329861586505,121.0944686790715]},"image-00090.jpg":{"24.749329,121.095866":[24.74934270002423,121.09587591105503]},"image-00121.jpg":{"24.749423,121.095997":[24.74940832510404,121.09599037301824]},"image-00072.jpg":{"24.749177,121.095656":[24.74915694401347,121.09564535301124]},"image-00063.jpg":{"24.749050,121.095479":[24.74901846548836,121.09544647936175]},"image-00076.jpg":{"24.749231,121.095731":[24.74921829062693,121.09572566165988]},"image-00034.jpg":{"24.748397,121.094564":[24.748396240645224,121.09456256284001]},"image-00029.jpg":{"24.748526,121.094747":[24.748516453904106,121.0947349216517]},"image-00043.jpg":{"24.748746,121.095051":[24.74871808883103,121.09501796794493]},"image-00071.jpg":{"24.749117,121.095572":[24.749117364163343,121.0955774025287]},"image-00050.jpg":{"24.748840,121.095184":[24.748817628798044,121.09516161928639]},"image-00049.jpg":{"24.748988,121.095393":[24.749432457954608,121.09572362395049]},"image-00053.jpg":{"24.748898,121.095265":[24.749071945316356,121.09546216444375]},"image-00038.jpg":{"24.748654,121.094924":[24.748635075980648,121.09488655921874]},"image-00010.jpg":{"24.748194,121.094276":[24.748168499613207,121.09424553590148]}}