{
    "image-00085.jpg": {
        "24.749285,121.095805": [
            [
                -1.072319067821803
            ], 
            [
                -0.049200716107107495
            ], 
            [
                -0.2149664396551019
            ]
        ]
    }, 
    "image-00015.jpg": {
        "24.748263,121.094374": [
            [
                -2.8759595231835595
            ], 
            [
                187.1127371559654
            ], 
            [
                0.10834270063345919
            ]
        ]
    }, 
    "image-00020.jpg": {
        "24.748331,121.094470": [
            [
                -1.6743929948443066
            ], 
            [
                171.71767483007184
            ], 
            [
                -0.4043841047432064
            ]
        ]
    }, 
    "image-00090.jpg": {
        "24.749329,121.095866": [
            [
                0.7066555593980408
            ], 
            [
                -9.588570978068915
            ], 
            [
                -0.5996576046353862
            ]
        ]
    }, 
    "image-00121.jpg": {
        "24.749423,121.095997": [
            [
                -0.5749810120266304
            ], 
            [
                -23.19760699170985
            ], 
            [
                0.045458980980463304
            ]
        ]
    }, 
    "image-00072.jpg": {
        "24.749177,121.095656": [
            [
                -1.4282024104296014
            ], 
            [
                21.46191713714749
            ], 
            [
                0.007165751914457008
            ]
        ]
    }, 
    "image-00063.jpg": {
        "24.749050,121.095479": [
            [
                -1.3546438436336978
            ], 
            [
                46.76817915742985
            ], 
            [
                0.3480239578169946
            ]
        ]
    }, 
    "image-00076.jpg": {
        "24.749231,121.095731": [
            [
                -0.9801102292969829
            ], 
            [
                10.874269377492611
            ], 
            [
                -0.17250723224226094
            ]
        ]
    }, 
    "image-00034.jpg": {
        "24.748397,121.094564": [
            [
                -1.620628341437412
            ], 
            [
                159.70276953434097
            ], 
            [
                -0.12719417902785501
            ]
        ]
    }, 
    "image-00029.jpg": {
        "24.748526,121.094747": [
            [
                -1.6671984821493537
            ], 
            [
                137.75698859985724
            ], 
            [
                -0.34323788066999006
            ]
        ]
    }, 
    "image-00043.jpg": {
        "24.748746,121.095051": [
            [
                -1.3718998295651146
            ], 
            [
                101.4311372436355
            ], 
            [
                0.5810224087579305
            ]
        ]
    }, 
    "image-00071.jpg": {
        "24.749117,121.095572": [
            [
                -0.7220451583981534
            ], 
            [
                29.583155096863422
            ], 
            [
                0.9174183067251038
            ]
        ]
    }, 
    "image-00050.jpg": {
        "24.748840,121.095184": [
            [
                -1.4679491798159963
            ], 
            [
                83.18480178924794
            ], 
            [
                -0.09705237916045562
            ]
        ]
    }, 
    "image-00049.jpg": {
        "24.748988,121.095393": [
            [
                18.00191823285046
            ], 
            [
                -3.507892184572045
            ], 
            [
                -1.7437246130253337
            ]
        ]
    }, 
    "image-00053.jpg": {
        "24.748898,121.095265": [
            [
                2.3865731582336878
            ], 
            [
                41.88197276552978
            ], 
            [
                2.198803767159312
            ]
        ]
    }, 
    "image-00038.jpg": {
        "24.748654,121.094924": [
            [
                -0.5757939885854668
            ], 
            [
                117.57613108822757
            ], 
            [
                0.280233651686264
            ]
        ]
    }, 
    "image-00010.jpg": {
        "24.748194,121.094276": [
            [
                -2.1183963275855873
            ], 
            [
                200.51873700211715
            ], 
            [
                0.10603930539172879
            ]
        ]
    }
}