{
    "image-00085.jpg": {
        "24.749285,121.095805": [
            [
                0.3515176364175633
            ], 
            [
                8.072870439957178
            ], 
            [
                -0.4352451147437478
            ]
        ]
    }, 
    "image-00015.jpg": {
        "24.748263,121.094374": [
            [
                -3.063347429969335
            ], 
            [
                195.4456230866575
            ], 
            [
                0.4909029535153291
            ]
        ]
    }, 
    "image-00020.jpg": {
        "24.748331,121.094470": [
            [
                -1.1007782118128802
            ], 
            [
                177.97369676226333
            ], 
            [
                0.04557858411084226
            ]
        ]
    }, 
    "image-00090.jpg": {
        "24.749329,121.095866": [
            [
                -0.5086274529143027
            ], 
            [
                -5.076969343427699
            ], 
            [
                -0.7369007061213686
            ]
        ]
    }, 
    "image-00121.jpg": {
        "24.749423,121.095997": [
            [
                0.8168730469951272
            ], 
            [
                -31.81823771746154
            ], 
            [
                -2.223020406511714
            ]
        ]
    }, 
    "image-00072.jpg": {
        "24.749177,121.095656": [
            [
                -3.303262215509559
            ], 
            [
                28.727750145907894
            ], 
            [
                0.632290855574235
            ]
        ]
    }, 
    "image-00063.jpg": {
        "24.749050,121.095479": [
            [
                -3.2872042351282884
            ], 
            [
                63.10111603235749
            ], 
            [
                0.9809856955704515
            ]
        ]
    }, 
    "image-00043.jpg": {
        "24.748746,121.095051": [
            [
                -1.3636598402349063
            ], 
            [
                114.56086078998545
            ], 
            [
                1.43017857458248
            ]
        ]
    }, 
    "image-00076.jpg": {
        "24.749231,121.095731": [
            [
                -2.7058325454134264
            ], 
            [
                16.53234162923943
            ], 
            [
                0.2613686231039686
            ]
        ]
    }, 
    "image-00034.jpg": {
        "24.748397,121.094564": [
            [
                -2.5986446641731185
            ], 
            [
                165.39086004257382
            ], 
            [
                0.25904089695207944
            ]
        ]
    }, 
    "image-00029.jpg": {
        "24.748526,121.094747": [
            [
                -0.3900837016405889
            ], 
            [
                146.52178881594486
            ], 
            [
                0.5191852497191327
            ]
        ]
    }, 
    "image-00071.jpg": {
        "24.749117,121.095572": [
            [
                -3.1716660328344473
            ], 
            [
                41.60347747876649
            ], 
            [
                1.6223391374547491
            ]
        ]
    }, 
    "image-00050.jpg": {
        "24.748840,121.095184": [
            [
                -2.1218137885485677
            ], 
            [
                91.82668145872599
            ], 
            [
                0.25627149485458256
            ]
        ]
    }, 
    "image-00049.jpg": {
        "24.748988,121.095393": [
            [
                17.459069013245067
            ], 
            [
                6.602157966282396
            ], 
            [
                -1.8757707687967222
            ]
        ]
    }, 
    "image-00053.jpg": {
        "24.748898,121.095265": [
            [
                -1.0499477682908651
            ], 
            [
                81.9815869856055
            ], 
            [
                0.1848220770140001
            ]
        ]
    }, 
    "image-00038.jpg": {
        "24.748654,121.094924": [
            [
                0.20781387071448343
            ], 
            [
                128.14106655464124
            ], 
            [
                0.773622276375658
            ]
        ]
    }, 
    "image-00010.jpg": {
        "24.748194,121.094276": [
            [
                -2.4205338480583474
            ], 
            [
                209.44410498985954
            ], 
            [
                0.3896467775446588
            ]
        ]
    }
}