{
    "image-00112.jpg": {
        "25.139163,121.501621": [
            [
                7.721328628406431
            ], 
            [
                -25.80387803591757
            ], 
            [
                0.21298205150123373
            ]
        ]
    }, 
    "image-00117.jpg": {
        "25.139238,121.501542": [
            [
                -7738334.441278965
            ], 
            [
                4013694.52095771
            ], 
            [
                6689346.448259096
            ]
        ]
    }, 
    "image-00125.jpg": {
        "25.139245,121.501490": [
            [
                -20803.035960390625
            ], 
            [
                -34730.609255014
            ], 
            [
                64515.922074445974
            ]
        ]
    }
}