{
    "image-00101.jpg": {
        "25.057599,121.442527": [
            [
                -0.7560108245404555
            ], 
            [
                1.6569696224362396
            ], 
            [
                0.19133906825790747
            ]
        ]
    }, 
    "image-00004.jpg": {
        "25.056524,121.442504": [
            [
                10.206326603530641
            ], 
            [
                -118.20463592318954
            ], 
            [
                -0.5376777326900077
            ]
        ]
    }, 
    "image-00109.jpg": {
        "25.057906,121.442515": [
            [
                -2.5808848772728097
            ], 
            [
                32.46731005828849
            ], 
            [
                -0.3487015874455226
            ]
        ]
    }, 
    "image-00095.jpg": {
        "25.057504,121.442530": [
            [
                0.12977480280987017
            ], 
            [
                -10.00052473346469
            ], 
            [
                -0.770686564039785
            ]
        ]
    }, 
    "image-00104.jpg": {
        "25.057707,121.442523": [
            [
                -1.997005279891068
            ], 
            [
                12.427241561987309
            ], 
            [
                -0.3540011958368441
            ]
        ]
    }, 
    "image-00107.jpg": {
        "25.057806,121.442520": [
            [
                -2.1852267850696285
            ], 
            [
                22.54124925739584
            ], 
            [
                -0.38339718876171736
            ]
        ]
    }, 
    "image-00088.jpg": {
        "25.057459,121.442530": [
            [
                1.0235795946968402
            ], 
            [
                -18.835929559957783
            ], 
            [
                -0.7293379371801104
            ]
        ]
    }, 
    "image-00051.jpg": {
        "25.056722,121.442515": [
            [
                0.9479099090039687
            ], 
            [
                -96.35356499986341
            ], 
            [
                -1.6051779331297737
            ]
        ]
    }
}