{
    "image-00007.jpg": {
        "23.023544,120.217445": [
            [
                -36.98779341255083
            ], 
            [
                167.29273625761607
            ], 
            [
                3.85188237082372
            ]
        ]
    }, 
    "image-00112.jpg": {
        "23.023566,120.217580": [
            [
                -2.281461983029241
            ], 
            [
                12.802547604050217
            ], 
            [
                -0.15447843500431335
            ]
        ]
    }, 
    "image-00076.jpg": {
        "23.023583,120.217686": [
            [
                -1.4034847481844197
            ], 
            [
                20.15751221331253
            ], 
            [
                0.4232431863748154
            ]
        ]
    }
}