{
    "image-00096.jpg": {
        "24.950454,121.212749": [
            [
                -10.159848770639034
            ], 
            [
                -114.43027339026658
            ], 
            [
                -6.42972990226176
            ]
        ]
    }, 
    "image-00053.jpg": {
        "24.950396,121.212833": [
            [
                5.602377106764152
            ], 
            [
                -27.90055427918218
            ], 
            [
                0.6083945609706654
            ]
        ]
    }
}