{"image-00044.jpg":{"24.139683,120.668374":[24.140054110627453,120.66899097174782]},"image-00004.jpg":{"24.139111,120.669007":[24.13935137159615,120.66890768192454]},"image-00006.jpg":{"24.139389,120.668694":[24.13936419419777,120.66870173712364]},"image-00011.jpg":{"24.139237,120.668866":[24.139245054882636,120.66885546573434]},"image-00065.jpg":{"24.140064,120.667942":[24.140316918836483,120.66785016310257]},"image-00063.jpg":{"24.140001,120.668013":[24.140115975474462,120.66795213430183]},"image-00068.jpg":{"24.140126,120.667871":[24.14013760113678,120.6678494268819]},"image-00045.jpg":{"24.139715,120.668340":[24.13978043952012,120.66830502654899]},"image-00005.jpg":{"24.139361,120.668725":[24.139353280630814,120.66875623900226]}}