{
    "image-00044.jpg": {
        "24.139683,120.668374": [
            [
                -73.29386508649827
            ], 
            [
                15.809965516074087
            ], 
            [
                -142.47452427875436
            ]
        ]
    }, 
    "image-00004.jpg": {
        "24.139111,120.669007": [
            [
                -11.583955558512784
            ], 
            [
                64.48400816947526
            ], 
            [
                -2.4632658015774584
            ]
        ]
    }, 
    "image-00006.jpg": {
        "24.139389,120.668694": [
            [
                2.028765162908276
            ], 
            [
                48.56445741025525
            ], 
            [
                -5.128937357884953
            ]
        ]
    }, 
    "image-00011.jpg": {
        "24.139237,120.668866": [
            [
                0.5666944641136418
            ], 
            [
                68.97757750283508
            ], 
            [
                -0.09111561898764542
            ]
        ]
    }, 
    "image-00065.jpg": {
        "24.140064,120.667942": [
            [
                -13.116530366540584
            ], 
            [
                -87.3037979493815
            ], 
            [
                -1.4339828459629658
            ]
        ]
    }, 
    "image-00063.jpg": {
        "24.140001,120.668013": [
            [
                -4.4065457450743555
            ], 
            [
                -64.27235323409874
            ], 
            [
                -2.3241030792838835
            ]
        ]
    }, 
    "image-00068.jpg": {
        "24.140126,120.667871": [
            [
                1.1729310902155685
            ], 
            [
                -73.39729190150022
            ], 
            [
                -7.249381154715973
            ]
        ]
    }, 
    "image-00045.jpg": {
        "24.139715,120.668340": [
            [
                -2.8363121238442295
            ], 
            [
                -12.582968855655071
            ], 
            [
                0.6539029974376598
            ]
        ]
    }, 
    "image-00005.jpg": {
        "24.139361,120.668725": [
            [
                -0.9766760460677837
            ], 
            [
                53.36289162295537
            ], 
            [
                -5.547750574882041
            ]
        ]
    }
}