{
    "image-00044.jpg": {
        "24.139683,120.668374": [
            [
                -45.724455082034005
            ], 
            [
                -203.6788259111219
            ], 
            [
                -28.965061645433927
            ]
        ]
    }, 
    "image-00004.jpg": {
        "24.139111,120.669007": [
            [
                -5.395300921488225
            ], 
            [
                74.95927325529213
            ], 
            [
                -1.8978118832950663
            ]
        ]
    }, 
    "image-00006.jpg": {
        "24.139389,120.668694": [
            [
                -7.272682780682745
            ], 
            [
                88.12207798454085
            ], 
            [
                34.933947876736795
            ]
        ]
    }, 
    "image-00011.jpg": {
        "24.139237,120.668866": [
            [
                1.5978811586899795
            ], 
            [
                75.02842374058488
            ], 
            [
                0.666178168886252
            ]
        ]
    }, 
    "image-00065.jpg": {
        "24.140064,120.667942": [
            [
                -15.097018340167285
            ], 
            [
                -99.18266765136916
            ], 
            [
                1.1185552171092432
            ]
        ]
    }, 
    "image-00063.jpg": {
        "24.140001,120.668013": [
            [
                -16.251276885290032
            ], 
            [
                -90.99797330614948
            ], 
            [
                2.726833964866855
            ]
        ]
    }, 
    "image-00068.jpg": {
        "24.140126,120.667871": [
            [
                1.5649116469925115
            ], 
            [
                -70.80875142162458
            ], 
            [
                -8.13641586577696
            ]
        ]
    }, 
    "image-00045.jpg": {
        "24.139715,120.668340": [
            [
                -15.414621271580856
            ], 
            [
                -29.595880009507304
            ], 
            [
                -1.0740321822124317
            ]
        ]
    }, 
    "image-00005.jpg": {
        "24.139361,120.668725": [
            [
                -1.0646372657292673
            ], 
            [
                50.95325734075182
            ], 
            [
                -7.231156654832844
            ]
        ]
    }
}