{
    "image-00078.jpg": {
        "24.913854,121.177870": [
            [
                -31.73495203837524
            ], 
            [
                -65.21612330735907
            ], 
            [
                -0.24455860882966773
            ]
        ]
    }, 
    "image-00074.jpg": {
        "24.913721,121.177690": [
            [
                -3.144757014748277
            ], 
            [
                23.765247708441485
            ], 
            [
                -4.801782080285154
            ]
        ]
    }, 
    "image-00076.jpg": {
        "24.913789,121.177782": [
            [
                -50.46668246818771
            ], 
            [
                -66.11710149618496
            ], 
            [
                -5.139792941379742
            ]
        ]
    }, 
    "image-00047.jpg": {
        "24.913328,121.177316": [
            [
                -12.910861171858802
            ], 
            [
                76.16137581347813
            ], 
            [
                -0.13346209663825892
            ]
        ]
    }, 
    "image-00060.jpg": {
        "24.913563,121.177477": [
            [
                -5.128927179156294
            ], 
            [
                42.905655957381185
            ], 
            [
                -1.2749851717309473
            ]
        ]
    }, 
    "image-00035.jpg": {
        "24.913157,121.177077": [
            [
                -13.094373888331909
            ], 
            [
                106.4131612287489
            ], 
            [
                -2.0201472032026864
            ]
        ]
    }
}