{
    "image-00057.jpg": {
        "25.060828,121.646314": [
            [
                -6.092933289611186
            ], 
            [
                -4.617630132170167
            ], 
            [
                -5.1479032839913
            ]
        ]
    }, 
    "image-00021.jpg": {
        "25.060953,121.646687": [
            [
                12.971635287711376
            ], 
            [
                -56.98938184091518
            ], 
            [
                1.908336501869647
            ]
        ]
    }, 
    "image-00048.jpg": {
        "25.060900,121.646528": [
            [
                -4.42726930805845
            ], 
            [
                -21.119347314484326
            ], 
            [
                -3.0730469266652265
            ]
        ]
    }, 
    "image-00015.jpg": {
        "25.061000,121.646841": [
            [
                56.64605131744486
            ], 
            [
                -65.81998938316511
            ], 
            [
                -7.290534394397243
            ]
        ]
    }, 
    "image-00013.jpg": {
        "25.061025,121.646935": [
            [
                69.78479240455742
            ], 
            [
                -76.81920532351147
            ], 
            [
                -9.218529574664895
            ]
        ]
    }, 
    "image-00011.jpg": {
        "25.061061,121.647073": [
            [
                -4.084945320123473
            ], 
            [
                -77.3676621529661
            ], 
            [
                -1.5651800081502587
            ]
        ]
    }, 
    "image-00049.jpg": {
        "25.060875,121.646454": [
            [
                77.9854719439762
            ], 
            [
                148.02433766965186
            ], 
            [
                -12.714608778270627
            ]
        ]
    }, 
    "image-00005.jpg": {
        "25.061088,121.647172": [
            [
                -2.312460686697259
            ], 
            [
                -86.11768953859068
            ], 
            [
                -0.7181699064468019
            ]
        ]
    }, 
    "image-00060.jpg": {
        "25.060791,121.646202": [
            [
                -5.351381679036738
            ], 
            [
                46.54344539036476
            ], 
            [
                0.0830741228065115
            ]
        ]
    }, 
    "image-00007.jpg": {
        "25.061112,121.647271": [
            [
                71.38812766850387
            ], 
            [
                -90.66409128561686
            ], 
            [
                -18.947061136651293
            ]
        ]
    }, 
    "image-00051.jpg": {
        "25.060850,121.646379": [
            [
                -1.4710389430220734
            ], 
            [
                -11.336063729541678
            ], 
            [
                -2.575665777058921
            ]
        ]
    }, 
    "image-00010.jpg": {
        "25.061036,121.646978": [
            [
                71.35248732468578
            ], 
            [
                -104.22068228146433
            ], 
            [
                -41.15403748795393
            ]
        ]
    }
}