{"image-00085.jpg":{"24.839145,121.004377":[24.839258937573767,121.00427350200592]},"image-00103.jpg":{"24.839219,121.004209":[24.839215331001476,121.00421992086798]},"image-00090.jpg":{"24.839182,121.004293":[24.839183911499116,121.00437932615387]},"image-00098.jpg":{"24.839109,121.004461":[24.839346568752976,121.00349153111239]},"image-00050.jpg":{"24.838871,121.005005":[24.838889300440776,121.00497216972848]},"image-00073.jpg":{"24.839071,121.004548":[24.83905041003062,121.00462275199797]},"image-00025.jpg":{"24.838781,121.005217":[24.838731405139182,121.005216360406]}}