{
    "image-00085.jpg": {
        "24.839145,121.004377": [
            [
                -5.638044062778527
            ], 
            [
                -16.89779283300498
            ], 
            [
                1.4693878453372675
            ]
        ]
    }, 
    "image-00103.jpg": {
        "24.839219,121.004209": [
            [
                -0.8096098498141429
            ], 
            [
                -13.844213966168486
            ], 
            [
                -0.46479771370947726
            ]
        ]
    }, 
    "image-00090.jpg": {
        "24.839182,121.004293": [
            [
                -4.707750189094804
            ], 
            [
                5.752074861758564
            ], 
            [
                -2.735064227561865
            ]
        ]
    }, 
    "image-00098.jpg": {
        "24.839109,121.004461": [
            [
                20.301727979845353
            ], 
            [
                -96.49736616150551
            ], 
            [
                16.24134594835766
            ]
        ]
    }, 
    "image-00050.jpg": {
        "24.838871,121.005005": [
            [
                1.4465537381692686
            ], 
            [
                75.1283631340281
            ], 
            [
                -7.134577979211134
            ]
        ]
    }, 
    "image-00073.jpg": {
        "24.839071,121.004548": [
            [
                -0.7273179571346884
            ], 
            [
                34.01567007344511
            ], 
            [
                -1.8184129825376694
            ]
        ]
    }, 
    "image-00025.jpg": {
        "24.838781,121.005217": [
            [
                9.349639932312108
            ], 
            [
                99.43248831141516
            ], 
            [
                -1.2620432555890617
            ]
        ]
    }
}