{
    "image-00085.jpg": {
        "24.839145,121.004377": [
            [
                -6.872065991032326
            ], 
            [
                -14.911692875987574
            ], 
            [
                1.3732584663900855
            ]
        ]
    }, 
    "image-00103.jpg": {
        "24.839219,121.004209": [
            [
                -0.15543737997179718
            ], 
            [
                -17.674177007797482
            ], 
            [
                -0.2975835350691891
            ]
        ]
    }, 
    "image-00090.jpg": {
        "24.839182,121.004293": [
            [
                -3.998871289126154
            ], 
            [
                -1.6688241134862583
            ], 
            [
                -2.0604855393661756
            ]
        ]
    }, 
    "image-00098.jpg": {
        "24.839109,121.004461": [
            [
                18.64155090596771
            ], 
            [
                -90.21375277269318
            ], 
            [
                15.591949811283957
            ]
        ]
    }, 
    "image-00050.jpg": {
        "24.838871,121.005005": [
            [
                -0.491174718439332
            ], 
            [
                66.44607337035238
            ], 
            [
                -5.282060501466187
            ]
        ]
    }, 
    "image-00073.jpg": {
        "24.839071,121.004548": [
            [
                -1.3034977778397783
            ], 
            [
                26.905202958272973
            ], 
            [
                -1.2341364374458161
            ]
        ]
    }, 
    "image-00025.jpg": {
        "24.838781,121.005217": [
            [
                4.613471797394006
            ], 
            [
                96.26846441956232
            ], 
            [
                -0.896871886724127
            ]
        ]
    }
}