{
    "image-00078.jpg": {
        "24.993574,121.505400": [
            [
                -1.3371206037130945
            ], 
            [
                4.868439223480229
            ], 
            [
                -0.6219847426152708
            ]
        ]
    }, 
    "image-00082.jpg": {
        "24.993687,121.505040": [
            [
                25.07537071802173
            ], 
            [
                79.81290518458158
            ], 
            [
                -4.3702404213687505
            ]
        ]
    }, 
    "image-00079.jpg": {
        "24.993646,121.505196": [
            [
                30.98861884504411
            ], 
            [
                74.3206548566012
            ], 
            [
                -3.342492410130239
            ]
        ]
    }
}