{"image-00022.jpg":{"25.003237,121.468185":[25.00325599105997,121.46818970290809]},"image-00004.jpg":{"25.003185,121.468055":[25.003198107266268,121.46806202299405]},"image-00009.jpg":{"25.003203,121.468100":[25.0032143562832,121.46811146133504]},"image-00125.jpg":{"25.003304,121.468349":[25.00330561040004,121.46832090133157]},"image-00120.jpg":{"25.003271,121.468269":[25.0032896845049,121.46828857898615]}}