{
    "image-00022.jpg": {
        "25.003237,121.468185": [
            [
                -1.7764048343601107
            ], 
            [
                1.2362493123820526
            ], 
            [
                -1.081082356423368
            ]
        ]
    }, 
    "image-00004.jpg": {
        "25.003185,121.468055": [
            [
                -0.6752171743215558
            ], 
            [
                -13.10843265351271
            ], 
            [
                -0.8408722126835857
            ]
        ]
    }, 
    "image-00009.jpg": {
        "25.003203,121.468100": [
            [
                -0.4669511589908951
            ], 
            [
                -7.812908247943718
            ], 
            [
                -0.4275297039305347
            ]
        ]
    }, 
    "image-00125.jpg": {
        "25.003304,121.468349": [
            [
                -1.8927883193190418
            ], 
            [
                15.56223814797016
            ], 
            [
                -0.4512381032696433
            ]
        ]
    }, 
    "image-00120.jpg": {
        "25.003271,121.468269": [
            [
                -1.482992379226109
            ], 
            [
                11.87743265656283
            ], 
            [
                -0.34796356008915064
            ]
        ]
    }
}