{
    "image-00022.jpg": {
        "25.003237,121.468185": [
            [
                -0.8971215100607579
            ], 
            [
                -1.4985208007304203
            ], 
            [
                -1.2006227739324387
            ]
        ]
    }, 
    "image-00004.jpg": {
        "25.003185,121.468055": [
            [
                -0.06812544732100867
            ], 
            [
                -16.322666116239986
            ], 
            [
                -1.1752330225348668
            ]
        ]
    }, 
    "image-00009.jpg": {
        "25.003203,121.468100": [
            [
                0.12784929931918465
            ], 
            [
                -11.005417761730302
            ], 
            [
                -0.7368724964628341
            ]
        ]
    }, 
    "image-00125.jpg": {
        "25.003304,121.468349": [
            [
                -1.9765965786741249
            ], 
            [
                9.752108615009039
            ], 
            [
                -0.8010637802855236
            ]
        ]
    }, 
    "image-00120.jpg": {
        "25.003271,121.468269": [
            [
                -1.2973412585222124
            ], 
            [
                6.509337625528863
            ], 
            [
                -0.7958810968696685
            ]
        ]
    }
}