{"image-00055.jpg":{"25.049985,121.515093":[25.04998644319382,121.51510783464259]},"image-00065.jpg":{"25.050036,121.515109":[25.0499982041875,121.5151180779394]},"image-00122.jpg":{"25.050258,121.515169":[25.050102879856443,121.51510590680664]},"image-00125.jpg":{"25.050162,121.515144":[25.05011818430482,121.51513013200977]}}