{
    "image-00055.jpg": {
        "25.049985,121.515093": [
            [
                -1.4088421715112993
            ], 
            [
                -0.523530814719927
            ], 
            [
                -2.5699193770548776
            ]
        ]
    }, 
    "image-00065.jpg": {
        "25.050036,121.515109": [
            [
                -2.086890617567735
            ], 
            [
                -2.045122369826523
            ], 
            [
                -2.1828021387519185
            ]
        ]
    }, 
    "image-00122.jpg": {
        "25.050258,121.515169": [
            [
                1.967670770279013
            ], 
            [
                -13.024167805204316
            ], 
            [
                -1.20731467295708
            ]
        ]
    }, 
    "image-00125.jpg": {
        "25.050162,121.515144": [
            [
                0.021547835396739545
            ], 
            [
                -15.27448242757317
            ], 
            [
                -1.5055065908156275
            ]
        ]
    }
}