{
    "image-00055.jpg": {
        "25.049985,121.515093": [
            [
                -1.2466605637811259
            ], 
            [
                5.627962437249789
            ], 
            [
                -3.4114923550447243
            ]
        ]
    }, 
    "image-00065.jpg": {
        "25.050036,121.515109": [
            [
                -2.289101418617608
            ], 
            [
                4.037402153553048
            ], 
            [
                -2.9380722149182064
            ]
        ]
    }, 
    "image-00122.jpg": {
        "25.050258,121.515169": [
            [
                8.071006806041492
            ], 
            [
                -46.2789951384263
            ], 
            [
                1.6961495519073368
            ]
        ]
    }, 
    "image-00125.jpg": {
        "25.050162,121.515144": [
            [
                1.0821627776360583
            ], 
            [
                -8.025626093609837
            ], 
            [
                -2.1895496227963327
            ]
        ]
    }
}