{"image-00031.jpg":{"23.963322,120.965230":[23.96336185581827,120.96528930612462]},"image-00125.jpg":{"23.964251,120.966317":[23.96427297114441,120.96636761737673]},"image-00109.jpg":{"23.964025,120.966060":[23.964035895090884,120.96609553503271]},"image-00121.jpg":{"23.964199,120.966258":[23.96419402941996,120.96628006107447]},"image-00117.jpg":{"23.964144,120.966195":[23.964167846955963,120.96623272422704]},"image-00095.jpg":{"23.963831,120.965837":[23.963793700119584,120.96573292261058]},"image-00029.jpg":{"23.963257,120.965162":[23.963309365238054,120.96522176613115]},"image-00016.jpg":{"23.963166,120.965066":[23.963201362183433,120.96513220134318]},"image-00091.jpg":{"23.963789,120.965788":[23.96380189093872,120.96582294994417]},"image-00050.jpg":{"23.963479,120.965401":[23.963493171883417,120.9654261704887]},"image-00102.jpg":{"23.963891,120.965906":[23.963928592491598,120.96595342495095]},"image-00043.jpg":{"23.963406,120.965319":[23.963419270687055,120.96534677469037]},"image-00113.jpg":{"23.964086,120.966129":[23.964100125356218,120.96617262654117]},"image-00007.jpg":{"23.963106,120.965001":[23.963088123027664,120.96499560376415]},"image-00001.jpg":{"23.963027,120.964912":[23.96308530625234,120.96498345911925]}}