{
    "image-00031.jpg": {
        "23.963322,120.965230": [
            [
                0.9283025392499323
            ], 
            [
                7.422465233976012
            ], 
            [
                -0.736165201155394
            ]
        ]
    }, 
    "image-00125.jpg": {
        "23.964251,120.966317": [
            [
                2.757261984532642
            ], 
            [
                156.6393250967561
            ], 
            [
                0.6105786619797229
            ]
        ]
    }, 
    "image-00109.jpg": {
        "23.964025,120.966060": [
            [
                2.8755210272369767
            ], 
            [
                118.43932807210275
            ], 
            [
                -0.09268377076522594
            ]
        ]
    }, 
    "image-00121.jpg": {
        "23.964199,120.966258": [
            [
                3.0092524099269413
            ], 
            [
                144.1437999355664
            ], 
            [
                -0.43008800712315054
            ]
        ]
    }, 
    "image-00117.jpg": {
        "23.964144,120.966195": [
            [
                1.8139948423843473
            ], 
            [
                138.6499505759904
            ], 
            [
                -0.31045583445172387
            ]
        ]
    }, 
    "image-00095.jpg": {
        "23.963831,120.965837": [
            [
                -2.920568108589549
            ], 
            [
                73.1708961722998
            ], 
            [
                4.789511867743645
            ]
        ]
    }, 
    "image-00029.jpg": {
        "23.963257,120.965162": [
            [
                0.4442689582288705
            ], 
            [
                -1.5736609037205203
            ], 
            [
                -0.7840292113246778
            ]
        ]
    }, 
    "image-00016.jpg": {
        "23.963166,120.965066": [
            [
                2.9012920930299195
            ], 
            [
                -16.440126893000727
            ], 
            [
                -0.6920415879478968
            ]
        ]
    }, 
    "image-00091.jpg": {
        "23.963789,120.965788": [
            [
                2.710597399254824
            ], 
            [
                80.43719408696803
            ], 
            [
                0.3971537676814021
            ]
        ]
    }, 
    "image-00050.jpg": {
        "23.963479,120.965401": [
            [
                -0.10444526923182584
            ], 
            [
                27.560562963998084
            ], 
            [
                -0.5748130093361334
            ]
        ]
    }, 
    "image-00102.jpg": {
        "23.963891,120.965906": [
            [
                1.6036144404575576
            ], 
            [
                99.75105567632379
            ], 
            [
                -0.7037483146975698
            ]
        ]
    }, 
    "image-00043.jpg": {
        "23.963406,120.965319": [
            [
                0.3109632860792458
            ], 
            [
                16.052420370412438
            ], 
            [
                -0.8023160379930487
            ]
        ]
    }, 
    "image-00113.jpg": {
        "23.964086,120.966129": [
            [
                3.0795248928612837
            ], 
            [
                129.03778223594813
            ], 
            [
                -1.2553977327689942
            ]
        ]
    }, 
    "image-00007.jpg": {
        "23.963106,120.965001": [
            [
                2.4936252364444673
            ], 
            [
                -35.17594809106821
            ], 
            [
                0.4283834335241252
            ]
        ]
    }, 
    "image-00001.jpg": {
        "23.963027,120.964912": [
            [
                1.872137104357415
            ], 
            [
                -36.28710519165906
            ], 
            [
                0.03189274942217191
            ]
        ]
    }
}