{
    "image-00031.jpg": {
        "23.963322,120.965230": [
            [
                0.1871977812542424
            ], 
            [
                1.1078221667826769
            ], 
            [
                -0.03273217450087218
            ]
        ]
    }, 
    "image-00113.jpg": {
        "23.964086,120.966129": [
            [
                1.370296740143965
            ], 
            [
                123.01979205404989
            ], 
            [
                -0.8661296110359782
            ]
        ]
    }, 
    "image-00125.jpg": {
        "23.964251,120.966317": [
            [
                1.920645151537172
            ], 
            [
                151.57274674131847
            ], 
            [
                -0.0444615224757241
            ]
        ]
    }, 
    "image-00109.jpg": {
        "23.964025,120.966060": [
            [
                1.2758801220909168
            ], 
            [
                112.75804615297932
            ], 
            [
                -0.3584418714368862
            ]
        ]
    }, 
    "image-00121.jpg": {
        "23.964199,120.966258": [
            [
                2.487976306194672
            ], 
            [
                141.0131404606384
            ], 
            [
                -0.6765580375256786
            ]
        ]
    }, 
    "image-00117.jpg": {
        "23.964144,120.966195": [
            [
                1.379821522263686
            ], 
            [
                132.26173349686738
            ], 
            [
                -0.6155147378160573
            ]
        ]
    }, 
    "image-00095.jpg": {
        "23.963831,120.965837": [
            [
                -2.723773668786425
            ], 
            [
                68.18317360529376
            ], 
            [
                2.983917147332207
            ]
        ]
    }, 
    "image-00029.jpg": {
        "23.963257,120.965162": [
            [
                0.5064469751323593
            ], 
            [
                -5.686840501425437
            ], 
            [
                -0.7612819483698685
            ]
        ]
    }, 
    "image-00050.jpg": {
        "23.963479,120.965401": [
            [
                -0.10373219434563419
            ], 
            [
                24.584726870061424
            ], 
            [
                -0.5691201381872446
            ]
        ]
    }, 
    "image-00091.jpg": {
        "23.963789,120.965788": [
            [
                1.4012721700240962
            ], 
            [
                74.98086479810911
            ], 
            [
                -0.3637435336074084
            ]
        ]
    }, 
    "image-00043.jpg": {
        "23.963406,120.965319": [
            [
                0.5891619703065604
            ], 
            [
                12.038430776430449
            ], 
            [
                -0.9933827943589324
            ]
        ]
    }, 
    "image-00102.jpg": {
        "23.963891,120.965906": [
            [
                1.82756311743683
            ], 
            [
                96.77229921201116
            ], 
            [
                -0.6137260895504584
            ]
        ]
    }, 
    "image-00016.jpg": {
        "23.963166,120.965066": [
            [
                2.2255074080310564
            ], 
            [
                -22.801514674090516
            ], 
            [
                -0.5747988103394358
            ]
        ]
    }, 
    "image-00007.jpg": {
        "23.963106,120.965001": [
            [
                2.044800097602425
            ], 
            [
                -39.81544025590225
            ], 
            [
                0.6611286238790908
            ]
        ]
    }, 
    "image-00001.jpg": {
        "23.963027,120.964912": [
            [
                1.7301336358196329
            ], 
            [
                -42.11632939696311
            ], 
            [
                0.11023217391454843
            ]
        ]
    }
}