{
    "image-00019.jpg": {
        "25.024801,121.469093": [
            [
                13.615051645585602
            ], 
            [
                46.27352406448308
            ], 
            [
                5.089495639774553
            ]
        ]
    }, 
    "image-00025.jpg": {
        "25.024950,121.469165": [
            [
                2.679099000526112
            ], 
            [
                32.321616247288276
            ], 
            [
                -1.835961742451083
            ]
        ]
    }, 
    "image-00018.jpg": {
        "25.024834,121.469109": [
            [
                7.347824157729702
            ], 
            [
                25.616840454746338
            ], 
            [
                -1.0466774557079637
            ]
        ]
    }
}