{
    "image-00085.jpg": {
        "22.331007,120.892469": [
            [
                0.9839667533476208
            ], 
            [
                -0.33056327871252933
            ], 
            [
                0.5906253811677452
            ]
        ]
    }, 
    "image-00092.jpg": {
        "22.330896,120.892410": [
            [
                -22.33488694000819
            ], 
            [
                -75.30971341194274
            ], 
            [
                -8.601267311466891
            ]
        ]
    }, 
    "image-00067.jpg": {
        "22.331765,120.893019": [
            [
                -31.62678847334568
            ], 
            [
                -76.37480858300715
            ], 
            [
                -8.22252342517561
            ]
        ]
    }, 
    "image-00079.jpg": {
        "22.331228,120.892602": [
            [
                -12.983260998937238
            ], 
            [
                -14.689429440574425
            ], 
            [
                -2.1330530372147605
            ]
        ]
    }, 
    "image-00095.jpg": {
        "22.330674,120.892301": [
            [
                5.929977870767002
            ], 
            [
                -47.73614546728071
            ], 
            [
                -0.5097132236166986
            ]
        ]
    }, 
    "image-00076.jpg": {
        "22.331447,120.892766": [
            [
                -28.827011375483842
            ], 
            [
                -63.81765141233045
            ], 
            [
                -11.192155907644198
            ]
        ]
    }, 
    "image-00082.jpg": {
        "22.331118,120.892534": [
            [
                -2.0017900728234057
            ], 
            [
                11.037265815020644
            ], 
            [
                0.5361000419262427
            ]
        ]
    }, 
    "image-00100.jpg": {
        "22.330548,120.892260": [
            [
                7.9297386378674934
            ], 
            [
                -58.711338224796535
            ], 
            [
                -0.46452973427958555
            ]
        ]
    }, 
    "image-00077.jpg": {
        "22.331332,120.892680": [
            [
                -1.0226680215877124
            ], 
            [
                38.28605769224769
            ], 
            [
                -0.17487374209337103
            ]
        ]
    }, 
    "image-00098.jpg": {
        "22.330622,120.892279": [
            [
                6.005749262182613
            ], 
            [
                -51.536019401697125
            ], 
            [
                0.4654662591550869
            ]
        ]
    }
}