{
    "image-00055.jpg": {
        "24.114370,120.654198": [
            [
                1.5557749222931203
            ], 
            [
                -3.5667239368221053
            ], 
            [
                0.02702918765846729
            ]
        ]
    }, 
    "image-00083.jpg": {
        "24.114117,120.653879": [
            [
                2.098411722304636
            ], 
            [
                38.10490179634334
            ], 
            [
                -0.5221119285448275
            ]
        ]
    }, 
    "image-00072.jpg": {
        "24.114251,120.654048": [
            [
                -0.23601472210141172
            ], 
            [
                21.720600207694417
            ], 
            [
                -1.4337076965193942
            ]
        ]
    }, 
    "image-00079.jpg": {
        "24.114178,120.653956": [
            [
                0.4610175610913205
            ], 
            [
                33.555027230921844
            ], 
            [
                -0.8776171032304125
            ]
        ]
    }, 
    "image-00113.jpg": {
        "24.113995,120.653726": [
            [
                -0.8077724497603143
            ], 
            [
                65.21555007834763
            ], 
            [
                0.44213369559402693
            ]
        ]
    }, 
    "image-00077.jpg": {
        "24.114202,120.653986": [
            [
                2.38745001984444
            ], 
            [
                31.77938491622511
            ], 
            [
                -0.5918053732431199
            ]
        ]
    }
}