{"image-00085.jpg":{"25.002485,121.464130":[25.00235712019173,121.46352991956704]},"image-00103.jpg":{"25.002413,121.463716":[25.00242789279015,121.4637509182125]},"image-00092.jpg":{"25.002470,121.464031":[25.002523181548792,121.46402627995874]},"image-00070.jpg":{"25.002510,121.464305":[25.00252147185312,121.4642293254883]},"image-00061.jpg":{"25.002524,121.464402":[25.002530853275758,121.46434356854297]},"image-00029.jpg":{"25.002568,121.464674":[25.002571778491355,121.46463233502722]},"image-00045.jpg":{"25.002550,121.464566":[25.00255728405673,121.46453161071565]},"image-00105.jpg":{"25.002443,121.463876":[25.00245623811765,121.46383335746854]},"image-00077.jpg":{"25.002498,121.464222":[25.002513671961566,121.46416872274585]},"image-00003.jpg":{"25.002600,121.464863":[25.002612715436715,121.46479476811002]},"image-00035.jpg":{"25.002541,121.464513":[25.002557936717203,121.46456459784746]},"image-00107.jpg":{"25.002425,121.463781":[25.002445321971027,121.46379163746153]},"image-00009.jpg":{"25.002584,121.464772":[25.002598435553995,121.46474932938969]}}