{
    "image-00085.jpg": {
        "25.002485,121.464130": [
            [
                5.1827353992065675
            ], 
            [
                -63.12373221225194
            ], 
            [
                -1.8211000164293691
            ]
        ]
    }, 
    "image-00103.jpg": {
        "25.002413,121.463716": [
            [
                -3.841800720054567
            ], 
            [
                -23.282786932675084
            ], 
            [
                0.07427832395011447
            ]
        ]
    }, 
    "image-00092.jpg": {
        "25.002470,121.464031": [
            [
                -5.636519845838745
            ], 
            [
                -6.903317972246726
            ], 
            [
                0.7545252376386107
            ]
        ]
    }, 
    "image-00070.jpg": {
        "25.002510,121.464305": [
            [
                -1.9253422726548397
            ], 
            [
                16.099887858347135
            ], 
            [
                -0.4165126180856995
            ]
        ]
    }, 
    "image-00061.jpg": {
        "25.002524,121.464402": [
            [
                -2.8013270753306463
            ], 
            [
                27.713877852793622
            ], 
            [
                -1.13221693360024
            ]
        ]
    }, 
    "image-00029.jpg": {
        "25.002568,121.464674": [
            [
                -1.9537621261881657
            ], 
            [
                56.7226488726244
            ], 
            [
                -2.0649897205070578
            ]
        ]
    }, 
    "image-00009.jpg": {
        "25.002584,121.464772": [
            [
                -0.5139994705593901
            ], 
            [
                71.38672763214441
            ], 
            [
                -0.010198231988324036
            ]
        ]
    }, 
    "image-00105.jpg": {
        "25.002443,121.463876": [
            [
                -1.724855888677474
            ], 
            [
                -26.173526530818773
            ], 
            [
                -2.2123015152286127
            ]
        ]
    }, 
    "image-00077.jpg": {
        "25.002498,121.464222": [
            [
                -2.6303383408453276
            ], 
            [
                8.588545299609695
            ], 
            [
                -1.2133712945383164
            ]
        ]
    }, 
    "image-00003.jpg": {
        "25.002600,121.464863": [
            [
                -0.894161900446734
            ], 
            [
                74.81339020802417
            ], 
            [
                0.08819768871698885
            ]
        ]
    }, 
    "image-00035.jpg": {
        "25.002541,121.464513": [
            [
                -2.2470839016075654
            ], 
            [
                51.10981543299087
            ], 
            [
                -0.5817249968473333
            ]
        ]
    }, 
    "image-00107.jpg": {
        "25.002425,121.463781": [
            [
                -2.226845460683668
            ], 
            [
                -29.262075016176198
            ], 
            [
                -1.329019895408538
            ]
        ]
    }, 
    "image-00045.jpg": {
        "25.002550,121.464566": [
            [
                -1.7907556165567502
            ], 
            [
                45.26681495330158
            ], 
            [
                -1.8450857846023583
            ]
        ]
    }
}