{
    "image-00085.jpg": {
        "25.002485,121.464130": [
            [
                3.9876396036055155
            ], 
            [
                -61.99418338185716
            ], 
            [
                -1.4561649490393267
            ]
        ]
    }, 
    "image-00103.jpg": {
        "25.002413,121.463716": [
            [
                -0.07714170716834712
            ], 
            [
                -38.72598452914104
            ], 
            [
                -0.028256560018676602
            ]
        ]
    }, 
    "image-00092.jpg": {
        "25.002470,121.464031": [
            [
                -5.921168495750613
            ], 
            [
                -9.602958299715791
            ], 
            [
                1.4067225015960552
            ]
        ]
    }, 
    "image-00070.jpg": {
        "25.002510,121.464305": [
            [
                -2.338324139128437
            ], 
            [
                10.543686928685906
            ], 
            [
                -0.9048960045070457
            ]
        ]
    }, 
    "image-00061.jpg": {
        "25.002524,121.464402": [
            [
                -1.456646805845657
            ], 
            [
                22.06999396661449
            ], 
            [
                -0.731638376065925
            ]
        ]
    }, 
    "image-00029.jpg": {
        "25.002568,121.464674": [
            [
                -1.1155019916078288
            ], 
            [
                51.52204117818833
            ], 
            [
                -1.4146660648036506
            ]
        ]
    }, 
    "image-00045.jpg": {
        "25.002550,121.464566": [
            [
                -1.2104357603340956
            ], 
            [
                41.2448573101361
            ], 
            [
                -1.6229121830818871
            ]
        ]
    }, 
    "image-00105.jpg": {
        "25.002443,121.463876": [
            [
                -1.8067135229408513
            ], 
            [
                -30.01033875188639
            ], 
            [
                -1.642070302806514
            ]
        ]
    }, 
    "image-00077.jpg": {
        "25.002498,121.464222": [
            [
                -2.4964478544121693
            ], 
            [
                4.377210260326176
            ], 
            [
                -1.0796798338365243
            ]
        ]
    }, 
    "image-00003.jpg": {
        "25.002600,121.464863": [
            [
                -2.888211760548793
            ], 
            [
                68.41959415233771
            ], 
            [
                -0.14352969332179955
            ]
        ]
    }, 
    "image-00035.jpg": {
        "25.002541,121.464513": [
            [
                -0.7303952127885278
            ], 
            [
                44.53509044990624
            ], 
            [
                -0.6435169437619441
            ]
        ]
    }, 
    "image-00107.jpg": {
        "25.002425,121.463781": [
            [
                -1.3073824858252174
            ], 
            [
                -34.35779933552601
            ], 
            [
                -0.8492809433832476
            ]
        ]
    }, 
    "image-00009.jpg": {
        "25.002584,121.464772": [
            [
                -2.0821866846217723
            ], 
            [
                63.64052207561679
            ], 
            [
                -0.43399801980428276
            ]
        ]
    }
}