{
    "image-00079.jpg": {
        "25.048104,121.565533": [
            [
                -0.13354584320252322
            ], 
            [
                -2.9570669892566004
            ], 
            [
                0.17274551123996798
            ]
        ]
    }, 
    "image-00074.jpg": {
        "25.048131,121.565607": [
            [
                -0.37223026949675947
            ], 
            [
                -3.5462792288412386
            ], 
            [
                -1.2101930078985408
            ]
        ]
    }, 
    "image-00076.jpg": {
        "25.048083,121.565475": [
            [
                0.6998499355409512
            ], 
            [
                -6.204514914356807
            ], 
            [
                0.08168303067260616
            ]
        ]
    }
}